return-date,order-id,sku,asin,fnsku,product-name,quantity,fulfillment-center-id,detailed-disposition,reason,license-plate-number,customer-comments
2026-08-29T04:59:57+00:00,404-0052213-1843572,FBA79933,B0FTMM455Z,X002FTVTHZ,Fossil Raquel Gold Quartz Stainless Steel Watch ES5452,1,BOM4,SELLABLE,UNDELIVERABLE_REFUSED,LPNCCX1B5517207,
2026-08-29T04:31:58+00:00,402-9270630-5214760,FBA79868,B0FFD4KBM7,X002E9IE9R,Armani Exchange Blue Quartz Stainless Steel Watch AX5730,1,DEL2,SELLABLE,UNDELIVERABLE_REFUSED,LPNDEL2R91505253,
2026-08-29T03:57:10+00:00,171-6340317-8745958,FBS79625,B0DKJH623H,X00284EZEV,Armani Exchange Gold Watch AX2461,1,BLR5,SELLABLE,DID_NOT_LIKE_COLOR,LPNBLR5O6731704,
2026-08-29T03:48:22+00:00,408-6786423-2725927,FBS66974,B008AXYWHQ,X00284E6DB,Fossil Nate Chronograph Analog Black Dial Grey Band Men's Stainless Steel Watch - JR1401,1,BOM4,SELLABLE,UNDELIVERABLE_REFUSED,LPNBOM4N45944099,
2026-08-29T03:42:11+00:00,405-1772577-9939522,FBA76904,B0BFXSX4JZ,X001OHHZMH,Armani Exchange Analog Men's Watch with Black Dial and Multi Colored Strap,1,DEL2,SELLABLE,UNDELIVERABLE_REFUSED,LPNDEL2R91969285,
2026-08-29T03:37:28+00:00,407-5922940-0238735,FBO67803,B01487C7CO,X001Q1WUY9,Fossil Analog Brown Dial Men's Leather Band Watch - ME3098,1,BLR5,SELLABLE,APPAREL_STYLE,LPNBLR5O5807011,Product doesn&#39;t look good
2026-08-28T13:29:25+00:00,405-7452339-1695501,FBS79031,B0C89RHY4W,X002844ZQ9,Fossil Analog White Dial Women's Watch-Es5306 - Stainless Steel,1,BLR5,SELLABLE,UNWANTED_ITEM,LPNBLR5O5378341,
2026-08-28T11:25:04+00:00,408-1307890-6485940,FBA79018,B0C77PPS9S,X001UY0N7X,Fossil Analog White Dial Women's Watch-Es5310 - Leather,1,BOM4,CUSTOMER_DAMAGED,APPAREL_STYLE,LPNBOM4N46061265,
2026-08-28T05:40:06+00:00,406-0543258-0008319,FBS67801,B00HVBJ6W4,X00284BSYV,Fossil Riley Analog White & Beige Dial Women's Watch -ES3466,1,CCX1,SELLABLE,QUALITY_UNACCEPTABLE,LPNCCX1B5797124,
2026-08-28T04:06:09+00:00,171-9267659-5966754,FBS66987,B017SN1OI8,X002844YM9,Fossil Analog Blue Dial Men's Watch - FS5151,1,BLR5,SELLABLE,UNDELIVERABLE_REFUSED,LPNBLR5O2383789,
2026-08-28T03:56:47+00:00,171-8261780-5608366,FBA79418,B0CYMWQCKL,X002164W7V,"Emporio Armani Leather Analog Beige Dial Men's Watch-Ar11610, Band Color-Brown",1,CCX1,SELLABLE,APPAREL_TOO_SMALL,LPNCCX1B5787744,
2026-08-28T03:49:15+00:00,408-5816805-3780369,FBS66974,B008AXYWHQ,X00284E6DB,Fossil Nate Chronograph Analog Black Dial Grey Band Men's Stainless Steel Watch - JR1401,1,BLR5,SELLABLE,QUALITY_UNACCEPTABLE,LPNBLR5O2407556,
2026-08-27T20:17:26+00:00,406-7198631-1448342,FBS66636,B004D4S7AY,X002844YSN,Fossil Analog Gold Dial Women's Watch - ES2811,1,BLR5,SELLABLE,UNDELIVERABLE_REFUSED,LPNBLR5O3982492,
2026-08-27T19:02:43+00:00,404-3364740-5141132,FBS79643,B0DJ2XNSD2,X00284AJAP,Fossil Men's Townsman Brown Analog Automatic Leather Watch ME3266,1,BLR5,CUSTOMER_DAMAGED,QUALITY_UNACCEPTABLE,LPNBLR5O5667165,
2026-08-27T17:04:11+00:00,406-1577331-1716350,FBS74257,B079XB5RXH,X00284BSYB,Michael Kors Ritz Analogue Women's Watch (Rose Gold Dial Rose Gold Colored Strap),1,BLR5,SELLABLE,QUALITY_UNACCEPTABLE,LPNBLR5O7196714,
2026-08-27T16:40:11+00:00,407-0985818-5206761,FBA79882,B0FCVPBY7Y,X002E9CN8Z,Fossil Grant Multicolor Quartz Stainless Steel Watch FS6131,1,BOM4,CUSTOMER_DAMAGED,FOUND_BETTER_PRICE,LPNBOM4N46214121,
2026-08-27T14:37:38+00:00,403-2992401-6418765,FBO69595,B07CSNG8XL,X001Q1Z2U3,Fossil Carlie Analog White Dial Women's Watch - ES4433,1,BOM4,SELLABLE,DID_NOT_LIKE_COLOR,LPNBOM4N46896838,Did not liked the colout
2026-08-27T12:18:40+00:00,405-9162568-2428304,FBS67801,B00HVBJ6W4,X00284BSYV,Fossil Riley Analog White & Beige Dial Women's Watch -ES3466,1,DEL2,SELLABLE,UNDELIVERABLE_REFUSED,LPNDEL2R90919157,
2026-08-27T11:05:33+00:00,408-2341788-5388305,FBA80095,B0CHXGWVZJ,X002JE5GOD,"Armani Exchange Stainless Steel Analog Green Dial Men Watch-Ax1746, Gold Band",1,BLR5,SELLABLE,APPAREL_STYLE,LPNBLR5O7196656,I ordered it for my dad. He said he have a similar chain watch. Try to find something different
2026-08-27T10:25:33+00:00,404-2407859-1074755,FBS66974,B008AXYWHQ,X00284E6DB,Fossil Nate Chronograph Analog Black Dial Grey Band Men's Stainless Steel Watch - JR1401,1,DEL2,CUSTOMER_DAMAGED,QUALITY_UNACCEPTABLE,LPNDEL2R90597241,
2026-08-27T10:15:28+00:00,403-0284022-7150760,FBA79935,B0FTK3KCY6,X002FTXNC9,Fossil Campbell Silver Quartz Stainless Steel Watch FS6140,1,DEL2,SELLABLE,APPAREL_TOO_LARGE,LPNDEL2R92219191,Size large please refund
2026-08-27T08:57:57+00:00,407-3423355-1960368,FBA79748,B0DSBSGK17,X0029WWIJL,Fossil Everett Two Tone Watch FS6106,1,DEL2,SELLABLE,APPAREL_TOO_LARGE,LPNDEL2R92268765,
2026-08-27T08:50:20+00:00,408-7403714-5473118,FBA79940,B0FTK1RVG8,X002FTZH0P,Fossil Crosby Brown Quartz Leather Watch FS6150,1,DEL2,SELLABLE,APPAREL_STYLE,LPNDEL2R90597223,Doesn’t look good on me. It’s too bold.
2026-08-27T08:20:03+00:00,171-3451189-9326733,FBA79929,B0FTMLYC74,X002FTZ7NR,Fossil Carlie Multicolor Quartz Stainless Steel Watch ES5439,1,BLR5,SELLABLE,APPAREL_TOO_LARGE,LPNBLR5O4249485,
2026-08-27T04:43:00+00:00,406-5221501-1581152,FBS74251,B01GZZYSRO,X00284B1LL,Emporio Armani Analog Blue Dial Men's Watch-Ar1979 - Stainless Steel,1,DEL2,CUSTOMER_DAMAGED,QUALITY_UNACCEPTABLE,LPNDEL2R90968886,
2026-08-27T03:40:34+00:00,405-3794798-2234702,FBA79882,B0FCVPBY7Y,X002E9CN8Z,Fossil Grant Multicolor Quartz Stainless Steel Watch FS6131,1,BOM4,SELLABLE,UNDELIVERABLE_REFUSED,LPNBOM4N46175826,
2026-08-26T16:05:38+00:00,171-1916166-0692324,FBO67803,B01487C7CO,X001Q1WUY9,Fossil Analog Brown Dial Men's Leather Band Watch - ME3098,1,BOM4,DEFECTIVE,QUALITY_UNACCEPTABLE,LPNBOM4N46670895,Stops working in between.
2026-08-26T14:49:46+00:00,408-6835971-0052327,FBO69595,B07CSNG8XL,X001Q1Z2U3,Fossil Carlie Analog White Dial Women's Watch - ES4433,1,BOM4,SELLABLE,DID_NOT_LIKE_COLOR,LPNBOM4N46699378,
2026-08-26T13:56:28+00:00,403-0074598-6340308,FBO66964,B00WM0CF4A,X001Q1U05P,Fossil Women's ES3843 Jacqueline Analog Quartz Blue Watch,1,BOM4,CUSTOMER_DAMAGED,MISSED_ESTIMATED_DELIVERY,LPNBOM4N44830789,
2026-08-26T10:51:41+00:00,404-8306037-3600326,FBA79929,B0FTMLYC74,X002FTZ7NR,Fossil Carlie Multicolor Quartz Stainless Steel Watch ES5439,1,DEL2,SELLABLE,APPAREL_STYLE,LPNDEL2R92421845,I expected something else but it looked different from live.
2026-08-26T10:44:48+00:00,403-6641911-4979512,FBO70527,B00NVAWTLY,X001Q1Z6AJ,"Fossil Nate Analog Black Dial Men's Watch-JR1487 Genuine Leather, Brown Strap",1,BLR5,SELLABLE,APPAREL_TOO_LARGE,LPNBLR5O4252017,
2026-08-26T10:41:15+00:00,402-3968902-8481156,FBS66636,B004D4S7AY,X002844YSN,Fossil Analog Gold Dial Women's Watch - ES2811,1,CCX1,SELLABLE,APPAREL_STYLE,LPNCCX1B5836826,Not fiiting well . Also the product is heavier for me.
2026-08-26T07:40:49+00:00,171-7682400-4884330,FBA79882,B0FCVPBY7Y,X002E9CN8Z,Fossil Grant Multicolor Quartz Stainless Steel Watch FS6131,1,DEL2,SELLABLE,UNDELIVERABLE_REFUSED,LPNDEL2R90918308,
2026-08-26T07:32:37+00:00,402-8289662-8045964,FBS66974,B008AXYWHQ,X00284E6DB,Fossil Nate Chronograph Analog Black Dial Grey Band Men's Stainless Steel Watch - JR1401,1,CCX1,SELLABLE,RECALL,LPNCCX1B5836952,
2026-08-26T07:13:43+00:00,171-9058454-9495542,FBS66636,B004D4S7AY,X002844YSN,Fossil Analog Gold Dial Women's Watch - ES2811,1,BLR5,SELLABLE,UNDELIVERABLE_REFUSED,LPNBLR5P4524713,
2026-08-26T06:38:21+00:00,403-5851843-0487516,FBS67801,B00HVBJ6W4,X00284BSYV,Fossil Riley Analog White & Beige Dial Women's Watch -ES3466,1,BLR5,SELLABLE,UNDELIVERABLE_REFUSED,LPNBLR5O3996882,
2026-08-26T04:20:49+00:00,408-9837369-4264352,FBA79931,B0FTMMNCK7,X002FTW62R,Fossil Sloan Gold Quartz Stainless Steel Watch ES5444,1,BOM4,SELLABLE,QUALITY_UNACCEPTABLE,LPNBOM4N46185167,There is a red paint in one hand of the watch.
2026-08-26T04:19:13+00:00,171-3173507-4609956,FBS74972,B09GYQ4RS7,X002844X4N,Fossil Everett Analog Gray Dial Men's Stainless Steel Watch-Me3206,1,DEL2,SELLABLE,SWITCHEROO,LPNDEL2R90797982,
2026-08-25T12:53:50+00:00,405-6266293-5122727,FBS66974,B008AXYWHQ,X00284E6DB,Fossil Nate Chronograph Analog Black Dial Grey Band Men's Stainless Steel Watch - JR1401,1,DEL4,SELLABLE,UNDELIVERABLE_REFUSED,LPNDEL4AA3671112,
2026-08-25T12:41:30+00:00,407-6742985-8554755,FBO66963,B00AG37H8Y,X001Q1V7N9,"Fossil Analog White Dial Men's Watch-FS4795 Stainless Steel, Multicolor Strap",1,DEL2,SELLABLE,UNDELIVERABLE_REFUSED,LPNDEL2R87375757,
2026-08-25T12:14:53+00:00,171-1429445-9972361,FBS74343,B08SW1LBDF,X00284BSJB,Diesel Silicone Mega Chief Analog-Digital Black Dial Men's Watch-Dz4548,1,DEL2,SELLABLE,NEVER_ARRIVED,LPNDEL2R88583351,
2026-08-25T11:56:13+00:00,405-7414431-7897913,FBO67811,B06VV5QB6Q,X001Q1TZWJ,"Fossil Analog Black Dial Men's Watch-FS5308 Stainless Steel, Black Strap",1,DEL2,SELLABLE,UNDELIVERABLE_REFUSED,LPNDEL2R90447632,
2026-08-25T11:49:11+00:00,403-6871977-2108349,FBS70827,B07MM5MH6F,X002844YU1,"Fossil Watch, Black, Free Size, (FS5512)",1,DEL2,SELLABLE,UNDELIVERABLE_REFUSED,LPNDEL2R85571191,
2026-08-25T11:43:37+00:00,406-8311500-3961167,FBO76876,B0769YW2KN,X001Q1V7JN,"Fossil Analog Black Dial Men's Watch - ME3154, Brown, Free Size",1,BLR5,SELLABLE,UNDELIVERABLE_REFUSED,LPNBLR5P4276079,
2026-08-25T11:28:48+00:00,404-2030769-5335524,FBS79637,B0DC64BD5R,X00284BXJL,Fossil Sport Tourer Black Quartz Leather Watch FS6086,1,BLR5,SELLABLE,UNDELIVERABLE_REFUSED,LPNBLR5O2404336,
2026-08-25T11:08:43+00:00,408-3436132-8201910,FBS74343,B08SW1LBDF,X00284BSJB,Diesel Silicone Mega Chief Analog-Digital Black Dial Men's Watch-Dz4548,1,BLR5,SELLABLE,UNDELIVERABLE_REFUSED,LPNBLR5O5517250,
2026-08-25T10:53:14+00:00,408-9179743-2757162,FBA80225,B0GTC9PS5Z,X002MRH89D,Armani Exchange Na Gold Quartz Stainless Steel Watch AX7178SET,1,CCX1,SELLABLE,APPAREL_STYLE,LPNCCX1B5831066,It is a male watch. I order it for my wife. And it was not mentioned also
2026-08-25T07:26:49+00:00,408-1896923-4378767,FBA79940,B0FTK1RVG8,X002FTZH0P,Fossil Crosby Brown Quartz Leather Watch FS6150,1,DEL2,CARRIER_DAMAGED,UNDELIVERABLE_REFUSED,LPNDEL2R88248205,
2026-08-25T05:40:45+00:00,408-4007064-0133912,FBA80118,B07WGWGMBM,X002KPVYXN,Fossil Analog Blue Dial Men's Watch - FS5661,1,BOM4,SELLABLE,QUALITY_UNACCEPTABLE,LPNBOM4N46047297,
2026-08-25T03:48:17+00:00,171-0001930-1374728,FBO67803,B01487C7CO,X001Q1WUY9,Fossil Analog Brown Dial Men's Leather Band Watch - ME3098,1,BLR5,CUSTOMER_DAMAGED,DEFECTIVE,LPNBLR5O0828508,
2026-08-25T03:29:56+00:00,403-6485433-1277924,FBA80118,B07WGWGMBM,X002KPVYXN,Fossil Analog Blue Dial Men's Watch - FS5661,1,BLR5,SELLABLE,QUALITY_UNACCEPTABLE,LPNBLR5O6422079,
2026-08-24T22:43:56+00:00,404-7141538-2857132,FBA79930,B0FS5QZRYB,X002FTXN65,Fossil Scarlette 2-Tone Watch ES5443,1,BLR5,SELLABLE,UNDELIVERABLE_REFUSED,LPNBLR5O6206524,
2026-08-24T18:01:12+00:00,407-9572750-6277947,FBS66974,B008AXYWHQ,X00284E6DB,Fossil Nate Chronograph Analog Black Dial Grey Band Men's Stainless Steel Watch - JR1401,1,AMD2,DAMAGED,UNDELIVERABLE_UNKNOWN,LPNAMD2M4068486,
2026-08-24T11:04:08+00:00,404-1630048-7207527,FBO67811,B06VV5QB6Q,X001Q1TZWJ,"Fossil Analog Black Dial Men's Watch-FS5308 Stainless Steel, Black Strap",1,BOM4,CUSTOMER_DAMAGED,APPAREL_STYLE,LPNBOM4N45713424,
2026-08-24T10:42:27+00:00,171-7858594-2502736,FBA80093,B00H2ZDX00,X002J9G82H,Fossil End of Season Dean Analog Off-White Dial Men's Watch - FS4867,1,DEL2,SELLABLE,SWITCHEROO,LPNDEL2R88275710,
2026-08-24T09:46:23+00:00,405-2840058-1241964,FBS66974,B008AXYWHQ,X00284E6DB,Fossil Nate Chronograph Analog Black Dial Grey Band Men's Stainless Steel Watch - JR1401,1,BOM4,SELLABLE,RECALL,LPNBOM4N44080815,
2026-08-24T09:18:39+00:00,407-1087405-0030732,FBA79929,B0FTMLYC74,X002FTZ7NR,Fossil Carlie Multicolor Quartz Stainless Steel Watch ES5439,1,DEL2,SELLABLE,UNDELIVERABLE_REFUSED,LPNDEL2R92268459,
2026-08-24T08:42:34+00:00,407-4588758-2277921,FBO67811,B06VV5QB6Q,X001Q1TZWJ,"Fossil Analog Black Dial Men's Watch-FS5308 Stainless Steel, Black Strap",1,DEL2,SELLABLE,UNDELIVERABLE_UNKNOWN,LPNDEL2R88275596,
2026-08-24T08:13:42+00:00,402-8292499-8585903,FBS66974,B008AXYWHQ,X00284E6DB,Fossil Nate Chronograph Analog Black Dial Grey Band Men's Stainless Steel Watch - JR1401,1,BLR5,SELLABLE,UNDELIVERABLE_REFUSED,LPNBLR5O6223563,
2026-08-24T06:11:27+00:00,406-0939221-3166702,FBS66974,B008AXYWHQ,X00284E6DB,Fossil Nate Chronograph Analog Black Dial Grey Band Men's Stainless Steel Watch - JR1401,1,BLR5,SELLABLE,QUALITY_UNACCEPTABLE,LPNBLR5O6731078,
2026-08-24T04:30:51+00:00,403-2291288-3562702,FBS73952,B00EVZ83J0,X00284AOPP,"Fossil Decker Brown Watch Ch2885 - Chronograph, Men, Leather",1,BOM4,SELLABLE,UNDELIVERABLE_REFUSED,LPNBOM4N46993229,
2026-08-24T03:58:26+00:00,408-3502060-6667522,FBA79888,B0FKBWS861,X002E9F6TD,Michael Kors Georgie Gold Quartz Stainless Steel Watch MK4934,1,DEL2,CARRIER_DAMAGED,APPAREL_TOO_LARGE,LPNDEL2R92218791,
2026-08-24T03:12:32+00:00,403-5105455-0899550,FBS66974,B008AXYWHQ,X00284E6DB,Fossil Nate Chronograph Analog Black Dial Grey Band Men's Stainless Steel Watch - JR1401,1,BLR5,SELLABLE,SWITCHEROO,LPNBLR5O5087613,
2026-08-23T22:46:50+00:00,403-3783969-6641952,FBS69614,B00944CXEY,X002844Z73,Michael Kors Darci Analog Silver Dial Women's Watch - MK3190,1,BLR5,SELLABLE,QUALITY_UNACCEPTABLE,LPNBLR5O7196291,
2026-08-23T19:18:22+00:00,407-5357613-4553123,FBS75146,B079DC27J5,X002844WTT,Fossil Analog Black Dial Men's Watch-FS5452,1,BOM4,SELLABLE,DID_NOT_LIKE_COLOR,LPNBOM4N45960319,Not good
2026-08-23T17:57:53+00:00,405-8566735-5745957,FBO67811,B06VV5QB6Q,X001Q1TZWJ,"Fossil Analog Black Dial Men's Watch-FS5308 Stainless Steel, Black Strap",1,BLR5,SELLABLE,APPAREL_TOO_SMALL,LPNBLR5O5353077,
2026-08-23T17:57:53+00:00,405-8566735-5745957,FBO67811,B06VV5QB6Q,X001Q1TZWJ,"Fossil Analog Black Dial Men's Watch-FS5308 Stainless Steel, Black Strap",1,BLR5,SELLABLE,APPAREL_TOO_SMALL,LPNBLR5O5353076,
2026-08-23T17:55:21+00:00,405-8566735-5745957,FBO67811,B06VV5QB6Q,X001Q1TZWJ,"Fossil Analog Black Dial Men's Watch-FS5308 Stainless Steel, Black Strap",1,BLR5,CUSTOMER_DAMAGED,APPAREL_TOO_SMALL,LPNBLR5O5353054,
2026-08-23T15:24:06+00:00,407-8912881-5648302,FBO69595,B07CSNG8XL,X001Q1Z2U3,Fossil Carlie Analog White Dial Women's Watch - ES4433,1,BLR5,SELLABLE,DID_NOT_LIKE_COLOR,LPNBLR5O6185934,Not as shown on website
2026-08-23T13:48:36+00:00,406-3336153-0680306,FBA79940,B0FTK1RVG8,X002FTZH0P,Fossil Crosby Brown Quartz Leather Watch FS6150,1,BOM4,SELLABLE,UNDELIVERABLE_REFUSED,LPNBOM4N43469433,
2026-08-23T12:37:39+00:00,405-3994207-4317931,FBS66974,B008AXYWHQ,X00284E6DB,Fossil Nate Chronograph Analog Black Dial Grey Band Men's Stainless Steel Watch - JR1401,1,DEL2,SELLABLE,UNDELIVERABLE_UNKNOWN,LPNDEL2R91986753,
2026-08-23T12:17:53+00:00,404-7872847-8292320,FBA79754,B0DSBQYVSM,X0029WXVCJ,Fossil Men Neutra Multicolor Quartz Stainless Steel White Dial Analog Watch FS6112,1,DEL2,SELLABLE,APPAREL_TOO_LARGE,LPNDEL2R88172999,
2026-08-23T12:16:18+00:00,404-3392928-3260369,FBA79748,B0DSBSGK17,X0029WWIJL,Fossil Everett Two Tone Watch FS6106,1,BLR5,SELLABLE,APPAREL_TOO_LARGE,LPNBLR5O6493137,The dial was so big then expected so it’s not looking good on his hand
2026-08-23T12:10:29+00:00,408-3935419-7296342,FBS79557,B0D955NZTN,X002844XBL,Michael Kors Accelerator 2.0 Gun-Metal Watch MK9178,1,BOM4,CUSTOMER_DAMAGED,QUALITY_UNACCEPTABLE,LPNBOM4N46047355,
2026-08-23T11:43:57+00:00,403-0505720-9081947,FBS66974,B008AXYWHQ,X00284E6DB,Fossil Nate Chronograph Analog Black Dial Grey Band Men's Stainless Steel Watch - JR1401,1,BLR5,SELLABLE,SWITCHEROO,LPNBLR5O6742473,
2026-08-23T08:26:05+00:00,402-1628194-0513969,FBO67811,B06VV5QB6Q,X001Q1TZWJ,"Fossil Analog Black Dial Men's Watch-FS5308 Stainless Steel, Black Strap",1,BLR5,SELLABLE,UNDELIVERABLE_UNKNOWN,LPNBLR5O5547382,
2026-08-23T07:59:39+00:00,406-1448804-5902729,FBA79631,B0DJ2WKCPD,X00266RWJV,Fossil Women's Harlow Pink Quartz Analog Stainless Steel Watch ES5386,1,BLR5,SELLABLE,FOUND_BETTER_PRICE,LPNBLR5O5368152,
2026-08-23T07:15:40+00:00,404-7432422-1288324,FBS66974,B008AXYWHQ,X00284E6DB,Fossil Nate Chronograph Analog Black Dial Grey Band Men's Stainless Steel Watch - JR1401,1,BOM4,SELLABLE,UNDELIVERABLE_REFUSED,LPNBOM4N46328969,
2026-08-23T07:12:07+00:00,403-2444298-4371537,FBA79754,B0DSBQYVSM,X0029WXVCJ,Fossil Men Neutra Multicolor Quartz Stainless Steel White Dial Analog Watch FS6112,1,DEL2,SELLABLE,UNDELIVERABLE_UNKNOWN,LPNDEL2R92420830,
2026-08-23T06:24:31+00:00,405-1926310-6683530,FBS66974,B008AXYWHQ,X00284E6DB,Fossil Nate Chronograph Analog Black Dial Grey Band Men's Stainless Steel Watch - JR1401,1,BOM4,SELLABLE,UNDELIVERABLE_UNKNOWN,LPNBOM4N46326781,
2026-08-23T05:55:42+00:00,405-8321351-7429939,FBS74257,B079XB5RXH,X00284BSYB,Michael Kors Ritz Analogue Women's Watch (Rose Gold Dial Rose Gold Colored Strap),1,DEL2,SELLABLE,QUALITY_UNACCEPTABLE,LPNDEL2R92419163,
2026-08-23T03:47:32+00:00,171-6389067-4540348,FBO70527,B00NVAWTLY,X001Q1Z6AJ,"Fossil Nate Analog Black Dial Men's Watch-JR1487 Genuine Leather, Brown Strap",1,BLR5,SELLABLE,UNDELIVERABLE_REFUSED,LPNBLR5O6836443,
2026-08-23T03:29:14+00:00,403-3454660-5746735,FBS77996,B0BS4BHNVN,X00284BX0F,Michael Kors Harlowe Analog Rose Gold Dial Women's Stainless Steel Watch-Mk4710,1,DEL2,SELLABLE,UNDELIVERABLE_REFUSED,LPNDEL2R89685076,
2026-08-22T11:13:08+00:00,405-5520768-1462712,FBA79929,B0FTMLYC74,X002FTZ7NR,Fossil Carlie Multicolor Quartz Stainless Steel Watch ES5439,1,DEL2,SELLABLE,UNDELIVERABLE_REFUSED,LPNDEL2R90796886,
2026-08-22T10:56:52+00:00,407-7829145-2533910,FBS66974,B008AXYWHQ,X00284E6DB,Fossil Nate Chronograph Analog Black Dial Grey Band Men's Stainless Steel Watch - JR1401,1,BLR5,SELLABLE,UNDELIVERABLE_UNKNOWN,LPNBLR5O6420517,
2026-08-22T10:47:54+00:00,406-9005916-8215531,FBA80093,B00H2ZDX00,X002J9G82H,Fossil End of Season Dean Analog Off-White Dial Men's Watch - FS4867,1,BLR5,SELLABLE,NOT_COMPATIBLE,LPNBLR5O6455907,
2026-08-22T10:43:28+00:00,405-3762928-0550719,FBA79525,B0D954M6YQ,X00241X19D,Fossil Neutra Silver Watch ES5357,1,DEL2,SELLABLE,UNDELIVERABLE_UNKNOWN,LPNDEL2R90446304,
2026-08-22T09:25:24+00:00,405-1457030-4523530,FBA79942,B0FQ7WTM8P,X002FTXD2J,Michael Kors Phoebe Rose Gold Quartz Stainless Steel Watch MK4962,1,BLR5,SELLABLE,APPAREL_TOO_LARGE,LPNBLR5O5087494,Dial size is large and doesn&#39;t suit for small wrist
2026-08-22T08:41:51+00:00,406-8573731-8988340,FBS79334,B0CRCWV9DV,X00284BO81,"Fossil Men Sport Tourer Silver Quartz Stainless Steel Chronograph Watch Fs6048, Green Dial, Silver Band",1,DEL2,SELLABLE,APPAREL_TOO_LARGE,LPNDEL2R89395884,
2026-08-22T07:12:37+00:00,407-4467921-7653139,FBA79631,B0DJ2WKCPD,X00266RWJV,Fossil Women's Harlow Pink Quartz Analog Stainless Steel Watch ES5386,1,CCX1,SELLABLE,DID_NOT_LIKE_COLOR,LPNCCX1B5495165,
2026-08-22T06:35:53+00:00,406-1013280-5141953,FBS66974,B008AXYWHQ,X00284E6DB,Fossil Nate Chronograph Analog Black Dial Grey Band Men's Stainless Steel Watch - JR1401,1,BOM4,SELLABLE,QUALITY_UNACCEPTABLE,LPNBOM4N46068986,
2026-08-22T05:20:52+00:00,403-2507421-9709943,FBS67801,B00HVBJ6W4,X00284BSYV,Fossil Riley Analog White & Beige Dial Women's Watch -ES3466,1,BLR5,CARRIER_DAMAGED,UNDELIVERABLE_REFUSED,LPNBLR5O6222194,
2026-08-22T04:50:02+00:00,407-4802500-1932362,FBS66974,B008AXYWHQ,X00284E6DB,Fossil Nate Chronograph Analog Black Dial Grey Band Men's Stainless Steel Watch - JR1401,1,BLR5,SELLABLE,UNDELIVERABLE_REFUSED,LPNBLR5O6491926,
2026-08-22T04:26:30+00:00,408-1277519-7395500,FBS67801,B00HVBJ6W4,X00284BSYV,Fossil Riley Analog White & Beige Dial Women's Watch -ES3466,1,BLR5,SELLABLE,UNDELIVERABLE_UNKNOWN,LPNBLR5O6491887,
2026-08-22T04:09:54+00:00,406-3082341-3553917,FBS70769,B07M7P7VLX,X00284ALD5,Fossil Women's Analog Watch (Black),1,BOM4,CUSTOMER_DAMAGED,APPAREL_STYLE,LPNBOM4N46308005,
2026-08-22T03:57:05+00:00,407-9146934-1326740,FBO70527,B00NVAWTLY,X001Q1Z6AJ,"Fossil Nate Analog Black Dial Men's Watch-JR1487 Genuine Leather, Brown Strap",1,DEL2,DEFECTIVE,APPAREL_TOO_LARGE,LPNDEL2R92218065,Dial size is too large i want small one
2026-08-22T03:23:54+00:00,406-6519342-7694716,FBS79335,B0CRD1DRXG,X00284BTGX,"Fossil Men Townsman Silver Automatic Stainless Steel Analogue Watch Me3260, Blue Dial, Silver Band",1,BOM4,SELLABLE,QUALITY_UNACCEPTABLE,LPNBOM4N46068915,
2026-08-21T21:38:18+00:00,402-4772783-3055519,FBA79929,B0FTMLYC74,X002FTZ7NR,Fossil Carlie Multicolor Quartz Stainless Steel Watch ES5439,1,BLR5,SELLABLE,UNDELIVERABLE_UNKNOWN,LPNBLR5O7190319,
2026-08-21T16:48:34+00:00,408-6974676-3112344,FBS70827,B07MM5MH6F,X002844YU1,"Fossil Watch, Black, Free Size, (FS5512)",1,BOM4,CARRIER_DAMAGED,UNDELIVERABLE_REFUSED,LPNBOM4N39736513,
2026-08-21T16:20:20+00:00,404-4559495-6402767,FBA79030,B0C7WKTMFC,X001UXYRM1,Michael Kors Analog Black Dial Men's Stainless Steel Watch-Mk9113,1,BOM4,SELLABLE,QUALITY_UNACCEPTABLE,LPNBOM4N46068436,it is not authentic
2026-08-21T12:48:10+00:00,406-5861098-2495561,FBA79934,B0FTKNBJY4,X002FTVTL1,Fossil Campbell Silver Quartz Stainless Steel Watch FS6139,1,BLR5,SELLABLE,UNDELIVERABLE_REFUSED,LPNBLR5O6834627,
2026-08-21T12:15:16+00:00,405-1365671-1583512,FBA78013,B0BQ34TRDX,X001Q7B2B5,Fossil Raquel Analog White Dial Women's Watch-Es5271 - Stainless Steel,1,DEL2,SELLABLE,UNDELIVERABLE_REFUSED,LPNDEL2R88274963,
2026-08-21T11:53:30+00:00,403-7866916-3953116,FBA80118,B07WGWGMBM,X002KPVYXN,Fossil Analog Blue Dial Men's Watch - FS5661,1,DEL2,SELLABLE,QUALITY_UNACCEPTABLE,LPNDEL2R89395804,
2026-08-21T11:34:46+00:00,404-3358861-8921908,FBA80093,B00H2ZDX00,X002J9G82H,Fossil End of Season Dean Analog Off-White Dial Men's Watch - FS4867,1,DEL2,SELLABLE,UNDELIVERABLE_REFUSED,LPNDEL2R90239920,
2026-08-21T11:17:52+00:00,408-6575314-6204356,FBO70527,B00NVAWTLY,X001Q1Z6AJ,"Fossil Nate Analog Black Dial Men's Watch-JR1487 Genuine Leather, Brown Strap",1,BLR5,SELLABLE,DID_NOT_LIKE_COLOR,LPNBLR5O4976979,Color looks different
2026-08-21T11:09:25+00:00,406-7876526-9278763,FBA79883,B0FCVRKB8C,X002E9FUNP,Fossil Grant Multicolor Quartz Stainless Steel Watch FS6132,1,DEL2,SELLABLE,APPAREL_STYLE,LPNDEL2R89111700,
2026-08-21T10:56:01+00:00,406-3171364-7612340,FBA79723,B0DT2QDBS3,X0029WXV3D,Emporio Armani Brown Quartz Leather Watch AR11665,1,DEL2,CARRIER_DAMAGED,DID_NOT_LIKE_COLOR,LPNDEL2R89209854,
2026-08-21T09:32:39+00:00,404-9588406-4444332,FBS79223,B0CFBB587Z,X00284BXA5,"Fossil Analog Multicolor Dial Men's Watch-ME3253 Stainless Steel, Black Strap",1,BLR5,SELLABLE,APPAREL_TOO_LARGE,LPNBLR5O6445845,Not good for my hand too big dail
2026-08-21T09:22:24+00:00,171-3032438-0849116,FBS66974,B008AXYWHQ,X00284E6DB,Fossil Nate Chronograph Analog Black Dial Grey Band Men's Stainless Steel Watch - JR1401,1,DEL2,SELLABLE,UNDELIVERABLE_REFUSED,LPNDEL2R85423308,
2026-08-21T09:04:37+00:00,404-2865278-2779507,FBS79647,B0DJ2XDV59,X00284AJA5,Michael Kors Rylee Silver Watch MK4873,1,BLR5,CUSTOMER_DAMAGED,APPAREL_TOO_SMALL,LPNBLR5O5047762,
2026-08-21T08:33:00+00:00,171-0272193-5716320,FBO66964,B00WM0CF4A,X001Q1U05P,Fossil Women's ES3843 Jacqueline Analog Quartz Blue Watch,1,DEL2,SELLABLE,UNDELIVERABLE_UNKNOWN,LPNDEL2R86099510,
2026-08-21T06:59:26+00:00,404-1193840-5094746,FBS66974,B008AXYWHQ,X00284E6DB,Fossil Nate Chronograph Analog Black Dial Grey Band Men's Stainless Steel Watch - JR1401,1,BOM4,CUSTOMER_DAMAGED,RECALL,LPNBOM4N45457706,
2026-08-21T03:58:52+00:00,405-6610217-9084330,FBA79929,B0FTMLYC74,X002FTZ7NR,Fossil Carlie Multicolor Quartz Stainless Steel Watch ES5439,1,BOM4,SELLABLE,APPAREL_STYLE,LPNBOM4N43849572,Item does not look or feel good. Colour is very dull
2026-08-21T03:11:14+00:00,402-9080445-9660322,FBA79931,B0FTMMNCK7,X002FTW62R,Fossil Sloan Gold Quartz Stainless Steel Watch ES5444,1,DEL2,DEFECTIVE,QUALITY_UNACCEPTABLE,LPNDEL2R90596712,Visible stain on the surface of watch.
2026-08-20T22:23:28+00:00,406-9864682-1941920,FBA80038,B0GDJJ86QY,X002IPD9MT,Emporio Armani Silver Quartz Stainless Steel Watch AR11755,1,BOM4,CUSTOMER_DAMAGED,APPAREL_TOO_SMALL,LPNBOM4N46068991,
2026-08-20T21:20:40+00:00,405-9917681-1090718,FBA79929,B0FTMLYC74,X002FTZ7NR,Fossil Carlie Multicolor Quartz Stainless Steel Watch ES5439,1,BLR5,SELLABLE,APPAREL_TOO_SMALL,LPNBLR5O6235542,Not looking as looking in picture too small
2026-08-20T21:14:39+00:00,405-8385920-9157964,FBS66974,B008AXYWHQ,X00284E6DB,Fossil Nate Chronograph Analog Black Dial Grey Band Men's Stainless Steel Watch - JR1401,1,BLR5,CUSTOMER_DAMAGED,SWITCHEROO,LPNBLR5O7034980,
2026-08-20T19:04:10+00:00,406-1196858-1986758,FBO70527,B00NVAWTLY,X001Q1Z6AJ,"Fossil Nate Analog Black Dial Men's Watch-JR1487 Genuine Leather, Brown Strap",1,BLR5,SELLABLE,UNDELIVERABLE_REFUSED,LPNBLR5O7119975,
2026-08-20T17:33:14+00:00,402-5869104-8152313,FBA79929,B0FTMLYC74,X002FTZ7NR,Fossil Carlie Multicolor Quartz Stainless Steel Watch ES5439,1,BLR5,SELLABLE,DID_NOT_LIKE_COLOR,LPNBLR5O7084711,Size not matching
2026-08-20T17:24:28+00:00,171-3999138-9919564,FBO70774,B07MFZ6S2Q,X001Q1U0E1,Fossil Neutra Analog Black Dial and Band Men's Stainless Steel Watch-FS5525,1,BLR5,CUSTOMER_DAMAGED,APPAREL_STYLE,LPNBLR5O5006838,
2026-08-20T17:15:17+00:00,404-8770166-6632355,FBS66974,B008AXYWHQ,X00284E6DB,Fossil Nate Chronograph Analog Black Dial Grey Band Men's Stainless Steel Watch - JR1401,1,CCX1,SELLABLE,UNDELIVERABLE_UNKNOWN,LPNCCX1B4707408,
2026-08-20T16:10:40+00:00,402-5315862-7801105,FBA80093,B00H2ZDX00,X002J9G82H,Fossil End of Season Dean Analog Off-White Dial Men's Watch - FS4867,1,BLR5,SELLABLE,UNDELIVERABLE_UNKNOWN,LPNBLR5O6937828,
2026-08-20T16:10:40+00:00,402-3819663-9742746,FBS67801,B00HVBJ6W4,X00284BSYV,Fossil Riley Analog White & Beige Dial Women's Watch -ES3466,1,BLR5,SELLABLE,UNDELIVERABLE_UNKNOWN,LPNBLR5O6937832,
2026-08-20T12:41:59+00:00,404-1335536-0062710,FBS66974,B008AXYWHQ,X00284E6DB,Fossil Nate Chronograph Analog Black Dial Grey Band Men's Stainless Steel Watch - JR1401,1,DEL2,CUSTOMER_DAMAGED,QUALITY_UNACCEPTABLE,LPNDEL2R90596789,
2026-08-20T12:34:22+00:00,404-0335456-5742715,FBO67811,B06VV5QB6Q,X001Q1TZWJ,"Fossil Analog Black Dial Men's Watch-FS5308 Stainless Steel, Black Strap",1,BLR5,SELLABLE,DID_NOT_LIKE_COLOR,LPNBLR5O6235481,
2026-08-20T11:49:31+00:00,408-1799279-0213917,FBA80093,B00H2ZDX00,X002J9G82H,Fossil End of Season Dean Analog Off-White Dial Men's Watch - FS4867,1,CCX1,SELLABLE,UNDELIVERABLE_REFUSED,LPNCCX1B4750264,
2026-08-20T11:10:28+00:00,403-2513199-4193168,FBO70527,B00NVAWTLY,X001Q1Z6AJ,"Fossil Nate Analog Black Dial Men's Watch-JR1487 Genuine Leather, Brown Strap",1,BLR5,SELLABLE,UNDELIVERABLE_REFUSED,LPNBLR5O6120758,
2026-08-20T11:10:28+00:00,403-2513199-4193168,FBO70527,B00NVAWTLY,X001Q1Z6AJ,"Fossil Nate Analog Black Dial Men's Watch-JR1487 Genuine Leather, Brown Strap",1,BLR5,SELLABLE,UNDELIVERABLE_REFUSED,LPNBLR5O6120757,
2026-08-20T11:10:28+00:00,403-2513199-4193168,FBO70527,B00NVAWTLY,X001Q1Z6AJ,"Fossil Nate Analog Black Dial Men's Watch-JR1487 Genuine Leather, Brown Strap",1,BLR5,SELLABLE,UNDELIVERABLE_REFUSED,LPNBLR5O6120761,
2026-08-20T10:52:35+00:00,171-1373857-2158701,FBA79741,B0DSBPPPJ9,X0029WWSZF,Fossil Womens Raquel Gold Quartz Stainless Steel White Dial Analog Watch ES5398,1,DEL2,CUSTOMER_DAMAGED,POOR_FIT,LPNDEL2R88183670,
2026-08-20T09:51:25+00:00,402-2614504-7994705,FBA80044,B0GF78441L,X002IPBH05,Fossil Everett Silver Quartz Stainless Steel Watch FS6154,1,BLR5,CUSTOMER_DAMAGED,DEFECTIVE,LPNBLR5O1008372,
2026-08-20T09:40:32+00:00,408-9361688-1360357,FBS66974,B008AXYWHQ,X00284E6DB,Fossil Nate Chronograph Analog Black Dial Grey Band Men's Stainless Steel Watch - JR1401,1,BOM4,CUSTOMER_DAMAGED,RECALL,LPNBOM4N43536009,
2026-08-20T09:25:56+00:00,406-0909995-6877134,FBO67803,B01487C7CO,X001Q1WUY9,Fossil Analog Brown Dial Men's Leather Band Watch - ME3098,1,BLR5,CUSTOMER_DAMAGED,APPAREL_TOO_SMALL,LPNBLR5O1008371,
2026-08-20T08:21:23+00:00,408-5876337-6612351,FBO70527,B00NVAWTLY,X001Q1Z6AJ,"Fossil Nate Analog Black Dial Men's Watch-JR1487 Genuine Leather, Brown Strap",1,CCX1,SELLABLE,APPAREL_TOO_LARGE,LPNCCX1B4793749,Covering full wrist that&#39;s why not at all a fit.
2026-08-20T06:54:58+00:00,406-0959646-3833101,FBA79950,B0FQ832739,X002FTZAKH,Michael Kors Lexington Gold Quartz Stainless Steel Watch MK9245SET,1,BLR5,SELLABLE,APPAREL_TOO_LARGE,LPNBLR5O0560695,Size is too large I want 38mm
2026-08-20T06:44:12+00:00,403-1298724-2421166,FBA80037,B07SXFRLZZ,X002IPGEUX,Diesel Spiked Silver Quartz Stainless Steel Watch DZ4709,1,BLR5,CUSTOMER_DAMAGED,DID_NOT_LIKE_COLOR,LPNBLR5O6237025,
2026-08-20T06:16:39+00:00,407-5243257-0468336,FBA80046,B0GF7BR5NH,X002IPBH6T,Fossil Neutra Brown Quartz Leather Watch FS6163,1,DEL2,SELLABLE,APPAREL_STYLE,LPNDEL2R85699553,
2026-08-20T06:06:41+00:00,406-8741264-0813905,FBA80072,B0GF6W4YCD,X002IPSPJ1,Michael Kors Essex Brown Quartz Leather Watch MK7584,1,DEL2,SELLABLE,APPAREL_TOO_LARGE,LPNDEL2R90796227,The size is too big fir women wrist
2026-08-20T05:43:59+00:00,171-4538691-7949933,FBS66974,B008AXYWHQ,X00284E6DB,Fossil Nate Chronograph Analog Black Dial Grey Band Men's Stainless Steel Watch - JR1401,1,CCX1,SELLABLE,UNDELIVERABLE_REFUSED,LPNCCX1B4801327,
2026-08-20T05:11:06+00:00,407-5243257-0468336,FBO70527,B00NVAWTLY,X001Q1Z6AJ,"Fossil Nate Analog Black Dial Men's Watch-JR1487 Genuine Leather, Brown Strap",1,DEL2,SELLABLE,APPAREL_TOO_LARGE,LPNDEL2R88183276,
2026-08-20T04:56:14+00:00,406-3235091-1887509,FBO70527,B00NVAWTLY,X001Q1Z6AJ,"Fossil Nate Analog Black Dial Men's Watch-JR1487 Genuine Leather, Brown Strap",1,BLR5,SELLABLE,UNDELIVERABLE_UNKNOWN,LPNBLR5O6994042,
2026-08-20T04:29:57+00:00,407-5789375-2036334,FBS66987,B017SN1OI8,X002844YM9,Fossil Analog Blue Dial Men's Watch - FS5151,1,BLR5,SELLABLE,UNDELIVERABLE_REFUSED,LPNBLR5O6172787,
2026-08-20T04:16:06+00:00,406-8777249-2981967,FBA79527,B0D936GPVL,X00241X17F,Fossil Harlow Gold Watch ES5361,1,BLR5,SELLABLE,UNDELIVERABLE_REFUSED,LPNBLR5O6026390,
2026-08-20T03:36:08+00:00,171-8361144-6635541,FBS66987,B017SN1OI8,X002844YM9,Fossil Analog Blue Dial Men's Watch - FS5151,1,DEL2,SELLABLE,APPAREL_TOO_LARGE,LPNDEL2R89395622,Watch look very big on my wrist.
2026-08-20T03:09:04+00:00,407-1379814-5743501,FBA80093,B00H2ZDX00,X002J9G82H,Fossil End of Season Dean Analog Off-White Dial Men's Watch - FS4867,1,BOM4,SELLABLE,UNDELIVERABLE_REFUSED,LPNBOM4N45887856,
2026-08-19T18:56:58+00:00,403-1387333-8926735,FBO70527,B00NVAWTLY,X001Q1Z6AJ,"Fossil Nate Analog Black Dial Men's Watch-JR1487 Genuine Leather, Brown Strap",1,BLR5,SELLABLE,UNDELIVERABLE_REFUSED,LPNBLR5O7003461,
2026-08-19T15:54:27+00:00,407-0123740-2993114,FBA79882,B0FCVPBY7Y,X002E9CN8Z,Fossil Grant Multicolor Quartz Stainless Steel Watch FS6131,1,BOM4,CUSTOMER_DAMAGED,POOR_FIT,LPNBOM4N45808425,
2026-08-19T15:11:49+00:00,402-4728802-6234762,FBO70527,B00NVAWTLY,X001Q1Z6AJ,"Fossil Nate Analog Black Dial Men's Watch-JR1487 Genuine Leather, Brown Strap",1,BLR5,SELLABLE,APPAREL_TOO_LARGE,LPNBLR5O6452153,
2026-08-19T12:35:02+00:00,408-7633340-5885940,FBS66636,B004D4S7AY,X002844YSN,Fossil Analog Gold Dial Women's Watch - ES2811,1,BLR5,CUSTOMER_DAMAGED,SWITCHEROO,LPNBLR5O3050927,
2026-08-19T09:11:41+00:00,402-5107170-9189905,FBA80093,B00H2ZDX00,X002J9G82H,Fossil End of Season Dean Analog Off-White Dial Men's Watch - FS4867,1,BLR5,SELLABLE,QUALITY_UNACCEPTABLE,LPNBLR5O4181978,
2026-08-19T08:59:28+00:00,406-4461162-2041927,FBS79514,B0D854LDQM,X00284B1RZ,"Armani Exchange Stainless Steel Analog Blue Dial Men's Watch-Ax4182, Band Color:Gray",1,BOM4,CUSTOMER_DAMAGED,APPAREL_TOO_SMALL,LPNBOM4N45545242,
2026-08-19T07:46:02+00:00,402-5376204-6802715,FBA79929,B0FTMLYC74,X002FTZ7NR,Fossil Carlie Multicolor Quartz Stainless Steel Watch ES5439,1,BLR5,SELLABLE,UNDELIVERABLE_UNKNOWN,LPNBLR5O5776386,
2026-08-19T07:34:01+00:00,408-8927962-2996300,FBO69595,B07CSNG8XL,X001Q1Z2U3,Fossil Carlie Analog White Dial Women's Watch - ES4433,1,DEL2,SELLABLE,DID_NOT_LIKE_COLOR,LPNDEL2R89161716,
2026-08-19T07:30:48+00:00,406-8736759-4337932,FBS66636,B004D4S7AY,X002844YSN,Fossil Analog Gold Dial Women's Watch - ES2811,1,BOM4,CUSTOMER_DAMAGED,APPAREL_TOO_LARGE,LPNBOM4N45473505,
2026-08-19T06:41:48+00:00,407-3420744-6393152,FBA79526,B0D9574DPS,X00241X1IT,Fossil Neutra Gold Watch ES5358,1,DEL2,SELLABLE,DID_NOT_LIKE_COLOR,LPNDEL2R88172195,
2026-08-19T05:32:33+00:00,408-3024798-5733941,FBS79556,B0D955YGX7,X00284EZ91,Michael Kors Analog Men Accelerator 2.0 Black Dial Gold Watch MK9177,1,DEL2,SELLABLE,NOT_AS_DESCRIBED,LPNDEL2R88287056,
2026-08-19T05:15:35+00:00,408-1600200-5536366,FBS67801,B00HVBJ6W4,X00284BSYV,Fossil Riley Analog White & Beige Dial Women's Watch -ES3466,1,BLR5,SELLABLE,RECALL,LPNBLR5O6635481,
2026-08-19T05:02:02+00:00,402-9447346-1101914,FBA79753,B0DSBSD26P,X0029WWINH,Fossil Chronograph Men Neutra Grey Quartz Stainless Steel Blue Dial Watch FS6111,1,BLR5,SELLABLE,DID_NOT_LIKE_COLOR,LPNBLR5O7027381,Not satisfied with colour
2026-08-19T04:06:36+00:00,402-3795900-8374726,FBS66974,B008AXYWHQ,X00284E6DB,Fossil Nate Chronograph Analog Black Dial Grey Band Men's Stainless Steel Watch - JR1401,1,BLR5,SELLABLE,RECALL,LPNBLR5O7138744,
2026-08-19T03:45:48+00:00,405-6309928-7873108,FBA79882,B0FCVPBY7Y,X002E9CN8Z,Fossil Grant Multicolor Quartz Stainless Steel Watch FS6131,1,CCX1,SELLABLE,UNDELIVERABLE_REFUSED,LPNCCX1B5002233,
2026-08-19T03:42:57+00:00,404-9037443-1084307,FBS75326,B09SHQSHBF,X00284BSG9,"Fossil Bronson Analog Black Dial Men's Watch-ME3218 Stainless Steel, Grey Strap",1,BLR5,SELLABLE,SWITCHEROO,LPNBLR5O7027276,
2026-08-18T20:51:29+00:00,405-2674706-0389910,FBS79048,B0CCHHGG9B,X00284BX9L,Emporio Armani Silver Watch AR11575,1,BLR5,SELLABLE,DID_NOT_LIKE_COLOR,LPNBLR5O6713757,
2026-08-18T20:29:48+00:00,407-7166497-7097957,FBS66974,B008AXYWHQ,X00284E6DB,Fossil Nate Chronograph Analog Black Dial Grey Band Men's Stainless Steel Watch - JR1401,1,BLR5,SELLABLE,UNDELIVERABLE_REFUSED,LPNBLR5O7032943,
2026-08-18T20:11:09+00:00,408-8373663-4585960,FBS66987,B017SN1OI8,X002844YM9,Fossil Analog Blue Dial Men's Watch - FS5151,1,BLR5,CUSTOMER_DAMAGED,DEFECTIVE,LPNBLR5O7027004,
2026-08-18T17:41:59+00:00,408-5050642-6328351,FBO67811,B06VV5QB6Q,X001Q1TZWJ,"Fossil Analog Black Dial Men's Watch-FS5308 Stainless Steel, Black Strap",1,BLR5,SELLABLE,APPAREL_STYLE,LPNBLR5O6440909,
2026-08-18T17:14:12+00:00,402-4640163-0141112,FBS66974,B008AXYWHQ,X00284E6DB,Fossil Nate Chronograph Analog Black Dial Grey Band Men's Stainless Steel Watch - JR1401,1,BLR5,SELLABLE,QUALITY_UNACCEPTABLE,LPNBLR5O7084307,
2026-08-18T16:24:50+00:00,171-7416967-4569902,FBS67801,B00HVBJ6W4,X00284BSYV,Fossil Riley Analog White & Beige Dial Women's Watch -ES3466,1,BLR5,SELLABLE,UNDELIVERABLE_REFUSED,LPNBLR5O6097054,
2026-08-18T16:05:31+00:00,405-3397359-6708317,FBO69595,B07CSNG8XL,X001Q1Z2U3,Fossil Carlie Analog White Dial Women's Watch - ES4433,1,BLR5,SELLABLE,APPAREL_TOO_SMALL,LPNBLR5O5321644,
2026-08-18T16:02:54+00:00,407-0720209-7758743,FBS67801,B00HVBJ6W4,X00284BSYV,Fossil Riley Analog White & Beige Dial Women's Watch -ES3466,1,BLR5,SELLABLE,RECALL,LPNBLR5O4895960,
2026-08-18T14:43:00+00:00,402-1718294-6692334,FBS79651,B0DJ2WP1M5,X00284BO8B,Michael Kors Sage Black Watch MK9193,1,BLR5,SELLABLE,DID_NOT_LIKE_COLOR,LPNBLR5O6440891,Did Not liked the colour
2026-08-18T14:21:57+00:00,171-4113889-1538710,FBA80093,B00H2ZDX00,X002J9G82H,Fossil End of Season Dean Analog Off-White Dial Men's Watch - FS4867,1,BLR5,SELLABLE,UNDELIVERABLE_REFUSED,LPNBLR5O6996642,
2026-08-18T11:47:26+00:00,407-0086884-1639519,FBS66974,B008AXYWHQ,X00284E6DB,Fossil Nate Chronograph Analog Black Dial Grey Band Men's Stainless Steel Watch - JR1401,1,BLR5,SELLABLE,QUALITY_UNACCEPTABLE,LPNBLR5O4274581,
2026-08-18T11:45:25+00:00,403-6245877-4764363,FBO70527,B00NVAWTLY,X001Q1Z6AJ,"Fossil Nate Analog Black Dial Men's Watch-JR1487 Genuine Leather, Brown Strap",1,BLR5,SELLABLE,UNDELIVERABLE_UNKNOWN,LPNBLR5O6692653,
2026-08-18T11:39:12+00:00,404-2904963-9307501,FBO70527,B00NVAWTLY,X001Q1Z6AJ,"Fossil Nate Analog Black Dial Men's Watch-JR1487 Genuine Leather, Brown Strap",1,DEL2,SELLABLE,APPAREL_TOO_LARGE,LPNDEL2R86173959,Dial is too big
2026-08-18T10:43:55+00:00,407-6307925-6723552,FBA79526,B0D9574DPS,X00241X1IT,Fossil Neutra Gold Watch ES5358,1,DEL2,SELLABLE,UNDELIVERABLE_REFUSED,LPNDEL2R86099219,
2026-08-18T08:54:18+00:00,408-1835322-3063564,FBS76941,B0BFXL8ZP9,X00284BSUZ,"Fossil Neutra Analog Green Dial Men's Watch-FS5963 Genuine Leather, Brown Strap",1,BLR5,SELLABLE,APPAREL_TOO_SMALL,LPNBLR5O7043896,
2026-08-18T08:29:37+00:00,405-2119273-4088324,FBS67801,B00HVBJ6W4,X00284BSYV,Fossil Riley Analog White & Beige Dial Women's Watch -ES3466,1,BLR5,SELLABLE,QUALITY_UNACCEPTABLE,LPNBLR5O6890773,
2026-08-18T07:47:34+00:00,407-1450493-7933117,FBS70827,B07MM5MH6F,X002844YU1,"Fossil Watch, Black, Free Size, (FS5512)",1,DEL2,SELLABLE,DAMAGED_BY_CARRIER,LPNDEL2R88869448,Damaged box and scratcheson watch watch not working
2026-08-18T07:30:44+00:00,404-6440496-1553923,FBS66974,B008AXYWHQ,X00284E6DB,Fossil Nate Chronograph Analog Black Dial Grey Band Men's Stainless Steel Watch - JR1401,1,BOM4,SELLABLE,UNDELIVERABLE_REFUSED,LPNBOM4N43646478,
2026-08-18T07:18:54+00:00,407-0784278-0219530,FBA80093,B00H2ZDX00,X002J9G82H,Fossil End of Season Dean Analog Off-White Dial Men's Watch - FS4867,1,CCX1,SELLABLE,UNDELIVERABLE_UNKNOWN,LPNCCX1B5004527,
2026-08-18T06:52:12+00:00,406-0309993-8114775,FBA80093,B00H2ZDX00,X002J9G82H,Fossil End of Season Dean Analog Off-White Dial Men's Watch - FS4867,1,BLR5,SELLABLE,UNDELIVERABLE_UNKNOWN,LPNBLR5O6692486,
2026-08-18T06:33:27+00:00,404-0440177-3261150,FBO66963,B00AG37H8Y,X001Q1V7N9,"Fossil Analog White Dial Men's Watch-FS4795 Stainless Steel, Multicolor Strap",1,BLR5,SELLABLE,APPAREL_TOO_LARGE,LPNBLR5O4916403,Weight of watch is too much
2026-08-18T05:30:38+00:00,171-7129975-9792369,FBO70527,B00NVAWTLY,X001Q1Z6AJ,"Fossil Nate Analog Black Dial Men's Watch-JR1487 Genuine Leather, Brown Strap",1,BLR5,SELLABLE,UNDELIVERABLE_REFUSED,LPNBLR5O7075405,
2026-08-18T04:45:59+00:00,406-2609667-7018732,FBS66974,B008AXYWHQ,X00284E6DB,Fossil Nate Chronograph Analog Black Dial Grey Band Men's Stainless Steel Watch - JR1401,1,BLR8,SELLABLE,UNDELIVERABLE_REFUSED,LPNBLR8Z4564897,
2026-08-18T04:19:57+00:00,408-3793199-3638741,FBS66987,B017SN1OI8,X002844YM9,Fossil Analog Blue Dial Men's Watch - FS5151,1,BLR5,SELLABLE,APPAREL_STYLE,LPNBLR5O6172063,
2026-08-17T22:10:29+00:00,171-2178064-0828331,FBA80230,B0GTC2MW2C,X002MRKB6Z,Fossil Scarlette Mini Three-Hand Two-Tone Stainless Steel Women's Watch,1,BLR5,SELLABLE,DID_NOT_LIKE_COLOR,LPNBLR5O6455327,
2026-08-17T18:51:59+00:00,407-9634202-5364331,FBS66987,B017SN1OI8,X002844YM9,Fossil Analog Blue Dial Men's Watch - FS5151,1,BLR5,SELLABLE,APPAREL_STYLE,LPNBLR5O0560530,Colour is not upto the mark on me
2026-08-17T15:14:20+00:00,407-1376917-0834743,FBA79746,B0DSBQDZNV,X0029WY6K5,Fossil Men Everett Silver Quartz Stainless Steel Blue Dial Analog Watch FS6104,1,BOM4,CUSTOMER_DAMAGED,APPAREL_STYLE,LPNBOM4N45474495,
2026-08-17T11:55:43+00:00,408-2008573-9181103,FBA79757,B0DSBQ8JV7,X0029WZAFF,Michael Kors Lexington Blue Quartz Stainless Steel Watch MK7519LE,1,BLR5,SELLABLE,APPAREL_TOO_SMALL,LPNBLR5O0586701,Pls return
2026-08-17T11:00:51+00:00,402-1280685-9583534,FBO66963,B00AG37H8Y,X001Q1V7N9,"Fossil Analog White Dial Men's Watch-FS4795 Stainless Steel, Multicolor Strap",1,BLR5,SELLABLE,UNDELIVERABLE_REFUSED,LPNBLR5O5143798,
2026-08-17T09:38:45+00:00,404-1982026-7289126,FBA79927,B0FRVZ29NP,X002FTXCG1,Armani Exchange Silver Watch Set AX7176SET,1,BLR5,SELLABLE,SWITCHEROO,LPNBLR5O4895776,
2026-08-17T08:23:15+00:00,408-2226637-2788329,FBO69595,B07CSNG8XL,X001Q1Z2U3,Fossil Carlie Analog White Dial Women's Watch - ES4433,1,BLR5,SELLABLE,UNDELIVERABLE_REFUSED,LPNBLR5O5486701,
2026-08-17T08:16:58+00:00,406-9755332-1638704,FBS66974,B008AXYWHQ,X00284E6DB,Fossil Nate Chronograph Analog Black Dial Grey Band Men's Stainless Steel Watch - JR1401,1,DEL2,CUSTOMER_DAMAGED,QUALITY_UNACCEPTABLE,LPNDEL2R85698201,
2026-08-17T08:10:50+00:00,406-2804966-5455568,FBS67801,B00HVBJ6W4,X00284BSYV,Fossil Riley Analog White & Beige Dial Women's Watch -ES3466,1,BLR5,SELLABLE,UNDELIVERABLE_UNKNOWN,LPNBLR5O5450610,
2026-08-17T06:29:11+00:00,171-6537768-7260351,FBA79727,B0DT381WY9,X0029WZEN3,Emporio Armani Silver Quartz Stainless Steel Watch AR11674,1,BLR5,SELLABLE,UNDELIVERABLE_REFUSED,LPNBLR5O5319888,
2026-08-17T05:06:58+00:00,404-1080334-0823567,FBA79883,B0FCVRKB8C,X002E9FUNP,Fossil Grant Multicolor Quartz Stainless Steel Watch FS6132,1,BLR5,SELLABLE,APPAREL_TOO_LARGE,LPNBLR5O4592980,Too large size
2026-08-17T04:42:39+00:00,405-5931542-3497168,FBS67801,B00HVBJ6W4,X00284BSYV,Fossil Riley Analog White & Beige Dial Women's Watch -ES3466,1,DEL2,SELLABLE,UNDELIVERABLE_UNKNOWN,LPNDEL2R89171031,
2026-08-17T04:29:47+00:00,171-8725116-0163517,FBO70527,B00NVAWTLY,X001Q1Z6AJ,"Fossil Nate Analog Black Dial Men's Watch-JR1487 Genuine Leather, Brown Strap",1,BOM4,SELLABLE,UNDELIVERABLE_REFUSED,LPNBOM4N45456433,
2026-08-17T04:22:49+00:00,171-9099027-7193168,FBS67801,B00HVBJ6W4,X00284BSYV,Fossil Riley Analog White & Beige Dial Women's Watch -ES3466,1,BLR5,SELLABLE,UNDELIVERABLE_UNKNOWN,LPNBLR5O7171974,
2026-08-17T04:19:11+00:00,404-3693073-1982763,FBO70527,B00NVAWTLY,X001Q1Z6AJ,"Fossil Nate Analog Black Dial Men's Watch-JR1487 Genuine Leather, Brown Strap",1,BLR5,SELLABLE,APPAREL_TOO_LARGE,LPNBLR5O5684648,
2026-08-17T04:08:15+00:00,402-4243698-5135532,FBA79882,B0FCVPBY7Y,X002E9CN8Z,Fossil Grant Multicolor Quartz Stainless Steel Watch FS6131,1,DEL2,DEFECTIVE,APPAREL_STYLE,LPNDEL2R86977909,"The watch does not fit properly on my wrist, and the product packaging is also not good."
2026-08-16T22:35:48+00:00,402-0780409-2034741,FBS66974,B008AXYWHQ,X00284E6DB,Fossil Nate Chronograph Analog Black Dial Grey Band Men's Stainless Steel Watch - JR1401,1,BLR5,SELLABLE,UNDELIVERABLE_REFUSED,LPNBLR5O5467010,
2026-08-16T22:08:41+00:00,402-2579756-5849153,FBS66974,B008AXYWHQ,X00284E6DB,Fossil Nate Chronograph Analog Black Dial Grey Band Men's Stainless Steel Watch - JR1401,1,BLR5,SELLABLE,QUALITY_UNACCEPTABLE,LPNBLR5O3860430,
2026-08-16T21:29:23+00:00,404-8307039-0997121,FBA80093,B00H2ZDX00,X002J9G82H,Fossil End of Season Dean Analog Off-White Dial Men's Watch - FS4867,1,BLR5,SELLABLE,SWITCHEROO,LPNBLR5O3860410,
2026-08-16T14:35:30+00:00,171-9525618-3920327,FBA79879,B0FCVBY986,X002E9FQC5,Fossil Raquel Gold Quartz Stainless Steel Watch ES5434,1,BLR5,SELLABLE,DID_NOT_LIKE_COLOR,LPNBLR5O4181603,
2026-08-16T13:31:23+00:00,404-3708461-7246725,FBS67801,B00HVBJ6W4,X00284BSYV,Fossil Riley Analog White & Beige Dial Women's Watch -ES3466,1,BLR5,SELLABLE,UNDELIVERABLE_UNKNOWN,LPNBLR5O4920664,
2026-08-16T12:46:55+00:00,405-1947459-2917912,FBA79932,B0FTML3VHG,X002FTXHDJ,Fossil Harlow Gold Quartz Stainless Steel Watch ES5451,1,BLR5,SELLABLE,APPAREL_STYLE,LPNBLR5O4913430,
2026-08-16T12:22:06+00:00,403-5909473-9567555,FBO70527,B00NVAWTLY,X001Q1Z6AJ,"Fossil Nate Analog Black Dial Men's Watch-JR1487 Genuine Leather, Brown Strap",1,BOM4,SELLABLE,UNDELIVERABLE_REFUSED,LPNBOM4N45709135,
2026-08-16T11:36:59+00:00,171-9425668-5137926,FBS66974,B008AXYWHQ,X00284E6DB,Fossil Nate Chronograph Analog Black Dial Grey Band Men's Stainless Steel Watch - JR1401,1,BLR5,SELLABLE,QUALITY_UNACCEPTABLE,LPNBLR5O6451849,
2026-08-16T11:22:13+00:00,171-4143858-6522756,FBO69595,B07CSNG8XL,X001Q1Z2U3,Fossil Carlie Analog White Dial Women's Watch - ES4433,1,BOM4,CUSTOMER_DAMAGED,APPAREL_TOO_LARGE,LPNBOM4N43520426,
2026-08-16T11:10:46+00:00,406-1035156-3367512,FBA79882,B0FCVPBY7Y,X002E9CN8Z,Fossil Grant Multicolor Quartz Stainless Steel Watch FS6131,1,DEL2,CUSTOMER_DAMAGED,APPAREL_STYLE,LPNDEL2R85698049,
2026-08-16T11:10:08+00:00,171-7603876-0029101,FBA80118,B07WGWGMBM,X002KPVYXN,Fossil Analog Blue Dial Men's Watch - FS5661,1,DEL2,SELLABLE,UNDELIVERABLE_REFUSED,LPNDEL2R89395133,
2026-08-16T10:33:38+00:00,407-0989944-8920311,FBS67801,B00HVBJ6W4,X00284BSYV,Fossil Riley Analog White & Beige Dial Women's Watch -ES3466,1,DEL2,SELLABLE,SWITCHEROO,LPNDEL2R89001367,
2026-08-16T10:03:45+00:00,408-2441313-4602709,FBA80093,B00H2ZDX00,X002J9G82H,Fossil End of Season Dean Analog Off-White Dial Men's Watch - FS4867,1,AMD2,SELLABLE,UNDELIVERABLE_REFUSED,LPNAMD2M4383110,
2026-08-16T09:11:30+00:00,404-4017189-8481940,FBS67801,B00HVBJ6W4,X00284BSYV,Fossil Riley Analog White & Beige Dial Women's Watch -ES3466,1,BLR5,SELLABLE,SWITCHEROO,LPNBLR5O6451716,
2026-08-16T07:48:18+00:00,171-1093528-4755540,FBS67801,B00HVBJ6W4,X00284BSYV,Fossil Riley Analog White & Beige Dial Women's Watch -ES3466,1,BLR5,SELLABLE,QUALITY_UNACCEPTABLE,LPNBLR5O7098119,
2026-08-16T07:11:17+00:00,405-9316155-0512330,FBS79557,B0D955NZTN,X002844XBL,Michael Kors Accelerator 2.0 Gun-Metal Watch MK9178,1,BLR5,SELLABLE,DID_NOT_LIKE_COLOR,LPNBLR5O3746482,I was expecting silver instead of gum metal:
2026-08-16T05:55:39+00:00,406-6518338-6192315,FBA79750,B0DSBPT3J3,X0029WZOS3,Fossil Mens Everett Brown Quartz Leather Dark Brown Dial Analog Watch FS6108,1,DEL2,SELLABLE,APPAREL_TOO_SMALL,LPNDEL2R85973812,Small Size
2026-08-16T03:39:33+00:00,406-2596418-9917152,FBO69595,B07CSNG8XL,X001Q1Z2U3,Fossil Carlie Analog White Dial Women's Watch - ES4433,1,DEL2,SELLABLE,FOUND_BETTER_PRICE,LPNDEL2R86123918,
2026-08-16T03:32:51+00:00,408-6840509-9841952,FBA80118,B07WGWGMBM,X002KPVYXN,Fossil Analog Blue Dial Men's Watch - FS5661,1,DEL2,SELLABLE,UNDELIVERABLE_REFUSED,LPNDEL2R88868857,
2026-08-16T03:18:56+00:00,404-2879117-1166741,FBO66963,B00AG37H8Y,X001Q1V7N9,"Fossil Analog White Dial Men's Watch-FS4795 Stainless Steel, Multicolor Strap",1,BLR5,SELLABLE,APPAREL_TOO_SMALL,LPNBLR5O6974375,Size is too small
2026-08-15T22:51:39+00:00,406-6381008-3143536,FBA80093,B00H2ZDX00,X002J9G82H,Fossil End of Season Dean Analog Off-White Dial Men's Watch - FS4867,1,BOM4,SELLABLE,UNDELIVERABLE_UNKNOWN,LPNBOM4N45638954,
2026-08-15T17:53:03+00:00,408-1524530-2704345,FBS66974,B008AXYWHQ,X00284E6DB,Fossil Nate Chronograph Analog Black Dial Grey Band Men's Stainless Steel Watch - JR1401,1,BLR5,SELLABLE,UNDELIVERABLE_REFUSED,LPNBLR5O5780110,
2026-08-15T07:52:15+00:00,408-5139201-9383565,FBA80095,B0CHXGWVZJ,X002JE5GOD,"Armani Exchange Stainless Steel Analog Green Dial Men Watch-Ax1746, Gold Band",1,BOM4,SELLABLE,SWITCHEROO,LPNBOM4N45779098,
2026-08-15T06:26:04+00:00,406-5884355-7693109,FBS66974,B008AXYWHQ,X00284E6DB,Fossil Nate Chronograph Analog Black Dial Grey Band Men's Stainless Steel Watch - JR1401,1,BOM4,SELLABLE,QUALITY_UNACCEPTABLE,LPNBOM4N45765595,
2026-08-15T03:58:12+00:00,406-5605739-1319507,FBS70827,B07MM5MH6F,X002844YU1,"Fossil Watch, Black, Free Size, (FS5512)",1,BOM4,SELLABLE,APPAREL_STYLE,LPNBOM4N45794434,
2026-08-14T22:40:42+00:00,405-4637286-2471512,FBS66974,B008AXYWHQ,X00284E6DB,Fossil Nate Chronograph Analog Black Dial Grey Band Men's Stainless Steel Watch - JR1401,1,BLR5,SELLABLE,QUALITY_UNACCEPTABLE,LPNBLR5O6980724,
2026-08-14T12:07:48+00:00,404-9453204-9485140,FBS67801,B00HVBJ6W4,X00284BSYV,Fossil Riley Analog White & Beige Dial Women's Watch -ES3466,1,DEL2,SELLABLE,UNDELIVERABLE_UNKNOWN,LPNDEL2R88289404,
2026-08-14T11:46:02+00:00,406-4666094-5712333,FBA79875,B0FCVLFLGF,X002E9HHHR,Fossil Gilmore Silver Quartz Stainless Steel Watch ES5419,1,DEL2,SELLABLE,UNDELIVERABLE_REFUSED,LPNDEL2R88303902,
2026-08-14T11:06:18+00:00,404-4047017-7620315,FBS79558,B0D9573TBX,X00284BXHX,Michael Kors Accelerator 2.0 Black Watch MK9179,1,BLR5,SELLABLE,APPAREL_STYLE,LPNBLR5O6890555,
2026-08-14T10:53:06+00:00,404-9550821-4925138,FBA79631,B0DJ2WKCPD,X00266RWJV,Fossil Women's Harlow Pink Quartz Analog Stainless Steel Watch ES5386,1,CCX1,SELLABLE,APPAREL_STYLE,LPNCCX1B5562668,
2026-08-14T10:45:45+00:00,171-0005917-6717177,FBA80095,B0CHXGWVZJ,X002JE5GOD,"Armani Exchange Stainless Steel Analog Green Dial Men Watch-Ax1746, Gold Band",1,BLR5,SELLABLE,QUALITY_UNACCEPTABLE,LPNBLR5O0560358,
2026-08-14T10:44:13+00:00,404-1959745-1677953,FBA80093,B00H2ZDX00,X002J9G82H,Fossil End of Season Dean Analog Off-White Dial Men's Watch - FS4867,1,DEL2,SELLABLE,UNDELIVERABLE_REFUSED,LPNDEL2R88339613,
2026-08-14T10:41:41+00:00,402-3458598-3634741,FBS74972,B09GYQ4RS7,X002844X4N,Fossil Everett Analog Gray Dial Men's Stainless Steel Watch-Me3206,1,BOM4,SELLABLE,UNDELIVERABLE_REFUSED,LPNBOM4N45759172,
2026-08-14T10:28:30+00:00,405-1066540-4908303,FBA80055,B0GF7C1MPD,X002IPU5N5,Michael Kors Suri Gold Quartz Stainless Steel Watch MK7589,1,DEL2,SELLABLE,QUALITY_UNACCEPTABLE,LPNDEL2R88293807,
2026-08-14T09:36:01+00:00,403-8425872-3612338,FBO69595,B07CSNG8XL,X001Q1Z2U3,Fossil Carlie Analog White Dial Women's Watch - ES4433,1,DEL2,SELLABLE,FOUND_BETTER_PRICE,LPNDEL2R89133818,
2026-08-14T09:32:28+00:00,171-2694889-7725165,FBS67801,B00HVBJ6W4,X00284BSYV,Fossil Riley Analog White & Beige Dial Women's Watch -ES3466,1,DEL2,SELLABLE,UNDELIVERABLE_UNKNOWN,LPNDEL2R88286196,
2026-08-14T09:20:52+00:00,407-8966706-2971567,FBS67801,B00HVBJ6W4,X00284BSYV,Fossil Riley Analog White & Beige Dial Women's Watch -ES3466,1,DEL2,SELLABLE,UNDELIVERABLE_UNKNOWN,LPNDEL2R88286186,
2026-08-14T08:32:05+00:00,407-6510621-0683544,FBS67801,B00HVBJ6W4,X00284BSYV,Fossil Riley Analog White & Beige Dial Women's Watch -ES3466,1,DEL2,SELLABLE,UNDELIVERABLE_UNKNOWN,LPNDEL2R88868515,
2026-08-14T08:31:22+00:00,403-5862489-1779542,FBS67801,B00HVBJ6W4,X00284BSYV,Fossil Riley Analog White & Beige Dial Women's Watch -ES3466,1,DEL2,SELLABLE,UNDELIVERABLE_UNKNOWN,LPNDEL2R88868514,
2026-08-14T08:25:39+00:00,171-6297696-7409949,FBS67801,B00HVBJ6W4,X00284BSYV,Fossil Riley Analog White & Beige Dial Women's Watch -ES3466,1,DEL2,SELLABLE,UNDELIVERABLE_UNKNOWN,LPNDEL2R88289197,
2026-08-14T08:23:09+00:00,171-0344886-1924341,FBS67801,B00HVBJ6W4,X00284BSYV,Fossil Riley Analog White & Beige Dial Women's Watch -ES3466,1,DEL2,SELLABLE,UNDELIVERABLE_UNKNOWN,LPNDEL2R88868496,
2026-08-14T08:12:55+00:00,407-1211784-7229159,FBS67801,B00HVBJ6W4,X00284BSYV,Fossil Riley Analog White & Beige Dial Women's Watch -ES3466,1,DEL2,SELLABLE,UNDELIVERABLE_UNKNOWN,LPNDEL2R88286151,
2026-08-14T07:12:08+00:00,171-1717340-3033912,FBA79029,B0CBCWGTGR,X001UXQ189,Diesel Scraper Brown Watch DZ2189,1,DEL2,SELLABLE,APPAREL_STYLE,LPNDEL2R88543099,
2026-08-14T06:31:16+00:00,407-3681407-5314760,FBO66963,B00AG37H8Y,X001Q1V7N9,"Fossil Analog White Dial Men's Watch-FS4795 Stainless Steel, Multicolor Strap",1,DEL2,SELLABLE,UNDELIVERABLE_REFUSED,LPNDEL2R88289056,
2026-08-14T06:03:10+00:00,402-6043523-0518729,FBS67801,B00HVBJ6W4,X00284BSYV,Fossil Riley Analog White & Beige Dial Women's Watch -ES3466,1,DEL2,SELLABLE,QUALITY_UNACCEPTABLE,LPNDEL2R89133774,
2026-08-14T05:30:46+00:00,171-2330555-4677166,FBA80037,B07SXFRLZZ,X002IPGEUX,Diesel Spiked Silver Quartz Stainless Steel Watch DZ4709,1,BLR5,SELLABLE,QUALITY_UNACCEPTABLE,LPNBLR5O6450800,
2026-08-14T05:06:10+00:00,171-1787004-7010711,FBO66963,B00AG37H8Y,X001Q1V7N9,"Fossil Analog White Dial Men's Watch-FS4795 Stainless Steel, Multicolor Strap",1,BLR5,SELLABLE,UNDELIVERABLE_REFUSED,LPNBLR5O6899700,
2026-08-14T03:25:02+00:00,403-6156340-2293962,FBS67801,B00HVBJ6W4,X00284BSYV,Fossil Riley Analog White & Beige Dial Women's Watch -ES3466,1,DEL2,SELLABLE,UNDELIVERABLE_REFUSED,LPNDEL2R89313462,
2026-08-13T15:20:17+00:00,408-9573901-7729921,FBS79618,B0DJ2XCDJ1,X00284AJDH,Emporio Armani Women's Stainless Steel Analog Green Dial Watch-AR11639,1,BLR5,SELLABLE,APPAREL_STYLE,LPNBLR5O4838135,Old style
2026-08-13T13:35:20+00:00,407-4944114-7074744,FBS66974,B008AXYWHQ,X00284E6DB,Fossil Nate Chronograph Analog Black Dial Grey Band Men's Stainless Steel Watch - JR1401,1,BLR5,SELLABLE,MISSING_PARTS,LPNBLR5O5486232,
2026-08-13T12:16:49+00:00,403-5913389-0219528,FBS66974,B008AXYWHQ,X00284E6DB,Fossil Nate Chronograph Analog Black Dial Grey Band Men's Stainless Steel Watch - JR1401,1,BLR5,SELLABLE,QUALITY_UNACCEPTABLE,LPNBLR5O6979482,
2026-08-13T11:26:32+00:00,403-2367664-9883552,FBS66974,B008AXYWHQ,X00284E6DB,Fossil Nate Chronograph Analog Black Dial Grey Band Men's Stainless Steel Watch - JR1401,1,BOM4,SELLABLE,UNDELIVERABLE_REFUSED,LPNBOM4N44041690,
2026-08-13T10:16:48+00:00,406-2734328-6474733,FBA79018,B0C77PPS9S,X001UY0N7X,Fossil Analog White Dial Women's Watch-Es5310 - Leather,1,DEL2,SELLABLE,UNDELIVERABLE_REFUSED,LPNDEL2R88536530,
2026-08-13T09:43:50+00:00,403-3992420-7041939,FBS66974,B008AXYWHQ,X00284E6DB,Fossil Nate Chronograph Analog Black Dial Grey Band Men's Stainless Steel Watch - JR1401,1,DEL2,CUSTOMER_DAMAGED,MISSING_PARTS,LPNDEL2R89020659,
2026-08-13T09:06:26+00:00,407-8324199-3261943,FBA79750,B0DSBPT3J3,X0029WZOS3,Fossil Mens Everett Brown Quartz Leather Dark Brown Dial Analog Watch FS6108,1,DEL4,DAMAGED,UNDELIVERABLE_UNKNOWN,LPNDEL4AA4032371,
2026-08-13T07:53:04+00:00,402-1837804-3306716,FBO69595,B07CSNG8XL,X001Q1Z2U3,Fossil Carlie Analog White Dial Women's Watch - ES4433,1,BLR5,SELLABLE,APPAREL_TOO_SMALL,LPNBLR5P4640763,It’s Small to me
2026-08-13T07:51:09+00:00,405-0677389-0326743,FBA79526,B0D9574DPS,X00241X1IT,Fossil Neutra Gold Watch ES5358,1,BLR5,SELLABLE,APPAREL_TOO_LARGE,LPNBLR5O3119693,
2026-08-13T04:38:04+00:00,406-1951273-7075530,FBS67801,B00HVBJ6W4,X00284BSYV,Fossil Riley Analog White & Beige Dial Women's Watch -ES3466,1,DEL2,CARRIER_DAMAGED,UNDELIVERABLE_REFUSED,LPNDEL2R88288380,
2026-08-13T03:42:42+00:00,404-2974861-8445962,FBO66964,B00WM0CF4A,X001Q1U05P,Fossil Women's ES3843 Jacqueline Analog Quartz Blue Watch,1,BOM4,SELLABLE,POOR_FIT,LPNBOM4N45738952,
2026-08-13T03:40:37+00:00,407-7477496-0673148,FBO67811,B06VV5QB6Q,X001Q1TZWJ,"Fossil Analog Black Dial Men's Watch-FS5308 Stainless Steel, Black Strap",1,BLR5,SELLABLE,APPAREL_TOO_LARGE,LPNBLR5O6780256,
2026-08-13T03:40:12+00:00,402-5901769-6249146,FBO70527,B00NVAWTLY,X001Q1Z6AJ,"Fossil Nate Analog Black Dial Men's Watch-JR1487 Genuine Leather, Brown Strap",1,DEL2,CUSTOMER_DAMAGED,APPAREL_TOO_LARGE,LPNDEL2R88536239,
2026-08-12T13:44:04+00:00,403-9346109-3214756,FBS77996,B0BS4BHNVN,X00284BX0F,Michael Kors Harlowe Analog Rose Gold Dial Women's Stainless Steel Watch-Mk4710,1,BLR5,CUSTOMER_DAMAGED,POOR_FIT,LPNBLR5O4499374,
2026-08-12T12:23:29+00:00,408-6495281-7035536,FBS66987,B017SN1OI8,X002844YM9,Fossil Analog Blue Dial Men's Watch - FS5151,1,DEL2,SELLABLE,DID_NOT_LIKE_COLOR,LPNDEL2R90227908,
2026-08-12T11:37:37+00:00,402-5720970-6393124,FBA79933,B0FTMM455Z,X002FTVTHZ,Fossil Raquel Gold Quartz Stainless Steel Watch ES5452,1,CCX1,SELLABLE,UNDELIVERABLE_REFUSED,LPNCCX1B4108415,
2026-08-12T09:43:24+00:00,405-4371800-2272329,FBS66987,B017SN1OI8,X002844YM9,Fossil Analog Blue Dial Men's Watch - FS5151,1,BLR5,SELLABLE,APPAREL_STYLE,LPNBLR5O3050764,not good
2026-08-12T08:33:20+00:00,402-5937809-7823516,FBS67801,B00HVBJ6W4,X00284BSYV,Fossil Riley Analog White & Beige Dial Women's Watch -ES3466,1,BOM4,SELLABLE,DEFECTIVE,LPNBOM4N45738052,
2026-08-12T08:11:59+00:00,402-2270139-7185116,FBS66636,B004D4S7AY,X002844YSN,Fossil Analog Gold Dial Women's Watch - ES2811,1,DEL2,SELLABLE,APPAREL_TOO_LARGE,LPNDEL2R89133667,Too loose in hand
2026-08-12T08:05:38+00:00,403-2490645-5829153,FBS66987,B017SN1OI8,X002844YM9,Fossil Analog Blue Dial Men's Watch - FS5151,1,BLR5,SELLABLE,APPAREL_STYLE,LPNBLR5O3677708,Plans to go another model
2026-08-12T06:56:00+00:00,407-0123759-0286775,FBA79527,B0D936GPVL,X00241X17F,Fossil Harlow Gold Watch ES5361,1,DEL2,CUSTOMER_DAMAGED,APPAREL_STYLE,LPNDEL2R85873364,
2026-08-12T06:28:44+00:00,408-7079892-9613111,FBS66987,B017SN1OI8,X002844YM9,Fossil Analog Blue Dial Men's Watch - FS5151,1,BLR5,SELLABLE,UNDELIVERABLE_REFUSED,LPNBLR5O3113553,
2026-08-12T04:52:11+00:00,403-8529743-6057906,FBO70527,B00NVAWTLY,X001Q1Z6AJ,"Fossil Nate Analog Black Dial Men's Watch-JR1487 Genuine Leather, Brown Strap",1,BLR5,SELLABLE,APPAREL_TOO_SMALL,LPNBLR5P9431862,size is not fitting
2026-08-12T04:09:47+00:00,405-4784452-7345160,FBO66627,B007NM84PQ,X001Q1Z7ET,Fossil Women Jesse Analog Rose Gold Dial Watch - ES3020,1,BOM5,SELLABLE,UNDELIVERABLE_REFUSED,LPNBOM5F5794700,
2026-08-12T04:03:41+00:00,405-0492080-9669112,FBA79746,B0DSBQDZNV,X0029WY6K5,Fossil Men Everett Silver Quartz Stainless Steel Blue Dial Analog Watch FS6104,1,DEL2,SELLABLE,UNDELIVERABLE_REFUSED,LPNDEL2R89170082,
2026-08-12T03:56:29+00:00,171-0304782-7817978,FBS67266,B0058XWUHA,X00284BSW3,Michael Kors Parker Analog White Dial Gold Band Women's Stainless Steel Watch-MK5491,1,BLR5,SELLABLE,UNDELIVERABLE_REFUSED,LPNBLR5O4893566,
2026-08-11T19:06:43+00:00,407-1563443-6585950,FBA79889,B0FKBVB3YH,X002E9HB3H,Michael Kors Georgie Multicolor Quartz Stainless Steel Watch MK4935,1,BLR5,SELLABLE,UNWANTED_ITEM,LPNBLR5O6014843,
2026-08-11T18:39:22+00:00,405-6378029-4191538,FBO70527,B00NVAWTLY,X001Q1Z6AJ,"Fossil Nate Analog Black Dial Men's Watch-JR1487 Genuine Leather, Brown Strap",1,BLR5,SELLABLE,APPAREL_STYLE,LPNBLR5O4295991,Its not the expected one
2026-08-11T14:26:55+00:00,405-3524050-4184307,FBS79557,B0D955NZTN,X002844XBL,Michael Kors Accelerator 2.0 Gun-Metal Watch MK9178,1,BLR5,SELLABLE,UNDELIVERABLE_REFUSED,LPNBLR5O4933893,
2026-08-11T11:52:35+00:00,408-9543504-8503543,FBA79929,B0FTMLYC74,X002FTZ7NR,Fossil Carlie Multicolor Quartz Stainless Steel Watch ES5439,1,BOM4,CUSTOMER_DAMAGED,APPAREL_STYLE,LPNBOM4N45644932,
2026-08-11T11:30:13+00:00,171-3689009-4463556,FBA79933,B0FTMM455Z,X002FTVTHZ,Fossil Raquel Gold Quartz Stainless Steel Watch ES5452,1,CCX1,SELLABLE,APPAREL_STYLE,LPNCCX1B5517207,The colour looks dull and the outer metal part is heavy and ugly
2026-08-11T11:26:58+00:00,404-9098297-3514756,FBS66974,B008AXYWHQ,X00284E6DB,Fossil Nate Chronograph Analog Black Dial Grey Band Men's Stainless Steel Watch - JR1401,1,BLR5,SELLABLE,UNDELIVERABLE_REFUSED,LPNBLR5O0535101,
2026-08-11T11:21:59+00:00,403-4372567-2538748,FBO66964,B00WM0CF4A,X001Q1U05P,Fossil Women's ES3843 Jacqueline Analog Quartz Blue Watch,1,BLR5,CUSTOMER_DAMAGED,QUALITY_UNACCEPTABLE,LPNBLR5O3793807,
2026-08-11T09:47:40+00:00,402-4177716-2576350,FBO66963,B00AG37H8Y,X001Q1V7N9,"Fossil Analog White Dial Men's Watch-FS4795 Stainless Steel, Multicolor Strap",1,DEL2,SELLABLE,APPAREL_TOO_SMALL,LPNDEL2R87375757,
2026-08-11T08:02:29+00:00,405-1366236-7961966,FBS67801,B00HVBJ6W4,X00284BSYV,Fossil Riley Analog White & Beige Dial Women's Watch -ES3466,1,BOM4,CUSTOMER_DAMAGED,SWITCHEROO,LPNBOM4N45324870,
2026-08-11T07:48:49+00:00,402-1098398-1050762,FBO66963,B00AG37H8Y,X001Q1V7N9,"Fossil Analog White Dial Men's Watch-FS4795 Stainless Steel, Multicolor Strap",1,DEL2,SELLABLE,UNDELIVERABLE_REFUSED,LPNDEL2R89133321,
2026-08-11T05:33:19+00:00,408-9037241-3509160,FBA79933,B0FTMM455Z,X002FTVTHZ,Fossil Raquel Gold Quartz Stainless Steel Watch ES5452,1,CCX1,SELLABLE,UNDELIVERABLE_REFUSED,LPNCCX1B5515239,
2026-08-11T04:12:21+00:00,171-8240889-9573900,FBS66974,B008AXYWHQ,X00284E6DB,Fossil Nate Chronograph Analog Black Dial Grey Band Men's Stainless Steel Watch - JR1401,1,BOM4,CUSTOMER_DAMAGED,RECALL,LPNBOM4N44502338,
2026-08-11T03:15:30+00:00,407-2921917-6694762,FBA80041,B0GF72VQSX,X002IPBGCT,Fossil Sloan Silver Quartz Stainless Steel Watch ES5455,1,BLR5,SELLABLE,APPAREL_TOO_LARGE,LPNBLR5O2852954,It is hanging too loose on my wrist
2026-08-10T22:19:28+00:00,404-3087439-4553141,FBA79929,B0FTMLYC74,X002FTZ7NR,Fossil Carlie Multicolor Quartz Stainless Steel Watch ES5439,1,BLR5,SELLABLE,UNDELIVERABLE_REFUSED,LPNBLR5O4933284,
2026-08-10T20:30:30+00:00,403-1530289-2047513,FBS66974,B008AXYWHQ,X00284E6DB,Fossil Nate Chronograph Analog Black Dial Grey Band Men's Stainless Steel Watch - JR1401,1,BLR5,SELLABLE,UNDELIVERABLE_REFUSED,LPNBLR5O3091497,
2026-08-10T19:01:51+00:00,404-9846047-6870705,FBA79528,B0D93652ZY,X00241X1HP,Fossil Harlow Two Tone Watch ES5362,1,BLR5,SELLABLE,QUALITY_UNACCEPTABLE,LPNBLR5O6584901,
2026-08-10T13:49:06+00:00,402-8069828-8767509,FBO66964,B00WM0CF4A,X001Q1U05P,Fossil Women's ES3843 Jacqueline Analog Quartz Blue Watch,1,BOM4,SELLABLE,UNWANTED_ITEM,LPNBOM4N43996635,
2026-08-10T12:45:36+00:00,408-7025048-5583530,FBA80095,B0CHXGWVZJ,X002JE5GOD,"Armani Exchange Stainless Steel Analog Green Dial Men Watch-Ax1746, Gold Band",1,DEL2,SELLABLE,UNDELIVERABLE_REFUSED,LPNDEL2R89008572,
2026-08-10T11:54:07+00:00,407-7613042-7112342,FBA80093,B00H2ZDX00,X002J9G82H,Fossil End of Season Dean Analog Off-White Dial Men's Watch - FS4867,1,BLR5,SELLABLE,QUALITY_UNACCEPTABLE,LPNBLR5O4938611,
2026-08-10T10:56:17+00:00,403-5133436-5113933,FBS70769,B07M7P7VLX,X00284ALD5,Fossil Women's Analog Watch (Black),1,BLR5,SELLABLE,UNDELIVERABLE_REFUSED,LPNBLR5O4483147,
2026-08-10T09:49:24+00:00,402-3306104-8136342,FBO70527,B00NVAWTLY,X001Q1Z6AJ,"Fossil Nate Analog Black Dial Men's Watch-JR1487 Genuine Leather, Brown Strap",1,BOM4,SELLABLE,QUALITY_UNACCEPTABLE,LPNBOM4N44477609,
2026-08-10T09:40:57+00:00,405-5826715-7753931,FBO66964,B00WM0CF4A,X001Q1U05P,Fossil Women's ES3843 Jacqueline Analog Quartz Blue Watch,1,DEL2,SELLABLE,APPAREL_STYLE,LPNDEL2R88839254,Watch is not suitable on my wife&#39;s wrist
2026-08-10T09:14:52+00:00,406-0145176-7799503,FBS67801,B00HVBJ6W4,X00284BSYV,Fossil Riley Analog White & Beige Dial Women's Watch -ES3466,1,BOM4,CUSTOMER_DAMAGED,SWITCHEROO,LPNBOM4N43958190,
2026-08-10T09:07:29+00:00,407-4164528-7510725,FBA80044,B0GF78441L,X002IPBH05,Fossil Everett Silver Quartz Stainless Steel Watch FS6154,1,BOM4,SELLABLE,POOR_FIT,LPNBOM4N43958178,
2026-08-10T08:48:45+00:00,403-9409697-2855501,FBS67801,B00HVBJ6W4,X00284BSYV,Fossil Riley Analog White & Beige Dial Women's Watch -ES3466,1,BOM4,CUSTOMER_DAMAGED,QUALITY_UNACCEPTABLE,LPNBOM4N45325243,
2026-08-10T08:25:15+00:00,404-0356781-5110741,FBA80093,B00H2ZDX00,X002J9G82H,Fossil End of Season Dean Analog Off-White Dial Men's Watch - FS4867,1,CCX1,SELLABLE,UNDELIVERABLE_REFUSED,LPNCCX1B4534024,
2026-08-10T08:08:54+00:00,405-4190254-8926710,FBA79759,B0DP5J7VF3,X0029X16CZ,Michael Kors Panorama Silver Quartz Stainless Steel Watch MK9196,1,BLR5,SELLABLE,UNWANTED_ITEM,LPNBLR5O2891947,
2026-08-10T07:46:25+00:00,171-3636333-0585144,FBS74358,B01KNMEVDG,X002GTDODV,Fossil Grant Sport Blue Watch FS5237,1,BLR5,CUSTOMER_DAMAGED,QUALITY_UNACCEPTABLE,LPNBLR5O5449045,
2026-08-10T05:27:32+00:00,404-9499013-8322702,FBA79929,B0FTMLYC74,X002FTZ7NR,Fossil Carlie Multicolor Quartz Stainless Steel Watch ES5439,1,BLR5,SELLABLE,UNDELIVERABLE_UNKNOWN,LPNBLR5O5190544,
2026-08-10T04:51:18+00:00,171-8058538-1001926,FBA80093,B00H2ZDX00,X002J9G82H,Fossil End of Season Dean Analog Off-White Dial Men's Watch - FS4867,1,BLR5,SELLABLE,UNDELIVERABLE_REFUSED,LPNBLR5O4418822,
2026-08-10T04:16:16+00:00,407-2915865-5956359,FBA79925,B0FRVBBDM9,X002FTVT0R,Armani Exchange Black Watch AX4621,1,BLR5,SELLABLE,POOR_FIT,LPNBLR5O4604729,
2026-08-10T03:07:35+00:00,402-7105460-4265948,FBA79555,B0D9564Z9T,X00241X1L1,Michael Kors Accelerator 2.0 Silver Watch MK9176,1,BLR5,SELLABLE,UNDELIVERABLE_REFUSED,LPNBLR5O2702855,
2026-08-09T22:32:53+00:00,406-2283002-7949102,FBA80046,B0GF7BR5NH,X002IPBH6T,Fossil Neutra Brown Quartz Leather Watch FS6163,1,BLR5,SELLABLE,UNDELIVERABLE_REFUSED,LPNBLR5O5265611,
2026-08-09T18:41:20+00:00,171-4663630-0638739,FBO66964,B00WM0CF4A,X001Q1U05P,Fossil Women's ES3843 Jacqueline Analog Quartz Blue Watch,1,BOM4,SELLABLE,UNDELIVERABLE_REFUSED,LPNBOM4N45601972,
2026-08-09T18:15:46+00:00,406-0920069-8892330,FBS77066,B07QSK7DHR,X00284BX23,Michael Kors Analog Gold Dial Women's Watch-MK4339,1,BLR5,SELLABLE,UNDELIVERABLE_REFUSED,LPNBLR5O4927782,
2026-08-09T13:45:30+00:00,405-8933633-6213109,FBA80093,B00H2ZDX00,X002J9G82H,Fossil End of Season Dean Analog Off-White Dial Men's Watch - FS4867,1,BLR5,SELLABLE,UNDELIVERABLE_REFUSED,LPNBLR5O4489395,
2026-08-09T11:10:46+00:00,404-7545723-3062707,FBA79527,B0D936GPVL,X00241X17F,Fossil Harlow Gold Watch ES5361,1,DEL2,SELLABLE,DEFECTIVE,LPNDEL2R90088098,
2026-08-09T11:06:41+00:00,406-6586534-0809152,FBA79939,B0FTMNTYMX,X002FTVVDH,Fossil Crosby Blue Quartz Leather Watch FS6149,1,DEL2,SELLABLE,APPAREL_STYLE,LPNDEL2R89997045,Does not look good on me
2026-08-09T10:54:43+00:00,405-7083582-1321929,FBO66963,B00AG37H8Y,X001Q1V7N9,"Fossil Analog White Dial Men's Watch-FS4795 Stainless Steel, Multicolor Strap",1,DEL2,DEFECTIVE,APPAREL_TOO_SMALL,LPNDEL2R89997029,Need a bigger wrist chain. Current one is very tight in wrist.
2026-08-09T10:32:26+00:00,407-9066586-1707536,FBA79529,B0D9362N4Q,X00241S2SN,Fossil Harlow Silver Watch ES5363,1,BOM4,SELLABLE,UNDELIVERABLE_REFUSED,LPNBOM4N45643475,
2026-08-09T09:30:54+00:00,171-3742338-7598750,FBA79881,B0FCVBJX29,X002E9IDY3,Fossil Neutra Brown Quartz Leather Watch FS6129,1,BLR5,SELLABLE,APPAREL_STYLE,LPNBLR5O6024805,Did not like the watch leather
2026-08-09T08:07:59+00:00,406-8204887-7893943,FBO66964,B00WM0CF4A,X001Q1U05P,Fossil Women's ES3843 Jacqueline Analog Quartz Blue Watch,1,DEL2,DEFECTIVE,APPAREL_STYLE,LPNDEL2R85973320,Not Showing good
2026-08-09T08:01:40+00:00,404-9659240-0318702,FBA79727,B0DT381WY9,X0029WZEN3,Emporio Armani Silver Quartz Stainless Steel Watch AR11674,1,BLR5,SELLABLE,SWITCHEROO,LPNBLR5O1784066,
2026-08-09T07:54:14+00:00,405-9283307-0965146,FBS67801,B00HVBJ6W4,X00284BSYV,Fossil Riley Analog White & Beige Dial Women's Watch -ES3466,1,BLR5,SELLABLE,UNDELIVERABLE_REFUSED,LPNBLR5O5778307,
2026-08-09T07:47:44+00:00,402-9327454-0921163,FBS67801,B00HVBJ6W4,X00284BSYV,Fossil Riley Analog White & Beige Dial Women's Watch -ES3466,1,DEL2,SELLABLE,UNDELIVERABLE_REFUSED,LPNDEL2R88251088,
2026-08-09T06:58:30+00:00,404-7662302-5826759,FBS79517,B0D85171BL,X002844ZUF,"Armani Exchange Stainless Steel Analog Silver Dial Women's Watch-Ax5724, Band Color:Silver",1,BLR5,SELLABLE,APPAREL_STYLE,LPNBLR5O4923634,
2026-08-09T05:41:53+00:00,404-3244002-5697934,FBO70527,B00NVAWTLY,X001Q1Z6AJ,"Fossil Nate Analog Black Dial Men's Watch-JR1487 Genuine Leather, Brown Strap",1,CCX1,SELLABLE,FOUND_BETTER_PRICE,LPNCCX1B4471345,
2026-08-09T05:18:58+00:00,406-9485599-0375537,FBA79877,B0FCVHPY4B,X002E9CR6D,Fossil Gilmore Gold Quartz Stainless Steel Watch ES5421,1,BLR5,SELLABLE,QUALITY_UNACCEPTABLE,LPNBLR5O4791354,
2026-08-09T03:53:51+00:00,405-0977834-6807513,FBA80070,B0GF7BLQ27,X002IPSPHD,Michael Kors Pyper Rose Gold Quartz Stainless Steel Watch MK7573,1,BOM4,CUSTOMER_DAMAGED,UNWANTED_ITEM,LPNBOM4N45629170,
2026-08-09T03:44:51+00:00,408-0001942-4504305,FBO66964,B00WM0CF4A,X001Q1U05P,Fossil Women's ES3843 Jacqueline Analog Quartz Blue Watch,1,DEL2,SELLABLE,UNDELIVERABLE_REFUSED,LPNDEL2R85922945,
2026-08-08T14:17:34+00:00,403-4180539-5981147,FBS66974,B008AXYWHQ,X00284E6DB,Fossil Nate Chronograph Analog Black Dial Grey Band Men's Stainless Steel Watch - JR1401,1,BOM4,CUSTOMER_DAMAGED,QUALITY_UNACCEPTABLE,LPNBOM4N45640605,
2026-08-08T14:06:07+00:00,403-9670826-7805114,FBS79310,B0CRSQDJJ5,X002844XBB,"Michael Kors Analog Green Dial Men's Stainless Steel Watch-Mk9152, Band Color:Silver",1,BLR5,SELLABLE,UNDELIVERABLE_REFUSED,LPNBLR5O4598645,
2026-08-08T12:32:49+00:00,403-4362963-6820319,FBA79144,B0CF5XZR93,X001WIEUFX,Fossil Analog Black Dial Men's Watch-Fs6032 - Stainless Steel,1,DEL2,SELLABLE,UNDELIVERABLE_REFUSED,LPNDEL2R88838224,
2026-08-08T12:18:26+00:00,403-3277732-5893119,FBA79930,B0FS5QZRYB,X002FTXN65,Fossil Scarlette Multicolor Quartz Stainless Steel Watch ES5443,1,DEL2,SELLABLE,POOR_FIT,LPNDEL2R86445822,
2026-08-08T10:59:04+00:00,405-5364118-7008327,FBS66636,B004D4S7AY,X002844YSN,Fossil Analog Gold Dial Women's Watch - ES2811,1,DEL2,SELLABLE,UNDELIVERABLE_REFUSED,LPNDEL2R86172239,
2026-08-08T10:23:34+00:00,405-8103319-2399565,FBA79799,B0DT2XZNK5,X002BEA1PZ,Emporio Armani Silver Quartz Stainless Steel Watch AR11664,1,DEL2,SELLABLE,QUALITY_UNACCEPTABLE,LPNDEL2R86445827,
2026-08-08T10:10:07+00:00,408-7065561-6763546,FBA79885,B0FJ2RND61,X002E9CGYV,Fossil Townsman Brown Automatic Leather Watch ME3270,1,DEL2,SELLABLE,UNDELIVERABLE_REFUSED,LPNDEL2R88250627,
2026-08-08T08:38:40+00:00,406-1849471-1244338,FBS67266,B0058XWUHA,X00284BSW3,Michael Kors Parker Analog White Dial Gold Band Women's Stainless Steel Watch-MK5491,1,BOM4,CUSTOMER_DAMAGED,POOR_FIT,LPNBOM4N44518136,
2026-08-08T07:24:40+00:00,405-8586362-7699512,FBA79940,B0FTK1RVG8,X002FTZH0P,Fossil Crosby Brown Quartz Leather Watch FS6150,1,BLR5,SELLABLE,APPAREL_TOO_LARGE,LPNBLR5O4594217,
2026-08-08T07:19:13+00:00,171-1346323-3727568,FBO70774,B07MFZ6S2Q,X001Q1U0E1,Fossil Neutra Analog Black Dial and Band Men's Stainless Steel Watch-FS5525,1,DEL2,SELLABLE,UNDELIVERABLE_REFUSED,LPNDEL2R86903855,
2026-08-08T07:10:14+00:00,404-4459397-1504324,FBS79513,B0D853Y52R,X00284AM6V,"Armani Exchange Stainless Steel Analog Black Dial Men's Watch-Ax4181, Band Color:Multicolor",1,BOM4,DEFECTIVE,QUALITY_UNACCEPTABLE,LPNBOM4N44622752,Watch belt is defective and some little scratches on belt
2026-08-08T06:14:25+00:00,404-3365954-4412329,FBS66974,B008AXYWHQ,X00284E6DB,Fossil Nate Chronograph Analog Black Dial Grey Band Men's Stainless Steel Watch - JR1401,1,BLR5,SELLABLE,QUALITY_UNACCEPTABLE,LPNBLR5O4295839,
2026-08-07T21:29:10+00:00,405-4766532-7464363,FBS66640,B00AFTTQ8I,X00284BSJV,Fossil Chronograph men Grant Brown Quartz Leather Watch FS4813IE,1,BLR5,SELLABLE,UNDELIVERABLE_REFUSED,LPNBLR5O4532085,
2026-08-07T20:03:01+00:00,406-4791255-3283510,FBA80093,B00H2ZDX00,X002J9G82H,Fossil End of Season Dean Analog Off-White Dial Men's Watch - FS4867,1,BLR5,SELLABLE,UNDELIVERABLE_REFUSED,LPNBLR5O2414624,
2026-08-07T19:08:31+00:00,171-0119073-6645922,FBS69614,B00944CXEY,X002844Z73,Michael Kors Darci Analog Silver Dial Women's Watch - MK3190,1,BLR5,SELLABLE,QUALITY_UNACCEPTABLE,LPNBLR5O4292911,
2026-08-07T18:30:13+00:00,407-7098204-0417935,FBS79637,B0DC64BD5R,X00284BXJL,Fossil Sport Tourer Black Quartz Leather Watch FS6086,1,BLR5,CUSTOMER_DAMAGED,APPAREL_STYLE,LPNBLR5O3116536,
2026-08-07T12:19:55+00:00,403-6110966-8569954,FBS79637,B0DC64BD5R,X00284BXJL,Fossil Sport Tourer Black Quartz Leather Watch FS6086,1,BOM4,SELLABLE,UNDELIVERABLE_REFUSED,LPNBOM4N44920642,
2026-08-07T11:03:05+00:00,402-5806466-0034744,FBA79882,B0FCVPBY7Y,X002E9CN8Z,Fossil Grant Multicolor Quartz Stainless Steel Watch FS6131,1,BOM7,SELLABLE,UNDELIVERABLE_REFUSED,LPNBOM7D19649137,
2026-08-07T09:20:50+00:00,403-1787356-4645106,FBS74721,B00AMWDOEK,X00284ALDF,Fossil Grant Chronograph Beige Dial Men's Watch - FS4735,1,BLR5,SELLABLE,QUALITY_UNACCEPTABLE,LPNBLR5O5451745,
2026-08-07T08:37:39+00:00,404-9360403-8491538,FBA79641,B0DJ2VFZWN,X00266RGFB,Fossil Men's Minimalist Brown Analog Quartz Leather Watch FS6094,1,BLR5,DAMAGED,UNDELIVERABLE_REFUSED,LPNBLR5O4430852,
2026-08-07T07:34:28+00:00,402-0434568-6152336,FBO66963,B00AG37H8Y,X001Q1V7N9,"Fossil Analog White Dial Men's Watch-FS4795 Stainless Steel, Multicolor Strap",1,BLR5,CUSTOMER_DAMAGED,APPAREL_STYLE,LPNBLR5O3944509,
2026-08-07T05:37:06+00:00,407-8562689-3399512,FBS73952,B00EVZ83J0,X00284AOPP,"Fossil Decker Brown Watch Ch2885 - Chronograph, Men, Leather",1,BLR5,SELLABLE,UNDELIVERABLE_REFUSED,LPNBLR5O2959666,
2026-08-07T03:35:21+00:00,404-9660063-5079504,FBO67811,B06VV5QB6Q,X001Q1TZWJ,"Fossil Analog Black Dial Men's Watch-FS5308 Stainless Steel, Black Strap",1,BOM4,CUSTOMER_DAMAGED,QUALITY_UNACCEPTABLE,LPNBOM4N45629323,
2026-08-07T03:23:44+00:00,403-1058798-1499547,FBS66974,B008AXYWHQ,X00284E6DB,Fossil Nate Chronograph Analog Black Dial Grey Band Men's Stainless Steel Watch - JR1401,1,BOM4,SELLABLE,SWITCHEROO,LPNBOM4N45267177,
2026-08-06T22:22:02+00:00,407-3868626-0484330,FBO70527,B00NVAWTLY,X001Q1Z6AJ,"Fossil Nate Analog Black Dial Men's Watch-JR1487 Genuine Leather, Brown Strap",1,BLR5,CUSTOMER_DAMAGED,SWITCHEROO,LPNBLR5O2852651,
2026-08-06T20:23:46+00:00,404-2241755-0168365,FBO66963,B00AG37H8Y,X001Q1V7N9,"Fossil Analog White Dial Men's Watch-FS4795 Stainless Steel, Multicolor Strap",1,BLR5,SELLABLE,UNDELIVERABLE_REFUSED,LPNBLR5O2966622,
2026-08-06T20:22:21+00:00,404-2528461-9801136,FBS79413,B07T1X96CL,X00284EZ5F,Diesel Spiked Black Watch DZ4667,1,BLR5,CUSTOMER_DAMAGED,APPAREL_TOO_LARGE,LPNBLR5O3860106,
2026-08-06T18:33:03+00:00,406-5669946-1009937,FBA79945,B0FTL71V28,X002FTRP2D,Michael Kors Essex Black Quartz Leather Watch MK4965,1,BLR5,SELLABLE,UNDELIVERABLE_REFUSED,LPNBLR5O6595238,
2026-08-06T17:47:44+00:00,402-0293457-6311551,FBS67266,B0058XWUHA,X00284BSW3,Michael Kors Parker Analog White Dial Gold Band Women's Stainless Steel Watch-MK5491,1,BOM4,SELLABLE,POOR_FIT,LPNBOM4N44627334,
2026-08-06T12:26:36+00:00,171-3245688-5669963,FBO69595,B07CSNG8XL,X001Q1Z2U3,Fossil Carlie Analog White Dial Women's Watch - ES4433,1,BLR5,SELLABLE,UNDELIVERABLE_REFUSED,LPNBLR5O3701277,
2026-08-06T12:11:07+00:00,404-3062605-4717905,FBS66636,B004D4S7AY,X002844YSN,Fossil Analog Gold Dial Women's Watch - ES2811,1,DEL2,SELLABLE,POOR_FIT,LPNDEL2R87253784,I don’t like it .
2026-08-06T08:45:42+00:00,171-8254303-3659555,FBA79933,B0FTMM455Z,X002FTVTHZ,Fossil Raquel Gold Quartz Stainless Steel Watch ES5452,1,BOM4,SELLABLE,APPAREL_STYLE,LPNBOM4N44591656,
2026-08-05T10:59:10+00:00,171-1346323-3727568,FBA79894,B0FK1FC978,X002E9H8E9,Michael Kors Phoebe Gold Quartz Stainless Steel Watch MK4923,1,DEL2,CUSTOMER_DAMAGED,APPAREL_STYLE,LPNDEL2R88990592,
2026-08-05T10:26:24+00:00,404-0361023-6705913,FBO66963,B00AG37H8Y,X001Q1V7N9,"Fossil Analog White Dial Men's Watch-FS4795 Stainless Steel, Multicolor Strap",1,BOM4,SELLABLE,UNDELIVERABLE_REFUSED,LPNBOM4N44646121,
2026-08-05T07:39:14+00:00,408-4381030-7990717,FBA79935,B0FTK3KCY6,X002FTXNC9,Fossil Campbell Silver Quartz Stainless Steel Watch FS6140,1,DEL2,SELLABLE,APPAREL_TOO_SMALL,LPNDEL2R88990587,Size is too small and not fitting properly in wrist so please take it back
2026-08-05T06:47:24+00:00,406-6328801-9848336,FBS66974,B008AXYWHQ,X00284E6DB,Fossil Nate Chronograph Analog Black Dial Grey Band Men's Stainless Steel Watch - JR1401,1,BOM4,SELLABLE,QUALITY_UNACCEPTABLE,LPNBOM4N45239649,
2026-08-05T04:46:07+00:00,406-9586414-7678750,FBA79882,B0FCVPBY7Y,X002E9CN8Z,Fossil Grant Multicolor Quartz Stainless Steel Watch FS6131,1,BOM5,SELLABLE,UNDELIVERABLE_UNKNOWN,LPNBOM5F5743939,
2026-08-04T14:45:41+00:00,403-5960851-5665908,FBS74721,B00AMWDOEK,X00284ALDF,Fossil Grant Chronograph Beige Dial Men's Watch - FS4735,1,BOM4,CUSTOMER_DAMAGED,DEFECTIVE,LPNBOM4N45224835,
2026-08-04T12:39:48+00:00,402-6746845-5579551,FBA80064,B0GDJ33ZQP,X002IPTC1B,Emporio Armani Silver Quartz Stainless Steel Watch AR11772,1,BLR5,SELLABLE,APPAREL_STYLE,LPNBLR5O3662952,
2026-08-04T11:47:49+00:00,402-7735498-9072330,FBA79933,B0FTMM455Z,X002FTVTHZ,Fossil Raquel Gold Quartz Stainless Steel Watch ES5452,1,BLR5,SELLABLE,DID_NOT_LIKE_COLOR,LPNBLR5O2922388,
2026-08-04T11:46:33+00:00,407-8722771-5143537,FBS79557,B0D955NZTN,X002844XBL,Michael Kors Accelerator 2.0 Gun-Metal Watch MK9178,1,BLR5,SELLABLE,UNDELIVERABLE_UNKNOWN,LPNBLR5O6655791,
2026-08-04T11:32:31+00:00,408-7051444-7238725,FBS66633,B00AFTT8KE,X00284B1B1,"Fossil Analog Silver Dial Women's Watch - ES3284 Stainless Steel, Gold Strap",1,BLR5,SELLABLE,UNDELIVERABLE_REFUSED,LPNBLR5O2907461,
2026-08-04T06:13:54+00:00,171-3020650-3433932,FBO66963,B00AG37H8Y,X001Q1V7N9,"Fossil Analog White Dial Men's Watch-FS4795 Stainless Steel, Multicolor Strap",1,DEL2,SELLABLE,UNDELIVERABLE_REFUSED,LPNDEL2R86394013,
2026-08-04T05:12:49+00:00,403-3084103-8984307,FBA79633,B0DJ2XHK2N,X00266GL6B,Fossil Women's Scarlette Multicolor Analog Quartz Stainless Steel Watch ES5388,1,DEL2,CUSTOMER_DAMAGED,APPAREL_STYLE,LPNDEL2R89131625,
2026-08-04T04:53:46+00:00,402-2776654-4266739,FBS66974,B008AXYWHQ,X00284E6DB,Fossil Nate Chronograph Analog Black Dial Grey Band Men's Stainless Steel Watch - JR1401,1,BOM4,CUSTOMER_DAMAGED,QUALITY_UNACCEPTABLE,LPNBOM4N43949434,
2026-08-04T04:44:04+00:00,406-0398196-7166714,FBA79633,B0DJ2XHK2N,X00266GL6B,Fossil Women's Scarlette Multicolor Analog Quartz Stainless Steel Watch ES5388,1,DEL2,CUSTOMER_DAMAGED,APPAREL_STYLE,LPNDEL2R90227555,
2026-08-04T04:05:03+00:00,171-2707248-5656345,FBO70774,B07MFZ6S2Q,X001Q1U0E1,Fossil Neutra Analog Black Dial and Band Men's Stainless Steel Watch-FS5525,1,DEL2,CUSTOMER_DAMAGED,DAMAGED_BY_FC,LPNDEL2R89500628,
2026-08-03T16:17:22+00:00,404-2239897-4289927,FBA79882,B0FCVPBY7Y,X002E9CN8Z,Fossil Grant Multicolor Quartz Stainless Steel Watch FS6131,1,BLR5,SELLABLE,DID_NOT_LIKE_COLOR,LPNBLR5O2890716,It’s very big on my hand
2026-08-03T12:31:38+00:00,404-7076987-8377914,FBS79539,B0D955L5S7,X00284EZ3R,Michael Kors Lexington Gold Watch MK4842,1,DEL2,SELLABLE,DID_NOT_LIKE_COLOR,LPNDEL2R89887852,Not seem good on hand kindly return
2026-08-03T12:24:04+00:00,404-0548076-8856308,FBS74721,B00AMWDOEK,X00284ALDF,Fossil Grant Chronograph Beige Dial Men's Watch - FS4735,1,DEL2,CARRIER_DAMAGED,UNDELIVERABLE_REFUSED,LPNDEL2R89823692,
2026-08-03T11:30:24+00:00,403-5478959-9561922,FBS74972,B09GYQ4RS7,X002844X4N,Fossil Everett Analog Gray Dial Men's Stainless Steel Watch-Me3206,1,MAA4,SELLABLE,SWITCHEROO,LPNMAA4Z2381297,
2026-08-03T10:19:12+00:00,171-2687346-6653121,FBS79515,B0D8572WTJ,X00284AM9X,"Armani Exchange Stainless Steel Analog Black Dial Men's Watch-Ax4183, Band Color:Black",1,DEL2,SELLABLE,SWITCHEROO,LPNDEL2R87152609,
2026-08-03T09:07:41+00:00,404-9395374-2784316,FBS66974,B008AXYWHQ,X00284E6DB,Fossil Nate Chronograph Analog Black Dial Grey Band Men's Stainless Steel Watch - JR1401,1,BLR5,SELLABLE,QUALITY_UNACCEPTABLE,LPNBLR5O4346376,
2026-08-03T06:27:20+00:00,404-2891492-7872349,FBA80046,B0GF7BR5NH,X002IPBH6T,Fossil Neutra Brown Quartz Leather Watch FS6163,1,DEL2,CUSTOMER_DAMAGED,QUALITY_UNACCEPTABLE,LPNDEL2R89501287,
2026-08-03T06:17:37+00:00,403-8972994-3075566,FBS66633,B00AFTT8KE,X00284B1B1,"Fossil Analog Silver Dial Women's Watch - ES3284 Stainless Steel, Gold Strap",1,BOM4,SELLABLE,APPAREL_STYLE,LPNBOM4N43351265,
2026-08-03T03:12:28+00:00,405-7996382-7379538,FBA80093,B00H2ZDX00,X002J9G82H,Fossil End of Season Dean Analog Off-White Dial Men's Watch - FS4867,1,DEL2,SELLABLE,NOT_COMPATIBLE,LPNDEL2R87204384,
2026-08-02T19:00:24+00:00,171-5301284-2361142,FBO66964,B00WM0CF4A,X001Q1U05P,Fossil Women's ES3843 Jacqueline Analog Quartz Blue Watch,1,BOM4,CUSTOMER_DAMAGED,QUALITY_UNACCEPTABLE,LPNBOM4N44303467,
2026-08-02T18:48:12+00:00,408-5676957-9303539,FBS66974,B008AXYWHQ,X00284E6DB,Fossil Nate Chronograph Analog Black Dial Grey Band Men's Stainless Steel Watch - JR1401,1,BOM4,SELLABLE,SWITCHEROO,LPNBOM4N45299195,
2026-08-02T13:25:31+00:00,405-3275292-2837962,FBS79515,B0D8572WTJ,X00284AM9X,"Armani Exchange Stainless Steel Analog Black Dial Men's Watch-Ax4183, Band Color:Black",1,BLR5,CARRIER_DAMAGED,UNDELIVERABLE_REFUSED,LPNBLR5O4337532,
2026-08-02T12:06:59+00:00,406-4231798-7388369,FBS69548,B012R0UNAW,X00284E6D1,"Emporio Armani Stainless Steel Gianni T-Bar Analog White Dial Women Watch - Ar1926, Multi-Color Band",1,BLR5,SELLABLE,APPAREL_STYLE,LPNBLR5O4329247,
2026-08-02T11:00:43+00:00,406-1259598-1589112,FBA79879,B0FCVBY986,X002E9FQC5,Fossil Raquel Gold Quartz Stainless Steel Watch ES5434,1,DEL2,SELLABLE,UNDELIVERABLE_REFUSED,LPNDEL2R89979430,
2026-08-02T10:03:14+00:00,405-5586279-7381962,FBA79633,B0DJ2XHK2N,X00266GL6B,Fossil Women's Scarlette Multicolor Analog Quartz Stainless Steel Watch ES5388,1,DEL2,SELLABLE,UNDELIVERABLE_REFUSED,LPNDEL2R89887581,
2026-08-02T07:27:02+00:00,405-6327087-0499553,FBO66964,B00WM0CF4A,X001Q1U05P,Fossil Women's ES3843 Jacqueline Analog Quartz Blue Watch,1,BOM4,SELLABLE,APPAREL_STYLE,LPNBOM4N44900816,Too big for my hand. Does not look good.
2026-08-02T04:20:07+00:00,405-6565609-2616368,FBS79504,B0D935TWSR,X00284BTH7,Emporio Armani Silver Watch AR11637,1,DEL2,SELLABLE,APPAREL_TOO_LARGE,LPNDEL2R89319505,I want to return this product
2026-08-02T04:10:30+00:00,402-2959241-2563518,FBS79637,B0DC64BD5R,X00284BXJL,Fossil Sport Tourer Black Quartz Leather Watch FS6086,1,DEL2,SELLABLE,UNDELIVERABLE_REFUSED,LPNDEL2R87252010,
2026-08-02T04:07:48+00:00,404-6332938-1143555,FBA79925,B0FRVBBDM9,X002FTVT0R,Armani Exchange Black Watch AX4621,1,BOM4,CUSTOMER_DAMAGED,APPAREL_TOO_SMALL,LPNBOM4N44349941,
2026-08-01T14:21:47+00:00,404-5316364-0218727,FBA79929,B0FTMLYC74,X002FTZ7NR,Fossil Carlie Multicolor Quartz Stainless Steel Watch ES5439,1,BOM4,CUSTOMER_DAMAGED,APPAREL_TOO_SMALL,LPNBOM4N44906245,
2026-08-01T13:22:21+00:00,407-0203254-1088346,FBA79755,B0DSBRWZ8N,X0029WYD6H,Fossil Chronograph Men Neutra Brown Quartz Leather Gold Dial Watch FS6113,1,BLR5,SELLABLE,UNDELIVERABLE_REFUSED,LPNBLR5O4327385,
2026-08-01T08:00:45+00:00,407-1344239-1537116,FBA80093,B00H2ZDX00,X002J9G82H,Fossil End of Season Dean Analog Off-White Dial Men's Watch - FS4867,1,DEL2,CUSTOMER_DAMAGED,QUALITY_UNACCEPTABLE,LPNDEL2R89319651,
2026-08-01T07:04:04+00:00,406-4538235-7970702,FBS69579,B01MTYS3BW,X002844Z41,Diesel Analog Stainless Steel Black Dial and Band (Big dial) Men's Watch-DZ7395,1,BOM4,CUSTOMER_DAMAGED,APPAREL_TOO_LARGE,LPNBOM4N43494525,
2026-08-01T06:59:59+00:00,403-1239416-8220323,FBS70769,B07M7P7VLX,X00284ALD5,Fossil Women's Analog Watch (Black),1,DEL2,SELLABLE,DID_NOT_LIKE_COLOR,LPNDEL2R89319305,"The dial is almost invisible, poorly designed watch"
2026-08-01T05:26:24+00:00,171-9878400-2653904,FBA79882,B0FCVPBY7Y,X002E9CN8Z,Fossil Grant Multicolor Quartz Stainless Steel Watch FS6131,1,BOM4,SELLABLE,UNDELIVERABLE_REFUSED,LPNBOM4N44972908,
2026-08-01T05:20:53+00:00,406-8193489-7409116,FBS66987,B017SN1OI8,X002844YM9,Fossil Analog Blue Dial Men's Watch - FS5151,1,BOM4,SELLABLE,DID_NOT_LIKE_COLOR,LPNBOM4N44900808,
2026-08-01T05:03:44+00:00,403-2839347-9768334,FBS66974,B008AXYWHQ,X00284E6DB,Fossil Nate Chronograph Analog Black Dial Grey Band Men's Stainless Steel Watch - JR1401,1,BOM4,CUSTOMER_DAMAGED,SWITCHEROO,LPNBOM4N45115442,
2026-08-01T03:45:18+00:00,402-8477359-5565968,FBO66964,B00WM0CF4A,X001Q1U05P,Fossil Women's ES3843 Jacqueline Analog Quartz Blue Watch,1,BLR5,SELLABLE,DEFECTIVE,LPNBLR5O2528517,The straps has wrinkles type
2026-08-01T03:17:54+00:00,402-1782782-5776334,FBA79925,B0FRVBBDM9,X002FTVT0R,Armani Exchange Black Watch AX4621,1,BLR5,SELLABLE,APPAREL_TOO_SMALL,LPNBLR5O4292419,I found the dial a bit small
2026-07-31T13:33:40+00:00,408-9442626-2701164,FBS79422,B0CZ91YKMP,X00284EZ9L,Fossil Blue Dive Gold Watch ES5350,1,BLR5,SELLABLE,APPAREL_STYLE,LPNBLR5O3623629,Smaller dial than expected
2026-07-31T13:31:00+00:00,403-6104536-0977137,FBS79310,B0CRSQDJJ5,X002844XBB,"Michael Kors Analog Green Dial Men's Stainless Steel Watch-Mk9152, Band Color:Silver",1,BLR5,SELLABLE,UNDELIVERABLE_REFUSED,LPNBLR5O3899477,
2026-07-31T13:12:09+00:00,171-8210310-1036364,FBO67811,B06VV5QB6Q,X001Q1TZWJ,"Fossil Analog Black Dial Men's Watch-FS5308 Stainless Steel, Black Strap",1,BLR5,SELLABLE,APPAREL_TOO_LARGE,LPNBLR5O3341688,
2026-07-31T12:18:34+00:00,407-6992142-1054766,FBS70769,B07M7P7VLX,X00284ALD5,Fossil Women's Analog Watch (Black),1,DEL2,SELLABLE,UNDELIVERABLE_REFUSED,LPNDEL2R89886535,
2026-07-31T11:59:16+00:00,404-0846802-4544326,FBA79030,B0C7WKTMFC,X001UXYRM1,Michael Kors Analog Black Dial Men's Stainless Steel Watch-Mk9113,1,DEL2,CUSTOMER_DAMAGED,DAMAGED_BY_CARRIER,LPNDEL2R87379072,
2026-07-31T10:02:59+00:00,406-4519292-4092301,FBA79731,B0DSBQCZTK,X0029WZOYR,Armani Exchange Black Watch AX2463,1,DEL2,CUSTOMER_DAMAGED,QUALITY_UNACCEPTABLE,LPNDEL2R89318641,
2026-07-31T09:57:02+00:00,408-4341666-5686739,FBS76941,B0BFXL8ZP9,X00284BSUZ,"Fossil Neutra Analog Green Dial Men's Watch-FS5963 Genuine Leather, Brown Strap",1,DEL2,SELLABLE,UNDELIVERABLE_REFUSED,LPNDEL2R87282766,
2026-07-31T09:55:35+00:00,406-9257340-9671533,FBS66974,B008AXYWHQ,X00284E6DB,Fossil Nate Chronograph Analog Black Dial Grey Band Men's Stainless Steel Watch - JR1401,1,DEL2,CUSTOMER_DAMAGED,QUALITY_UNACCEPTABLE,LPNDEL2R89318639,
2026-07-31T07:50:05+00:00,171-6107075-0941901,FBO67803,B01487C7CO,X001Q1WUY9,Fossil Analog Brown Dial Men's Leather Band Watch - ME3098,1,DEL2,SELLABLE,UNDELIVERABLE_REFUSED,LPNDEL2R84111687,
2026-07-31T07:26:08+00:00,402-9528289-4195558,FBA79528,B0D93652ZY,X00241X1HP,Fossil Harlow Two Tone Watch ES5362,1,DEL2,SELLABLE,UNDELIVERABLE_REFUSED,LPNDEL2R84199423,
2026-07-31T05:40:50+00:00,408-3692898-0977126,FBO67803,B01487C7CO,X001Q1WUY9,Fossil Analog Brown Dial Men's Leather Band Watch - ME3098,1,CCX1,SELLABLE,DID_NOT_LIKE_COLOR,LPNCCX1B4445042,The watch is a little bit different from the product image. It doesn&#39;t suits me.
2026-07-31T05:13:22+00:00,407-5500442-5736333,FBS66974,B008AXYWHQ,X00284E6DB,Fossil Nate Chronograph Analog Black Dial Grey Band Men's Stainless Steel Watch - JR1401,1,BLR5,SELLABLE,UNDELIVERABLE_REFUSED,LPNBLR5O3341190,
2026-07-31T04:24:42+00:00,407-6825166-4240333,FBO70527,B00NVAWTLY,X001Q1Z6AJ,"Fossil Nate Analog Black Dial Men's Watch-JR1487 Genuine Leather, Brown Strap",1,DEL2,CUSTOMER_DAMAGED,SWITCHEROO,LPNDEL2R86893920,
2026-07-31T03:32:05+00:00,406-1163710-3221949,FBS66640,B00AFTTQ8I,X00284BSJV,Fossil Chronograph men Grant Brown Quartz Leather Watch FS4813IE,1,BLR5,SELLABLE,QUALITY_UNACCEPTABLE,LPNBLR5O3341065,
2026-07-30T15:18:50+00:00,407-0800054-3686755,FBA80045,B0GF7GZ4K7,X002IPG9UX,Fossil Crosby Multicolor Quartz Stainless Steel Watch FS6161,1,BOM4,SELLABLE,DID_NOT_LIKE_COLOR,LPNBOM4N44332525,
2026-07-30T13:54:02+00:00,171-2641797-1905107,FBS66974,B008AXYWHQ,X00284E6DB,Fossil Nate Chronograph Analog Black Dial Grey Band Men's Stainless Steel Watch - JR1401,1,BLR5,SELLABLE,QUALITY_UNACCEPTABLE,LPNBLR5P9965143,
2026-07-30T12:38:47+00:00,406-3288775-1952360,FBS66974,B008AXYWHQ,X00284E6DB,Fossil Nate Chronograph Analog Black Dial Grey Band Men's Stainless Steel Watch - JR1401,1,DEL2,SELLABLE,QUALITY_UNACCEPTABLE,LPNDEL2R90011971,
2026-07-30T12:06:32+00:00,403-4501937-6918758,FBA79864,B0FFDJHKR5,X002E9F0FD,Armani Exchange Silver Quartz Stainless Steel Watch AX2820,1,BLR5,SELLABLE,APPAREL_TOO_LARGE,LPNBLR5P9965129,
2026-07-30T11:17:18+00:00,405-4370663-2674721,FBS66636,B004D4S7AY,X002844YSN,Fossil Analog Gold Dial Women's Watch - ES2811,1,BLR5,SELLABLE,APPAREL_TOO_LARGE,LPNBLR5O4552208,
2026-07-30T10:51:44+00:00,408-0806593-9355503,FBA79882,B0FCVPBY7Y,X002E9CN8Z,Fossil Grant Multicolor Quartz Stainless Steel Watch FS6131,1,CCX1,SELLABLE,UNDELIVERABLE_REFUSED,LPNCCX1B2401811,
2026-07-30T08:18:27+00:00,404-2468156-0325131,FBA79528,B0D93652ZY,X00241X1HP,Fossil Harlow Two Tone Watch ES5362,1,BLR5,SELLABLE,UNDELIVERABLE_REFUSED,LPNBLR5O4534219,
2026-07-30T07:31:34+00:00,405-2996502-5276309,FBA79723,B0DT2QDBS3,X0029WXV3D,Emporio Armani Brown Quartz Leather Watch AR11665,1,DEL2,SELLABLE,DID_NOT_LIKE_COLOR,LPNDEL2R86922714,Didn’t like the colour
2026-07-30T06:58:32+00:00,405-5322646-5217133,FBO70527,B00NVAWTLY,X001Q1Z6AJ,"Fossil Nate Analog Black Dial Men's Watch-JR1487 Genuine Leather, Brown Strap",1,BOM4,CUSTOMER_DAMAGED,APPAREL_TOO_LARGE,LPNBOM4N44757690,
2026-07-30T06:10:01+00:00,408-6125824-8407531,FBA79749,B0DSBQN2B9,X0029WYD8Z,Fossil Men Everett Grey Quartz Stainless Steel Analog Watch FS6107,1,DEL2,SELLABLE,NOT_AS_DESCRIBED,LPNDEL2R87176646,
2026-07-30T05:50:34+00:00,408-8782851-2515558,FBS66636,B004D4S7AY,X002844YSN,Fossil Analog Gold Dial Women's Watch - ES2811,1,DEL2,SELLABLE,APPAREL_TOO_LARGE,LPNDEL2R87176844,
2026-07-30T04:12:02+00:00,406-5108155-2123518,FBS79649,B0DJ2W8W79,X00284AMCP,Michael Kors Sage Silver Watch MK9191,1,DEL2,SELLABLE,DID_NOT_LIKE_COLOR,LPNDEL2R87176833,The green/emerald dial looks very dull. Not as shown in pics/site.
2026-07-30T03:47:26+00:00,404-7754353-5918737,FBS66974,B008AXYWHQ,X00284E6DB,Fossil Nate Chronograph Analog Black Dial Grey Band Men's Stainless Steel Watch - JR1401,1,BLR5,CUSTOMER_DAMAGED,SWITCHEROO,LPNBLR5P9965081,
2026-07-30T03:27:18+00:00,171-4995993-3187526,FBO69595,B07CSNG8XL,X001Q1Z2U3,Fossil Carlie Analog White Dial Women's Watch - ES4433,1,DEL2,SELLABLE,APPAREL_TOO_LARGE,LPNDEL2R89541951,No need
2026-07-30T03:11:10+00:00,171-1402057-1414747,FBO66964,B00WM0CF4A,X001Q1U05P,Fossil Women's ES3843 Jacqueline Analog Quartz Blue Watch,1,DEL2,SELLABLE,QUALITY_UNACCEPTABLE,LPNDEL2R89541934,
2026-07-29T19:15:43+00:00,407-0295132-0925179,FBA79727,B0DT381WY9,X0029WZEN3,Emporio Armani Silver Quartz Stainless Steel Watch AR11674,1,BLR5,SELLABLE,APPAREL_STYLE,LPNBLR5O3980615,Didn&#39;t suit me
2026-07-29T17:48:44+00:00,404-7118565-6436345,FBO66964,B00WM0CF4A,X001Q1U05P,Fossil Women's ES3843 Jacqueline Analog Quartz Blue Watch,1,BLR5,SELLABLE,UNDELIVERABLE_REFUSED,LPNBLR5O2762993,
2026-07-29T16:20:17+00:00,403-1875477-7928344,FBS66987,B017SN1OI8,X002844YM9,Fossil Analog Blue Dial Men's Watch - FS5151,1,BLR5,SELLABLE,DID_NOT_LIKE_COLOR,LPNBLR5O3782809,
2026-07-29T14:44:00+00:00,171-7513959-5517901,FBA79527,B0D936GPVL,X00241X17F,Fossil Harlow Gold Watch ES5361,1,BOM4,SELLABLE,DID_NOT_LIKE_COLOR,LPNBOM4N44399082,Did not like the color its too golden
2026-07-29T10:43:49+00:00,405-8095351-5803546,FBA79527,B0D936GPVL,X00241X17F,Fossil Harlow Gold Watch ES5361,1,DEL2,SELLABLE,DID_NOT_LIKE_COLOR,LPNDEL2R89716442,
2026-07-29T10:18:26+00:00,407-6280247-5972314,FBA80093,B00H2ZDX00,X002J9G82H,Fossil End of Season Dean Analog Off-White Dial Men's Watch - FS4867,1,BOM4,SELLABLE,NEVER_ARRIVED,LPNBOM4N43677926,
2026-07-29T10:15:24+00:00,402-2522063-1245145,FBA79631,B0DJ2WKCPD,X00266RWJV,Fossil Women's Harlow Pink Quartz Analog Stainless Steel Watch ES5386,1,DEL2,SELLABLE,DID_NOT_LIKE_COLOR,LPNDEL2R87176835,
2026-07-29T10:07:21+00:00,406-7043676-3733917,FBO74415,B08QTW81S9,X001Q1WUU3,Fossil Everett Analog Blue Dial Men's Watch-FS5822,1,DEL2,SELLABLE,DID_NOT_LIKE_COLOR,LPNDEL2R84298731,
2026-07-29T09:26:57+00:00,408-1237315-3509117,FBA79730,B0DSBN63D1,X0029X1643,Armani Exchange Silver Quartz Stainless Steel Watch AX1767,1,DEL2,CUSTOMER_DAMAGED,APPAREL_STYLE,LPNDEL2R87374737,
2026-07-29T09:11:59+00:00,403-1714177-7305945,FBS69548,B012R0UNAW,X00284E6D1,"Emporio Armani Stainless Steel Gianni T-Bar Analog White Dial Women Watch - Ar1926, Multi-Color Band",1,BOM4,SELLABLE,APPAREL_STYLE,LPNBOM4N44683395,It does not look good on my skin colour
2026-07-29T08:32:53+00:00,406-1934767-8696359,FBS79637,B0DC64BD5R,X00284BXJL,Fossil Sport Tourer Black Quartz Leather Watch FS6086,1,DEL2,SELLABLE,POOR_FIT,LPNDEL2R89541854,
2026-07-29T07:53:08+00:00,402-7048791-1337169,FBS66974,B008AXYWHQ,X00284E6DB,Fossil Nate Chronograph Analog Black Dial Grey Band Men's Stainless Steel Watch - JR1401,1,BLR5,CUSTOMER_DAMAGED,MISORDERED,LPNBLR5O3501802,
2026-07-29T07:34:53+00:00,406-6487471-8661929,FBS79412,B07T3ZLNM3,X00284AM1L,"Diesel Leather Analog Silver Dial Men's Watch-Dz4665, Band Color -Brown",1,DEL2,SELLABLE,UNDELIVERABLE_REFUSED,LPNDEL2R87374650,
2026-07-29T07:10:34+00:00,408-7462128-3460346,FBA80234,B0GTCF15F4,X002MRJY3V,Fossil Everett Blue Watch FS6169,1,DEL2,SELLABLE,UNDELIVERABLE_REFUSED,LPNDEL2R89823008,
2026-07-29T06:39:47+00:00,407-7994821-9494760,FBA80029,B0GDHZ5QH8,X002IPGHCD,Armani Exchange Blue Quartz Leather Watch AX2767,1,DEL2,SELLABLE,APPAREL_TOO_LARGE,LPNDEL2R87176996,
2026-07-29T04:46:03+00:00,402-7069450-6686705,FBA79929,B0FTMLYC74,X002FTZ7NR,Fossil Carlie Multicolor Quartz Stainless Steel Watch ES5439,1,BOM4,CUSTOMER_DAMAGED,QUALITY_UNACCEPTABLE,LPNBOM4N44757723,
2026-07-29T04:17:41+00:00,402-8766426-4894706,FBA79933,B0FTMM455Z,X002FTVTHZ,Fossil Raquel Gold Quartz Stainless Steel Watch ES5452,1,DEL2,SELLABLE,APPAREL_STYLE,LPNDEL2R84198587,
2026-07-29T03:25:50+00:00,408-8133587-9207533,FBO67811,B06VV5QB6Q,X001Q1TZWJ,"Fossil Analog Black Dial Men's Watch-FS5308 Stainless Steel, Black Strap",1,BLR5,SELLABLE,APPAREL_STYLE,LPNBLR5O2861906,
2026-07-28T17:13:43+00:00,405-3574158-9852331,FBS66974,B008AXYWHQ,X00284E6DB,Fossil Nate Chronograph Analog Black Dial Grey Band Men's Stainless Steel Watch - JR1401,1,BLR5,SELLABLE,QUALITY_UNACCEPTABLE,LPNBLR5O3623373,
2026-07-28T12:03:43+00:00,408-5499334-3573907,FBS69548,B012R0UNAW,X00284E6D1,"Emporio Armani Stainless Steel Gianni T-Bar Analog White Dial Women Watch - Ar1926, Multi-Color Band",1,DEL2,CUSTOMER_DAMAGED,SWITCHEROO,LPNDEL2R89731505,
2026-07-28T08:38:23+00:00,402-1108900-1567538,FBS67801,B00HVBJ6W4,X00284BSYV,Fossil Riley Analog White & Beige Dial Women's Watch -ES3466,1,CCX1,SELLABLE,UNDELIVERABLE_REFUSED,LPNCCX1B2240872,
2026-07-28T08:36:17+00:00,403-4600718-8053934,FBS79556,B0D955YGX7,X00284EZ91,Michael Kors Analog Men Accelerator 2.0 Black Dial Gold Watch MK9177,1,DEL2,SELLABLE,UNDELIVERABLE_REFUSED,LPNDEL2R86892530,
2026-07-28T08:31:58+00:00,407-4010155-9713116,FBS66636,B004D4S7AY,X002844YSN,Fossil Analog Gold Dial Women's Watch - ES2811,1,BOM5,SELLABLE,UNDELIVERABLE_REFUSED,LPNBOM5F5928779,
2026-07-28T08:07:30+00:00,407-7148913-8626706,FBA79728,B0DT2KTXK3,X0029X1IIR,Emporio Armani Silver Quartz Stainless Steel Watch AR11676,1,DEL5,SELLABLE,UNDELIVERABLE_REFUSED,LPNDEL5S14780529,
2026-07-28T07:07:35+00:00,404-3468524-7810712,FBS79637,B0DC64BD5R,X00284BXJL,Fossil Sport Tourer Black Quartz Leather Watch FS6086,1,DEL2,SELLABLE,UNDELIVERABLE_REFUSED,LPNDEL2R84198080,
2026-07-28T05:15:54+00:00,407-3916059-3877138,FBS79336,B0CRD7DH79,X002844ZU5,"Fossil Men Sport Tourer Silver Quartz Stainless Steel Chronograph Watch Fs6045, Black Dial, Silver Band",1,DEL2,SELLABLE,UNWANTED_ITEM,LPNDEL2R89365739,
2026-07-28T04:34:32+00:00,408-0095217-0174779,FBA79934,B0FTKNBJY4,X002FTVTL1,Fossil Campbell Silver Quartz Stainless Steel Watch FS6139,1,BLR5,SELLABLE,UNWANTED_ITEM,LPNBLR5O2678666,
2026-07-28T04:14:22+00:00,406-3355207-6478737,FBS66974,B008AXYWHQ,X00284E6DB,Fossil Nate Chronograph Analog Black Dial Grey Band Men's Stainless Steel Watch - JR1401,1,BLR5,SELLABLE,UNDELIVERABLE_REFUSED,LPNBLR5O4199575,
2026-07-28T04:07:50+00:00,408-6742377-4454708,FBA79854,B0FFJ6T8YY,X002E9F0JT,Emporio Armani Silver Quartz Stainless Steel Watch AR11688,1,BLR5,SELLABLE,DID_NOT_LIKE_COLOR,LPNBLR5O3423087,I would like to return it as the dial color is not as expected and the watch is small too.
2026-07-28T03:40:06+00:00,406-1446484-7017915,FBO70527,B00NVAWTLY,X001Q1Z6AJ,"Fossil Nate Analog Black Dial Men's Watch-JR1487 Genuine Leather, Brown Strap",1,BLR5,SELLABLE,DEFECTIVE,LPNBLR5O2717914,Display is not clear due to cover might not sticked property
2026-07-28T03:24:48+00:00,408-5943341-4989128,FBA79883,B0FCVRKB8C,X002E9FUNP,Fossil Grant Multicolor Quartz Stainless Steel Watch FS6132,1,BOM4,CUSTOMER_DAMAGED,SWITCHEROO,LPNBOM4N44690537,
2026-07-27T21:31:06+00:00,408-2913655-2011540,FBO67803,B01487C7CO,X001Q1WUY9,Fossil Analog Brown Dial Men's Leather Band Watch - ME3098,1,BLR5,SELLABLE,DID_NOT_LIKE_COLOR,LPNBLR5O3872839,received wrong colour
2026-07-27T15:13:44+00:00,407-7729787-1104303,FBS66974,B008AXYWHQ,X00284E6DB,Fossil Nate Chronograph Analog Black Dial Grey Band Men's Stainless Steel Watch - JR1401,1,BLR5,SELLABLE,QUALITY_UNACCEPTABLE,LPNBLR5O3454506,
2026-07-27T12:08:28+00:00,407-7148913-8626706,FBA79728,B0DT2KTXK3,X0029X1IIR,Emporio Armani Silver Quartz Stainless Steel Watch AR11676,1,DEL2,SELLABLE,UNDELIVERABLE_REFUSED,LPNDEL2R89365555,
2026-07-27T11:01:05+00:00,171-4049335-3083526,FBA79940,B0FTK1RVG8,X002FTZH0P,Fossil Crosby Brown Quartz Leather Watch FS6150,1,BOM4,SELLABLE,UNDELIVERABLE_REFUSED,LPNBOM4N44677113,
2026-07-27T09:24:36+00:00,171-0492072-9090735,FBS74758,B0846PC77Q,X002844ZCD,Armani Exchange Analogue Men's Watch (Black Dial Black Colored Strap),1,DEL2,CUSTOMER_DAMAGED,POOR_FIT,LPNDEL2R87810601,
2026-07-27T08:38:50+00:00,408-3604655-2984313,FBO67811,B06VV5QB6Q,X001Q1TZWJ,"Fossil Analog Black Dial Men's Watch-FS5308 Stainless Steel, Black Strap",1,BLR5,SELLABLE,APPAREL_TOO_LARGE,LPNBLR5O3500660,
2026-07-27T08:38:50+00:00,408-3604655-2984313,FBO67811,B06VV5QB6Q,X001Q1TZWJ,"Fossil Analog Black Dial Men's Watch-FS5308 Stainless Steel, Black Strap",1,BLR5,SELLABLE,APPAREL_TOO_LARGE,LPNBLR5O3500664,
2026-07-27T08:38:50+00:00,408-3604655-2984313,FBO67811,B06VV5QB6Q,X001Q1TZWJ,"Fossil Analog Black Dial Men's Watch-FS5308 Stainless Steel, Black Strap",1,BLR5,SELLABLE,APPAREL_TOO_LARGE,LPNBLR5O3500659,
2026-07-27T08:38:40+00:00,402-2054814-1889927,FBO67803,B01487C7CO,X001Q1WUY9,Fossil Analog Brown Dial Men's Leather Band Watch - ME3098,1,BLR5,SELLABLE,UNDELIVERABLE_REFUSED,LPNBLR5O3918305,
2026-07-27T08:08:49+00:00,405-4238045-0139519,FBO67811,B06VV5QB6Q,X001Q1TZWJ,"Fossil Analog Black Dial Men's Watch-FS5308 Stainless Steel, Black Strap",1,BLR5,SELLABLE,APPAREL_TOO_SMALL,LPNBLR5O2738418,
2026-07-27T08:08:49+00:00,405-4238045-0139519,FBO67811,B06VV5QB6Q,X001Q1TZWJ,"Fossil Analog Black Dial Men's Watch-FS5308 Stainless Steel, Black Strap",1,BLR5,SELLABLE,APPAREL_TOO_SMALL,LPNBLR5O2738413,
2026-07-27T08:08:49+00:00,405-4238045-0139519,FBO67811,B06VV5QB6Q,X001Q1TZWJ,"Fossil Analog Black Dial Men's Watch-FS5308 Stainless Steel, Black Strap",1,BLR5,SELLABLE,APPAREL_TOO_SMALL,LPNBLR5O2738417,
2026-07-27T06:26:24+00:00,171-4730046-4385109,FBA79529,B0D9362N4Q,X00241S2SN,Fossil Harlow Silver Watch ES5363,1,BOM4,SELLABLE,UNDELIVERABLE_REFUSED,LPNBOM4N44808412,
2026-07-27T06:16:46+00:00,406-5406720-0381946,FBS66974,B008AXYWHQ,X00284E6DB,Fossil Nate Chronograph Analog Black Dial Grey Band Men's Stainless Steel Watch - JR1401,1,BLR5,SELLABLE,UNDELIVERABLE_REFUSED,LPNBLR5O0524963,
2026-07-27T05:20:15+00:00,404-0168451-9704334,FBS70827,B07MM5MH6F,X002844YU1,"Fossil Watch, Black, Free Size, (FS5512)",1,BLR5,SELLABLE,APPAREL_STYLE,LPNBLR5O2666732,
2026-07-26T12:30:36+00:00,403-2525193-2446756,FBS79638,B0DC674ZNR,X00284BTTZ,Fossil Sport Tourer Black Quartz Silicone Watch FS6087,1,DEL2,SELLABLE,UNDELIVERABLE_REFUSED,LPNDEL2R90099082,
2026-07-26T12:00:02+00:00,171-4114430-8339500,FBA79640,B0DJ2V3TH2,X00266O85H,Fossil Men's Everett Gold Quartz Analog Stainless Steel Watch FS6090,1,DEL2,SELLABLE,UNDELIVERABLE_REFUSED,LPNDEL2R89853281,
2026-07-26T08:07:06+00:00,403-5016585-9388302,FBS74721,B00AMWDOEK,X00284ALDF,Fossil Grant Chronograph Beige Dial Men's Watch - FS4735,1,BOM4,CUSTOMER_DAMAGED,SWITCHEROO,LPNBOM4N44123129,
2026-07-26T07:09:21+00:00,407-7785333-4097123,FBA79029,B0CBCWGTGR,X001UXQ189,Diesel Scraper Brown Watch DZ2189,1,DEL2,SELLABLE,UNDELIVERABLE_REFUSED,LPNDEL2R81970073,
2026-07-26T05:56:53+00:00,171-7450890-6324339,FBP74728,B078Y2PJL4,X001TN5VMR,"Fossil Stainless Steel Women Karli Rose Gold Dial Analog Watch Bq3181, Rose Gold Band",1,DEL2,CUSTOMER_DAMAGED,APPAREL_STYLE,LPNDEL2R89364657,
2026-07-26T05:54:08+00:00,407-9712670-5125961,FBA80093,B00H2ZDX00,X002J9G82H,Fossil End of Season Dean Analog Off-White Dial Men's Watch - FS4867,1,DEL2,SELLABLE,DEFECTIVE,LPNDEL2R89852943,
2026-07-25T17:06:04+00:00,406-7710825-6682757,FBA79633,B0DJ2XHK2N,X00266GL6B,Fossil Women's Scarlette Multicolor Analog Quartz Stainless Steel Watch ES5388,1,BLR5,CUSTOMER_DAMAGED,DEFECTIVE,LPNBLR5O3453197,
2026-07-25T10:16:11+00:00,407-4740438-8300309,FBA79748,B0DSBSGK17,X0029WWIJL,Fossil Men Everett Multicolor Quartz Stainless Steel Green Dial Analog Watch FS6106,1,DEL2,SELLABLE,APPAREL_TOO_LARGE,LPNDEL2R69781048,Size is too big
2026-07-25T09:08:06+00:00,408-7639608-5317132,FBA79930,B0FS5QZRYB,X002FTXN65,Fossil Scarlette Multicolor Quartz Stainless Steel Watch ES5443,1,CCX1,SELLABLE,APPAREL_STYLE,LPNCCX1B4084771,Product does not look goid
2026-07-25T06:38:03+00:00,405-7798472-1462769,FBS79638,B0DC674ZNR,X00284BTTZ,Fossil Sport Tourer Black Quartz Silicone Watch FS6087,1,DEL2,SELLABLE,APPAREL_TOO_SMALL,LPNDEL2R89852761,Not fixed in wrist
2026-07-25T04:23:00+00:00,407-1376070-2778751,FBO69595,B07CSNG8XL,X001Q1Z2U3,Fossil Carlie Analog White Dial Women's Watch - ES4433,1,DEL2,CUSTOMER_DAMAGED,APPAREL_STYLE,LPNDEL2R89852728,
2026-07-25T03:43:44+00:00,404-2673824-0621923,FBO66627,B007NM84PQ,X001Q1Z7ET,Fossil Women Jesse Analog Rose Gold Dial Watch - ES3020,1,BOM4,SELLABLE,UNDELIVERABLE_UNKNOWN,LPNBOM4N44089347,
2026-07-24T21:59:29+00:00,405-4203978-7951544,FBA79525,B0D954M6YQ,X00241X19D,Fossil Neutra Silver Watch ES5357,1,BOM4,CUSTOMER_DAMAGED,APPAREL_STYLE,LPNBOM4N44397925,
2026-07-24T18:19:20+00:00,402-4183575-3627510,FBA79748,B0DSBSGK17,X0029WWIJL,Fossil Men Everett Multicolor Quartz Stainless Steel Green Dial Analog Watch FS6106,1,BLR5,SELLABLE,SWITCHEROO,LPNBLR5P8702895,
2026-07-24T16:29:21+00:00,407-5141178-7833963,FBA79882,B0FCVPBY7Y,X002E9CN8Z,Fossil Grant Multicolor Quartz Stainless Steel Watch FS6131,1,CCX1,SELLABLE,QUALITY_UNACCEPTABLE,LPNCCX1B4624206,Dial not clear....water vapour formation inside the dial
2026-07-24T14:12:33+00:00,405-0261855-9924355,FBA79145,B0CJ6ZW8F6,X001WI622R,"Fossil Watch Ring Gold dial ES5319 for Women, Analog, Stainless Steel, Gold Strap",1,BOM4,SELLABLE,UNWANTED_ITEM,LPNBOM4N44122077,
2026-07-24T12:26:18+00:00,404-0688229-8269131,FBO70527,B00NVAWTLY,X001Q1Z6AJ,"Fossil Nate Analog Black Dial Men's Watch-JR1487 Genuine Leather, Brown Strap",1,DEL2,CUSTOMER_DAMAGED,QUALITY_UNACCEPTABLE,LPNDEL2R85243243,
2026-07-24T12:22:00+00:00,402-4481275-5886714,FBS74721,B00AMWDOEK,X00284ALDF,Fossil Grant Chronograph Beige Dial Men's Watch - FS4735,1,BOM4,SELLABLE,UNDELIVERABLE_REFUSED,LPNBOM4N44392190,
2026-07-24T11:28:00+00:00,404-7769394-0192311,FBA79633,B0DJ2XHK2N,X00266GL6B,Fossil Women's Scarlette Multicolor Analog Quartz Stainless Steel Watch ES5388,1,BLR5,SELLABLE,UNDELIVERABLE_REFUSED,LPNBLR5O3430466,
2026-07-24T11:24:20+00:00,403-8386298-1761119,FBA79753,B0DSBSD26P,X0029WWINH,Fossil Chronograph Men Neutra Grey Quartz Stainless Steel Blue Dial Watch FS6111,1,BLR5,SELLABLE,APPAREL_STYLE,LPNBLR5O3453045,Return and refund
2026-07-24T10:51:16+00:00,408-3433218-8186731,FBA79882,B0FCVPBY7Y,X002E9CN8Z,Fossil Grant Multicolor Quartz Stainless Steel Watch FS6131,1,BLR5,SELLABLE,APPAREL_STYLE,LPNBLR5O3509755,I would like to purchase from another brand
2026-07-24T10:47:20+00:00,402-4779157-9817131,FBA79633,B0DJ2XHK2N,X00266GL6B,Fossil Women's Scarlette Multicolor Analog Quartz Stainless Steel Watch ES5388,1,DEL2,SELLABLE,UNDELIVERABLE_REFUSED,LPNDEL2R86103037,
2026-07-24T09:42:16+00:00,406-2909374-9353968,FBS79637,B0DC64BD5R,X00284BXJL,Fossil Sport Tourer Black Quartz Leather Watch FS6086,1,DEL2,SELLABLE,UNDELIVERABLE_UNKNOWN,LPNDEL2R89831748,
2026-07-24T08:57:56+00:00,404-3473148-2921102,FBO67803,B01487C7CO,X001Q1WUY9,Fossil Analog Brown Dial Men's Leather Band Watch - ME3098,1,BLR5,SELLABLE,NOT_AS_DESCRIBED,LPNBLR5O2696748,
2026-07-24T05:40:32+00:00,171-0560993-3025120,FBS66974,B008AXYWHQ,X00284E6DB,Fossil Nate Chronograph Analog Black Dial Grey Band Men's Stainless Steel Watch - JR1401,1,BLR5,SELLABLE,UNDELIVERABLE_REFUSED,LPNBLR5O4574966,
2026-07-24T04:54:11+00:00,407-8973797-0762734,FBS66974,B008AXYWHQ,X00284E6DB,Fossil Nate Chronograph Analog Black Dial Grey Band Men's Stainless Steel Watch - JR1401,1,DEL2,CUSTOMER_DAMAGED,DEFECTIVE,LPNDEL2R90010401,
2026-07-24T03:52:59+00:00,171-6041998-5633939,FBS66974,B008AXYWHQ,X00284E6DB,Fossil Nate Chronograph Analog Black Dial Grey Band Men's Stainless Steel Watch - JR1401,1,BOM4,CUSTOMER_DAMAGED,DEFECTIVE,LPNBOM4N44122078,
2026-07-24T03:23:21+00:00,171-3665859-5054740,FBS66974,B008AXYWHQ,X00284E6DB,Fossil Nate Chronograph Analog Black Dial Grey Band Men's Stainless Steel Watch - JR1401,1,CCX1,SELLABLE,QUALITY_UNACCEPTABLE,LPNCCX1B5532196,
2026-07-23T21:46:24+00:00,407-3029649-9877124,FBO66964,B00WM0CF4A,X001Q1U05P,Fossil Women's ES3843 Jacqueline Analog Quartz Blue Watch,1,BLR5,SELLABLE,UNDELIVERABLE_UNKNOWN,LPNBLR5O3815302,
2026-07-23T18:45:41+00:00,408-5122219-5623530,FBO69595,B07CSNG8XL,X001Q1Z2U3,Fossil Carlie Analog White Dial Women's Watch - ES4433,1,CCX1,SELLABLE,UNWANTED_ITEM,LPNCCX1B4934337,
2026-07-23T10:06:47+00:00,407-5264563-1541958,FBA79882,B0FCVPBY7Y,X002E9CN8Z,Fossil Grant Multicolor Quartz Stainless Steel Watch FS6131,1,DEL2,SELLABLE,UNDELIVERABLE_UNKNOWN,LPNBLR5O1991422,
2026-07-23T09:18:27+00:00,408-3235405-5443510,FBA79528,B0D93652ZY,X00241X1HP,Fossil Harlow Two Tone Watch ES5362,1,BLR5,SELLABLE,FOUND_BETTER_PRICE,LPNBLR5O3530653,
2026-07-23T08:51:05+00:00,403-6559742-5400361,FBS66974,B008AXYWHQ,X00284E6DB,Fossil Nate Chronograph Analog Black Dial Grey Band Men's Stainless Steel Watch - JR1401,1,BLR5,SELLABLE,NOT_COMPATIBLE,LPNBLR5O4116495,
2026-07-23T08:19:46+00:00,406-2695040-7665906,FBO70527,B00NVAWTLY,X001Q1Z6AJ,"Fossil Nate Analog Black Dial Men's Watch-JR1487 Genuine Leather, Brown Strap",1,DEL2,SELLABLE,APPAREL_TOO_LARGE,LPNDEL2R90010209,Product is wonderful but dial is too big. Actually i was out of state. Just saw this watch
2026-07-23T07:06:13+00:00,404-8255567-4580369,FBO66963,B00AG37H8Y,X001Q1V7N9,"Fossil Analog White Dial Men's Watch-FS4795 Stainless Steel, Multicolor Strap",1,BLR5,CUSTOMER_DAMAGED,QUALITY_UNACCEPTABLE,LPNBLR5O4169563,
2026-07-23T06:47:52+00:00,403-4554423-2735541,FBA79528,B0D93652ZY,X00241X1HP,Fossil Harlow Two Tone Watch ES5362,1,DEL2,SELLABLE,FOUND_BETTER_PRICE,LPNDEL2R89831414,
2026-07-23T06:06:12+00:00,403-9424426-7598759,FBO70527,B00NVAWTLY,X001Q1Z6AJ,"Fossil Nate Analog Black Dial Men's Watch-JR1487 Genuine Leather, Brown Strap",1,BLR5,SELLABLE,APPAREL_STYLE,LPNBLR5O0039057,"It is very very heavy , I did not expected that, so want to return it and get my refund back"
2026-07-23T05:52:31+00:00,402-3642357-8613123,FBS79637,B0DC64BD5R,X00284BXJL,Fossil Sport Tourer Black Quartz Leather Watch FS6086,1,DEL2,SELLABLE,APPAREL_STYLE,LPNDEL2R87752186,
2026-07-23T04:08:47+00:00,406-8778434-5125160,FBS75346,B08XBYKWW3,X00284BX19,Emporio Armani Diver Analog Green Dial Men's Watch-AR11338,1,DEL2,SELLABLE,DID_NOT_LIKE_COLOR,LPNDEL2R87760547,Doesn&#39;t like it
2026-07-23T03:34:49+00:00,404-6890020-9302731,FBS67801,B00HVBJ6W4,X00284BSYV,Fossil Riley Analog White & Beige Dial Women's Watch -ES3466,1,DEL2,CARRIER_DAMAGED,UNDELIVERABLE_UNKNOWN,LPNDEL2R89364015,
2026-07-22T19:25:44+00:00,402-6980119-3410725,FBA79528,B0D93652ZY,X00241X1HP,Fossil Harlow Two Tone Watch ES5362,1,BOM4,SELLABLE,UNDELIVERABLE_REFUSED,LPNBOM4N44119870,
2026-07-22T15:35:06+00:00,402-0258983-7491528,FBS75260,B00DUCIK7U,X002HDW06X,Fossil Decker Brown Watch CH2882,1,BOM4,SELLABLE,UNDELIVERABLE_REFUSED,LPNBOM4N44078496,
2026-07-22T15:16:36+00:00,403-5517323-1809110,FBA79753,B0DSBSD26P,X0029WWINH,Fossil Chronograph Men Neutra Grey Quartz Stainless Steel Blue Dial Watch FS6111,1,BOM4,SELLABLE,UNDELIVERABLE_REFUSED,LPNBOM4N44078460,
2026-07-22T12:21:19+00:00,405-4327428-3475502,FBS66974,B008AXYWHQ,X00284E6DB,Fossil Nate Chronograph Analog Black Dial Grey Band Men's Stainless Steel Watch - JR1401,1,DEL2,CUSTOMER_DAMAGED,QUALITY_UNACCEPTABLE,LPNDEL2R90100373,
2026-07-22T11:40:15+00:00,171-9433154-0259515,FBO66964,B00WM0CF4A,X001Q1U05P,Fossil Women's ES3843 Jacqueline Analog Quartz Blue Watch,1,BLR5,SELLABLE,APPAREL_TOO_LARGE,LPNBLR5O4038008,Large
2026-07-22T06:39:50+00:00,405-8656548-4277128,FBA80093,B00H2ZDX00,X002J9G82H,Fossil End of Season Dean Analog Off-White Dial Men's Watch - FS4867,1,BLR5,SELLABLE,UNDELIVERABLE_REFUSED,LPNBLR5O4657230,
2026-07-22T06:06:20+00:00,405-4647207-3089943,FBS66974,B008AXYWHQ,X00284E6DB,Fossil Nate Chronograph Analog Black Dial Grey Band Men's Stainless Steel Watch - JR1401,1,BLR5,SELLABLE,NOT_COMPATIBLE,LPNBLR5P8745633,
2026-07-22T05:06:56+00:00,404-3008893-7239508,FBO67811,B06VV5QB6Q,X001Q1TZWJ,"Fossil Analog Black Dial Men's Watch-FS5308 Stainless Steel, Black Strap",1,DEL2,CUSTOMER_DAMAGED,APPAREL_TOO_LARGE,LPNDEL2R84303870,
2026-07-22T04:54:24+00:00,407-2642635-3517934,FBS66974,B008AXYWHQ,X00284E6DB,Fossil Nate Chronograph Analog Black Dial Grey Band Men's Stainless Steel Watch - JR1401,1,BLR5,CUSTOMER_DAMAGED,SWITCHEROO,LPNBLR5O3613282,
2026-07-22T03:57:34+00:00,407-9975564-1495559,FBA79940,B0FTK1RVG8,X002FTZH0P,Fossil Crosby Brown Quartz Leather Watch FS6150,1,DEL2,SELLABLE,APPAREL_STYLE,LPNDEL2R89413334,
2026-07-21T14:43:21+00:00,403-8033702-7647564,FBO74415,B08QTW81S9,X001Q1WUU3,Fossil Everett Analog Blue Dial Men's Watch-FS5822,1,BLR5,SELLABLE,UNDELIVERABLE_REFUSED,LPNBLR5O3522129,
2026-07-21T11:20:47+00:00,408-9239303-0591565,FBS66974,B008AXYWHQ,X00284E6DB,Fossil Nate Chronograph Analog Black Dial Grey Band Men's Stainless Steel Watch - JR1401,1,BLR5,SELLABLE,QUALITY_UNACCEPTABLE,LPNBLR5O2272055,
2026-07-21T11:19:30+00:00,405-5080969-3622704,FBA79929,B0FTMLYC74,X002FTZ7NR,Fossil Carlie Multicolor Quartz Stainless Steel Watch ES5439,1,BLR5,SELLABLE,APPAREL_STYLE,LPNBLR5O3558250,Didn’t like
2026-07-21T08:57:10+00:00,408-0921264-3265159,FBO66627,B007NM84PQ,X001Q1Z7ET,Fossil Women Jesse Analog Rose Gold Dial Watch - ES3020,1,BLR5,SELLABLE,APPAREL_STYLE,LPNBLR5O3613270,
2026-07-21T08:25:43+00:00,404-6800974-1273919,FBS76941,B0BFXL8ZP9,X00284BSUZ,"Fossil Neutra Analog Green Dial Men's Watch-FS5963 Genuine Leather, Brown Strap",1,DEL2,SELLABLE,UNDELIVERABLE_REFUSED,LPNDEL2R89504233,
2026-07-21T07:54:40+00:00,403-1162823-0252342,FBA79882,B0FCVPBY7Y,X002E9CN8Z,Fossil Grant Multicolor Quartz Stainless Steel Watch FS6131,1,DEL2,SELLABLE,APPAREL_TOO_LARGE,LPNDEL2R89413287,Too Large and heavy
2026-07-21T07:30:16+00:00,408-0354430-9861128,FBS66640,B00AFTTQ8I,X00284BSJV,Fossil Chronograph men Grant Brown Quartz Leather Watch FS4813IE,1,DEL2,SELLABLE,UNDELIVERABLE_REFUSED,LPNDEL2R89504186,
2026-07-21T07:13:44+00:00,405-4001989-5265118,FBS66974,B008AXYWHQ,X00284E6DB,Fossil Nate Chronograph Analog Black Dial Grey Band Men's Stainless Steel Watch - JR1401,1,BLR5,SELLABLE,UNDELIVERABLE_UNKNOWN,LPNBLR5O4066604,
2026-07-21T07:00:10+00:00,407-8225930-1828305,FBA79529,B0D9362N4Q,X00241S2SN,Fossil Harlow Silver Watch ES5363,1,BLR5,SELLABLE,UNDELIVERABLE_REFUSED,LPNBLR5O2974330,
2026-07-21T06:34:59+00:00,404-4970278-5072366,FBO70527,B00NVAWTLY,X001Q1Z6AJ,"Fossil Nate Analog Black Dial Men's Watch-JR1487 Genuine Leather, Brown Strap",1,BLR5,SELLABLE,APPAREL_TOO_LARGE,LPNBLR5O2262880,Too large for my hand
2026-07-20T21:53:48+00:00,404-9224680-0876311,FBO66964,B00WM0CF4A,X001Q1U05P,Fossil Women's ES3843 Jacqueline Analog Quartz Blue Watch,1,DEL2,SELLABLE,APPAREL_STYLE,LPNDEL2R89831085,
2026-07-20T18:23:32+00:00,402-8394536-7041924,FBA80067,B0GF7561XM,X002IPU4K9,Fossil Neutra Brown Quartz Leather Watch FS6162,1,BLR5,CARRIER_DAMAGED,APPAREL_STYLE,LPNBLR5O4576525,
2026-07-20T17:08:53+00:00,404-6817072-4416334,FBA80093,B00H2ZDX00,X002J9G82H,Fossil End of Season Dean Analog Off-White Dial Men's Watch - FS4867,1,CCX1,SELLABLE,UNDELIVERABLE_UNKNOWN,LPNCCX1B5239908,
2026-07-20T13:09:42+00:00,408-8873686-2276318,FBS66974,B008AXYWHQ,X00284E6DB,Fossil Nate Chronograph Analog Black Dial Grey Band Men's Stainless Steel Watch - JR1401,1,BLR5,SELLABLE,QUALITY_UNACCEPTABLE,LPNBLR5O0521265,
2026-07-20T11:51:28+00:00,171-8307209-7660310,FBO69595,B07CSNG8XL,X001Q1Z2U3,Fossil Carlie Analog White Dial Women's Watch - ES4433,1,BLR5,SELLABLE,DID_NOT_LIKE_COLOR,LPNBLR5O2677117,The dial looks like low quality
2026-07-20T08:32:07+00:00,408-9607251-5642757,FBA79733,B0DSBS17RY,X0029WWGN9,Armani Exchange Silver Quartz Stainless Steel Watch AX4186,1,DEL2,SELLABLE,DID_NOT_LIKE_COLOR,LPNDEL2R89412988,Kindly initiate the refund
2026-07-20T06:21:58+00:00,404-6338953-5398718,FBS66974,B008AXYWHQ,X00284E6DB,Fossil Nate Chronograph Analog Black Dial Grey Band Men's Stainless Steel Watch - JR1401,1,BLR5,SELLABLE,QUALITY_UNACCEPTABLE,LPNBLR5O3224705,
2026-07-20T06:05:47+00:00,402-3846742-0482721,FBS66974,B008AXYWHQ,X00284E6DB,Fossil Nate Chronograph Analog Black Dial Grey Band Men's Stainless Steel Watch - JR1401,1,DEL2,SELLABLE,QUALITY_UNACCEPTABLE,LPNDEL2R89603104,
2026-07-20T04:59:38+00:00,403-1673180-6396325,FBS66974,B008AXYWHQ,X00284E6DB,Fossil Nate Chronograph Analog Black Dial Grey Band Men's Stainless Steel Watch - JR1401,1,BOM4,SELLABLE,NOT_COMPATIBLE,LPNBOM4N42514648,
2026-07-20T04:41:38+00:00,406-9894548-1696369,FBA79733,B0DSBS17RY,X0029WWGN9,Armani Exchange Silver Quartz Stainless Steel Watch AX4186,1,BLR5,SELLABLE,QUALITY_UNACCEPTABLE,LPNBLR5O3181766,Belt is distorted.
2026-07-20T04:22:58+00:00,171-8409860-9966759,FBA75673,B0B4DPX2J2,X002404FY9,"Audio Array USB Condenser Microphone Kit | for Podcasting, Online Meeting, Gaming, Singing & Live Streaming | Boom Arm, Pop Filter, Mic Cover, Spider Shock Mount, Tripod & 2.5M USB Cable | AM-C1",1,DEL2,CUSTOMER_DAMAGED,SWITCHEROO,LPNDEL2R89987222,
2026-07-20T03:09:08+00:00,405-3017763-6437928,FBA79633,B0DJ2XHK2N,X00266GL6B,Fossil Women's Scarlette Multicolor Analog Quartz Stainless Steel Watch ES5388,1,BLR5,SELLABLE,UNDELIVERABLE_UNKNOWN,LPNBLR5O3244497,
2026-07-19T19:12:07+00:00,406-0701846-6065115,FBO70527,B00NVAWTLY,X001Q1Z6AJ,"Fossil Nate Analog Black Dial Men's Watch-JR1487 Genuine Leather, Brown Strap",1,BLR5,SELLABLE,APPAREL_TOO_LARGE,LPNBLR5O2339487,Size to large
2026-07-19T18:30:30+00:00,405-5271583-2617920,FBS66974,B008AXYWHQ,X00284E6DB,Fossil Nate Chronograph Analog Black Dial Grey Band Men's Stainless Steel Watch - JR1401,1,BLR5,SELLABLE,QUALITY_UNACCEPTABLE,LPNBLR5O3616911,
2026-07-19T18:26:27+00:00,402-3497708-1173946,FBS66974,B008AXYWHQ,X00284E6DB,Fossil Nate Chronograph Analog Black Dial Grey Band Men's Stainless Steel Watch - JR1401,1,BLR5,SELLABLE,QUALITY_UNACCEPTABLE,LPNBLR5O4668919,
2026-07-19T17:42:02+00:00,404-1330528-0626702,FBS66636,B004D4S7AY,X002844YSN,Fossil Analog Gold Dial Women's Watch - ES2811,1,BLR5,SELLABLE,APPAREL_TOO_LARGE,LPNBLR5P8993681,Size is more
2026-07-19T12:43:13+00:00,403-9340901-7315528,FBO70527,B00NVAWTLY,X001Q1Z6AJ,"Fossil Nate Analog Black Dial Men's Watch-JR1487 Genuine Leather, Brown Strap",1,DEL2,CUSTOMER_DAMAGED,UNWANTED_ITEM,LPNDEL2R89605798,
2026-07-19T11:18:31+00:00,402-5191316-4587552,FBS67801,B00HVBJ6W4,X00284BSYV,Fossil Riley Analog White & Beige Dial Women's Watch -ES3466,1,DEL2,SELLABLE,UNDELIVERABLE_REFUSED,LPNDEL2R89713907,
2026-07-19T10:33:35+00:00,406-8547593-0689926,FBA79528,B0D93652ZY,X00241X1HP,Fossil Harlow Two Tone Watch ES5362,1,DEL2,SELLABLE,APPAREL_TOO_LARGE,LPNDEL2R89412655,
2026-07-19T09:24:39+00:00,403-8264958-9868353,FBS66974,B008AXYWHQ,X00284E6DB,Fossil Nate Chronograph Analog Black Dial Grey Band Men's Stainless Steel Watch - JR1401,1,DEL2,SELLABLE,QUALITY_UNACCEPTABLE,LPNDEL2R89342768,
2026-07-19T09:15:46+00:00,402-7346180-4015565,FBA80118,B07WGWGMBM,X002KPVYXN,Fossil Analog Blue Dial Men's Watch - FS5661,1,BLR5,SELLABLE,SWITCHEROO,LPNBLR5O3181021,
2026-07-19T08:17:15+00:00,403-3848049-2419546,FBS66640,B00AFTTQ8I,X00284BSJV,Fossil Chronograph men Grant Brown Quartz Leather Watch FS4813IE,1,BLR5,SELLABLE,UNDELIVERABLE_UNKNOWN,LPNBLR5O1071908,
2026-07-19T07:36:31+00:00,407-1951938-2433925,FBS79627,B0DKJHSD8R,X00284AM3J,Armani Exchange Analog Gray Dial Men's Stainless Steel Watch-AX4184,1,BOM4,SELLABLE,DID_NOT_LIKE_COLOR,LPNBOM4N43274165,Didn’t like it
2026-07-19T06:24:55+00:00,403-5496106-3728368,FBS66974,B008AXYWHQ,X00284E6DB,Fossil Nate Chronograph Analog Black Dial Grey Band Men's Stainless Steel Watch - JR1401,1,BLR5,SELLABLE,QUALITY_UNACCEPTABLE,LPNBLR5O2321458,
2026-07-19T05:12:33+00:00,406-2781729-0429133,FBS66974,B008AXYWHQ,X00284E6DB,Fossil Nate Chronograph Analog Black Dial Grey Band Men's Stainless Steel Watch - JR1401,1,DEL2,CUSTOMER_DAMAGED,QUALITY_UNACCEPTABLE,LPNDEL2R90199306,
2026-07-19T04:50:24+00:00,402-3807964-5958714,FBA79882,B0FCVPBY7Y,X002E9CN8Z,Fossil Grant Multicolor Quartz Stainless Steel Watch FS6131,1,BOM4,DEFECTIVE,DAMAGED_BY_CARRIER,LPNBOM4N43836969,Box is completely damaged .i have not opened the product
2026-07-19T04:27:53+00:00,171-7776496-1728317,FBA79633,B0DJ2XHK2N,X00266GL6B,Fossil Women's Scarlette Multicolor Analog Quartz Stainless Steel Watch ES5388,1,BLR5,SELLABLE,UNDELIVERABLE_REFUSED,LPNBLR5O3619780,
2026-07-19T04:19:19+00:00,407-5720411-3571540,FBS66974,B008AXYWHQ,X00284E6DB,Fossil Nate Chronograph Analog Black Dial Grey Band Men's Stainless Steel Watch - JR1401,1,BOM4,CUSTOMER_DAMAGED,QUALITY_UNACCEPTABLE,LPNBOM4N43878611,
2026-07-18T16:41:30+00:00,403-2719749-2880310,FBO76876,B0769YW2KN,X001Q1V7JN,"Fossil Analog Black Dial Men's Watch - ME3154, Brown, Free Size",1,BLR5,SELLABLE,APPAREL_TOO_LARGE,LPNBLR5O1015482,
2026-07-18T16:34:05+00:00,406-7039166-9149932,FBA79528,B0D93652ZY,X00241X1HP,Fossil Harlow Two Tone Watch ES5362,1,BLR5,SELLABLE,APPAREL_STYLE,LPNBLR5O1037691,Does not look good
2026-07-18T16:31:20+00:00,402-3655326-1758737,FBS66974,B008AXYWHQ,X00284E6DB,Fossil Nate Chronograph Analog Black Dial Grey Band Men's Stainless Steel Watch - JR1401,1,BLR5,SELLABLE,QUALITY_UNACCEPTABLE,LPNBLR5O3243444,
2026-07-18T12:35:05+00:00,408-1411904-5111516,FBA80118,B07WGWGMBM,X002KPVYXN,Fossil Analog Blue Dial Men's Watch - FS5661,1,DEL2,SELLABLE,QUALITY_UNACCEPTABLE,LPNDEL2R89604416,
2026-07-18T12:00:19+00:00,171-8905128-2865909,FBA79860,B0FFHXRJNS,X002E9IHKN,Emporio Armani Multicolor Quartz Plastic Watch AR11694,1,DEL2,SELLABLE,UNDELIVERABLE_REFUSED,LPNDEL2R89374292,
2026-07-18T11:30:15+00:00,407-1871544-4006750,FBS66974,B008AXYWHQ,X00284E6DB,Fossil Nate Chronograph Analog Black Dial Grey Band Men's Stainless Steel Watch - JR1401,1,BLR5,CUSTOMER_DAMAGED,SWITCHEROO,LPNBLR5O3616284,
2026-07-18T11:07:25+00:00,171-9121340-1827561,FBO70527,B00NVAWTLY,X001Q1Z6AJ,"Fossil Nate Analog Black Dial Men's Watch-JR1487 Genuine Leather, Brown Strap",1,BOM4,SELLABLE,QUALITY_UNACCEPTABLE,LPNBOM4N43492202,
2026-07-18T10:50:29+00:00,408-7455025-2351529,FBS66987,B017SN1OI8,X002844YM9,Fossil Analog Blue Dial Men's Watch - FS5151,1,DEL2,SELLABLE,APPAREL_STYLE,LPNDEL2R90238078,It does not look good on me
2026-07-18T09:26:33+00:00,405-3345233-0037117,FBS79336,B0CRD7DH79,X002844ZU5,"Fossil Men Sport Tourer Silver Quartz Stainless Steel Chronograph Watch Fs6045, Black Dial, Silver Band",1,BOM4,SELLABLE,UNWANTED_ITEM,LPNBOM4N42104039,
2026-07-18T09:23:23+00:00,171-9507406-0414712,FBA80093,B00H2ZDX00,X002J9G82H,Fossil End of Season Dean Analog Off-White Dial Men's Watch - FS4867,1,BOM4,SELLABLE,SWITCHEROO,LPNBOM4N42707913,
2026-07-18T09:13:42+00:00,404-6463294-7967525,FBS67801,B00HVBJ6W4,X00284BSYV,Fossil Riley Analog White & Beige Dial Women's Watch -ES3466,1,BOM4,CARRIER_DAMAGED,QUALITY_UNACCEPTABLE,LPNBOM4N43697595,
2026-07-18T08:03:30+00:00,403-9944795-1338712,FBO70527,B00NVAWTLY,X001Q1Z6AJ,"Fossil Nate Analog Black Dial Men's Watch-JR1487 Genuine Leather, Brown Strap",1,DEL2,SELLABLE,UNDELIVERABLE_REFUSED,LPNDEL2R86609431,
2026-07-18T07:37:53+00:00,402-1040053-8883538,FBA79746,B0DSBQDZNV,X0029WY6K5,Fossil Men Everett Silver Quartz Stainless Steel Blue Dial Analog Watch FS6104,1,DEL2,CUSTOMER_DAMAGED,SWITCHEROO,LPNDEL2R90238036,
2026-07-18T07:22:56+00:00,407-4167536-4089132,FBS66640,B00AFTTQ8I,X00284BSJV,Fossil Chronograph men Grant Brown Quartz Leather Watch FS4813IE,1,CCX1,SELLABLE,QUALITY_UNACCEPTABLE,LPNCCX1B5553675,
2026-07-18T06:51:34+00:00,408-0739475-7231543,FBA79528,B0D93652ZY,X00241X1HP,Fossil Harlow Two Tone Watch ES5362,1,BOM4,SELLABLE,UNDELIVERABLE_UNKNOWN,LPNBOM4N43704890,
2026-07-18T06:34:57+00:00,408-4756219-7041110,FBA80093,B00H2ZDX00,X002J9G82H,Fossil End of Season Dean Analog Off-White Dial Men's Watch - FS4867,1,BOM4,SELLABLE,DEFECTIVE,LPNBOM4N43710204,
2026-07-18T05:39:53+00:00,171-4695884-5818702,FBO70527,B00NVAWTLY,X001Q1Z6AJ,"Fossil Nate Analog Black Dial Men's Watch-JR1487 Genuine Leather, Brown Strap",1,BLR5,SELLABLE,APPAREL_STYLE,LPNBLR5O2320665,As i said in my last comments this watch not looks good to me and looks ugly so kindly return the same
2026-07-18T05:33:18+00:00,404-9844757-0932354,FBO70527,B00NVAWTLY,X001Q1Z6AJ,"Fossil Nate Analog Black Dial Men's Watch-JR1487 Genuine Leather, Brown Strap",1,BOM4,CUSTOMER_DAMAGED,QUALITY_UNACCEPTABLE,LPNBOM4N43294386,
2026-07-18T04:10:30+00:00,405-7432879-2264326,FBS66974,B008AXYWHQ,X00284E6DB,Fossil Nate Chronograph Analog Black Dial Grey Band Men's Stainless Steel Watch - JR1401,1,BLR5,SELLABLE,SWITCHEROO,LPNBLR5O3167521,
2026-07-18T03:29:35+00:00,402-1135214-9121152,FBS79651,B0DJ2WP1M5,X00284BO8B,Michael Kors Sage Black Watch MK9193,1,DEL2,SELLABLE,APPAREL_STYLE,LPNDEL2R89830965,
2026-07-18T03:17:43+00:00,402-8024432-3621954,FBS70827,B07MM5MH6F,X002844YU1,"Fossil Watch, Black, Free Size, (FS5512)",1,BLR5,SELLABLE,DID_NOT_LIKE_COLOR,LPNBLR5O3224478,
2026-07-17T20:38:00+00:00,404-4365541-6095519,FBA79731,B0DSBQCZTK,X0029WZOYR,Armani Exchange Men Analogue Black Band Black Quartz Stainless Steel Watch AX2463,1,CCX1,SELLABLE,QUALITY_UNACCEPTABLE,LPNCCX1B4584477,
2026-07-17T14:14:43+00:00,408-3716183-4491532,FBS70827,B07MM5MH6F,X002844YU1,"Fossil Watch, Black, Free Size, (FS5512)",1,DEL2,CUSTOMER_DAMAGED,SWITCHEROO,LPNDEL2R90173506,
2026-07-17T14:01:32+00:00,405-8986679-1314754,FBA80093,B00H2ZDX00,X002J9G82H,Fossil End of Season Dean Analog Off-White Dial Men's Watch - FS4867,1,BLR5,SELLABLE,UNDELIVERABLE_REFUSED,LPNBLR5O2192743,
2026-07-17T12:49:22+00:00,402-4430943-2885167,FBP74728,B078Y2PJL4,X001TN5VMR,"Fossil Stainless Steel Women Karli Rose Gold Dial Analog Watch Bq3181, Rose Gold Band",1,BOM4,SELLABLE,UNDELIVERABLE_UNKNOWN,LPNBOM4N42128938,
2026-07-17T11:41:17+00:00,402-3786913-1517137,FBA79940,B0FTK1RVG8,X002FTZH0P,Fossil Crosby Brown Quartz Leather Watch FS6150,1,DEL2,DEFECTIVE,DID_NOT_LIKE_COLOR,LPNDEL2R89602310,Photo vs real not matching
2026-07-17T11:31:35+00:00,403-2306364-3590706,FBS66987,B017SN1OI8,X002844YM9,Fossil Analog Blue Dial Men's Watch - FS5151,1,BLR5,SELLABLE,UNDELIVERABLE_REFUSED,LPNBLR5O1004185,
2026-07-17T11:20:51+00:00,171-2640862-9863528,FBO66964,B00WM0CF4A,X001Q1U05P,Fossil Women's ES3843 Jacqueline Analog Quartz Blue Watch,1,BLR5,SELLABLE,QUALITY_UNACCEPTABLE,LPNBLR5P9302707,Watch is malfunctioning
2026-07-17T10:00:31+00:00,408-2234522-1302765,FBA79736,B0DSBPCW8R,X0029WTLRX,Armani Exchange Pink Quartz Stainless Steel Watch AX5729,1,BLR5,SELLABLE,SWITCHEROO,LPNBLR5O1014374,
2026-07-17T09:34:53+00:00,408-4513132-2939511,FBO66963,B00AG37H8Y,X001Q1V7N9,"Fossil Analog White Dial Men's Watch-FS4795 Stainless Steel, Multicolor Strap",1,DEL2,SELLABLE,UNWANTED_ITEM,LPNDEL2R90173254,
2026-07-17T09:34:41+00:00,408-5754444-7785905,FBO66964,B00WM0CF4A,X001Q1U05P,Fossil Women's ES3843 Jacqueline Analog Quartz Blue Watch,1,DEL2,SELLABLE,UNDELIVERABLE_REFUSED,LPNDEL2R90080383,
2026-07-17T08:30:21+00:00,405-0860548-7205154,FBS70769,B07M7P7VLX,X00284ALD5,Fossil Women's Analog Watch (Black),1,BLR5,CUSTOMER_DAMAGED,APPAREL_TOO_LARGE,LPNBLR5O2320154,
2026-07-17T08:20:21+00:00,407-6972575-5626714,FBA79555,B0D9564Z9T,X00241X1L1,Michael Kors Accelerator 2.0 Silver Watch MK9176,1,BLR5,SELLABLE,UNDELIVERABLE_REFUSED,LPNBLR5O2337382,
2026-07-17T08:17:01+00:00,404-9171395-8933124,FBS66640,B00AFTTQ8I,X00284BSJV,Fossil Chronograph men Grant Brown Quartz Leather Watch FS4813IE,1,BLR5,SELLABLE,UNDELIVERABLE_REFUSED,LPNBLR5O2490299,
2026-07-17T08:17:01+00:00,404-9171395-8933124,FBS66640,B00AFTTQ8I,X00284BSJV,Fossil Chronograph men Grant Brown Quartz Leather Watch FS4813IE,1,BLR5,SELLABLE,UNDELIVERABLE_REFUSED,LPNBLR5O2490301,
2026-07-17T07:55:54+00:00,407-6127264-3233100,FBS79557,B0D955NZTN,X002844XBL,Michael Kors Accelerator 2.0 Gun-Metal Watch MK9178,1,BLR5,SELLABLE,UNDELIVERABLE_REFUSED,LPNBLR5O1025300,
2026-07-17T05:04:46+00:00,408-9969658-0165902,FBA80095,B0CHXGWVZJ,X002JE5GOD,"Armani Exchange Stainless Steel Analog Green Dial Men Watch-Ax1746, Gold Band",1,DEL2,SELLABLE,UNDELIVERABLE_REFUSED,LPNDEL2R70043576,
2026-07-17T04:49:48+00:00,408-4464552-6197948,FBS66974,B008AXYWHQ,X00284E6DB,Fossil Nate Chronograph Analog Black Dial Grey Band Men's Stainless Steel Watch - JR1401,1,BLR5,CUSTOMER_DAMAGED,QUALITY_UNACCEPTABLE,LPNBLR5P9302657,
2026-07-17T04:20:33+00:00,404-8637232-0746763,FBA79640,B0DJ2V3TH2,X00266O85H,Fossil Men's Everett Gold Quartz Analog Stainless Steel Watch FS6090,1,DEL2,SELLABLE,APPAREL_STYLE,LPNDEL2R89602259,Not satisfied
2026-07-17T04:18:22+00:00,406-2752222-5993141,FBS66974,B008AXYWHQ,X00284E6DB,Fossil Nate Chronograph Analog Black Dial Grey Band Men's Stainless Steel Watch - JR1401,1,BOM4,SELLABLE,QUALITY_UNACCEPTABLE,LPNBOM4N43778469,
2026-07-17T04:15:22+00:00,403-8503148-4953108,FBA79925,B0FRVBBDM9,X002FTVT0R,Armani Exchange Black Watch AX4621,1,BLR5,SELLABLE,APPAREL_TOO_SMALL,LPNBLR5O4570429,Return
2026-07-17T03:42:18+00:00,405-2455171-0793160,FBS66974,B008AXYWHQ,X00284E6DB,Fossil Nate Chronograph Analog Black Dial Grey Band Men's Stainless Steel Watch - JR1401,1,BLR5,SELLABLE,DEFECTIVE,LPNBLR5O0524963,
2026-07-17T03:12:33+00:00,403-3744018-9541946,FBA79899,B07T62YVHY,X002E9HM1X,Diesel Wonder-D White Watch DZ5618,1,BLR5,CUSTOMER_DAMAGED,DAMAGED_BY_FC,LPNBLR5O3166888,
2026-07-17T03:08:40+00:00,406-7191908-2787510,FBO70527,B00NVAWTLY,X001Q1Z6AJ,"Fossil Nate Analog Black Dial Men's Watch-JR1487 Genuine Leather, Brown Strap",1,BOM4,SELLABLE,DAMAGED_BY_FC,LPNBOM4N43753535,The box was open and the inside packing is in shreds
2026-07-16T20:57:18+00:00,407-3860351-7406724,FBO66963,B00AG37H8Y,X001Q1V7N9,"Fossil Analog White Dial Men's Watch-FS4795 Stainless Steel, Multicolor Strap",1,BLR5,SELLABLE,APPAREL_STYLE,LPNBLR5O3199576,
2026-07-16T15:54:01+00:00,404-7741176-3976300,FBO70527,B00NVAWTLY,X001Q1Z6AJ,"Fossil Nate Analog Black Dial Men's Watch-JR1487 Genuine Leather, Brown Strap",1,BOM4,DEFECTIVE,QUALITY_UNACCEPTABLE,LPNBOM4N42707740,The push button is not working
2026-07-16T14:12:11+00:00,408-4216559-6041900,FBA80093,B00H2ZDX00,X002J9G82H,Fossil End of Season Dean Analog Off-White Dial Men's Watch - FS4867,1,BOM4,CUSTOMER_DAMAGED,SWITCHEROO,LPNBOM4N43753502,
2026-07-16T12:41:07+00:00,408-0087272-3261165,FBA80093,B00H2ZDX00,X002J9G82H,Fossil End of Season Dean Analog Off-White Dial Men's Watch - FS4867,1,DEL2,SELLABLE,SWITCHEROO,LPNDEL2R89313847,
2026-07-16T09:53:53+00:00,407-8997386-4767537,FBO70527,B00NVAWTLY,X001Q1Z6AJ,"Fossil Nate Analog Black Dial Men's Watch-JR1487 Genuine Leather, Brown Strap",1,BLR5,SELLABLE,FOUND_BETTER_PRICE,LPNBLR5P9302588,
2026-07-16T09:36:32+00:00,403-5364269-3165125,FBS66974,B008AXYWHQ,X00284E6DB,Fossil Nate Chronograph Analog Black Dial Grey Band Men's Stainless Steel Watch - JR1401,1,DEL2,CUSTOMER_DAMAGED,DEFECTIVE,LPNDEL2R88781603,
2026-07-16T08:43:30+00:00,407-7836470-4549131,FBA80068,B0GF7JSSRF,X002IPTO5F,Fossil Neutra Gold Quartz Stainless Steel Watch FS6164,1,DEL2,SELLABLE,APPAREL_STYLE,LPNDEL2R86784353,
2026-07-16T08:17:41+00:00,403-8130162-9271548,FBA80118,B07WGWGMBM,X002KPVYXN,Fossil Analog Blue Dial Men's Watch - FS5661,1,HYD8,CARRIER_DAMAGED,UNDELIVERABLE_REFUSED,LPNHYD8ES70767,
2026-07-16T07:40:40+00:00,406-9945140-3114753,FBA80093,B00H2ZDX00,X002J9G82H,Fossil End of Season Dean Analog Off-White Dial Men's Watch - FS4867,1,BLR5,SELLABLE,DEFECTIVE,LPNBLR5O0062184,
2026-07-16T05:54:50+00:00,404-9656396-5478766,FBO69595,B07CSNG8XL,X001Q1Z2U3,Fossil Carlie Analog White Dial Women's Watch - ES4433,1,DEL2,SELLABLE,APPAREL_STYLE,LPNDEL2R89863856,
2026-07-16T05:16:35+00:00,408-3248478-2728365,FBS73952,B00EVZ83J0,X00284AOPP,"Fossil Decker Brown Watch Ch2885 - Chronograph, Men, Leather",1,CCX1,SELLABLE,UNDELIVERABLE_REFUSED,LPNCCX1B4319074,
2026-07-16T04:55:19+00:00,408-5540701-7119503,FBO70527,B00NVAWTLY,X001Q1Z6AJ,"Fossil Nate Analog Black Dial Men's Watch-JR1487 Genuine Leather, Brown Strap",1,CCX1,SELLABLE,POOR_FIT,LPNCCX1B4735358,
2026-07-16T04:37:25+00:00,404-9105517-5713132,FBA80046,B0GF7BR5NH,X002IPBH6T,Fossil Neutra Brown Quartz Leather Watch FS6163,1,DEL2,DEFECTIVE,DEFECTIVE,LPNDEL2R89819800,Product looks used. There is no tag.
2026-07-16T03:21:02+00:00,402-5821272-0085925,FBS67801,B00HVBJ6W4,X00284BSYV,Fossil Riley Analog White & Beige Dial Women's Watch -ES3466,1,DEL2,SELLABLE,UNDELIVERABLE_UNKNOWN,LPNDEL2R89313462,
2026-07-15T20:05:48+00:00,402-6367708-8533111,FBS66974,B008AXYWHQ,X00284E6DB,Fossil Nate Chronograph Analog Black Dial Grey Band Men's Stainless Steel Watch - JR1401,1,BLR5,SELLABLE,QUALITY_UNACCEPTABLE,LPNBLR5O0140699,
2026-07-15T19:00:13+00:00,406-6100762-3214713,FBS67801,B00HVBJ6W4,X00284BSYV,Fossil Riley Analog White & Beige Dial Women's Watch -ES3466,1,BLR5,SELLABLE,QUALITY_UNACCEPTABLE,LPNBLR5P8054681,
2026-07-15T18:29:20+00:00,171-9755075-2836347,FBS79223,B0CFBB587Z,X00284BXA5,"Fossil Analog Multicolor Dial Men's Watch-ME3253 Stainless Steel, Black Strap",1,BOM4,CUSTOMER_DAMAGED,APPAREL_TOO_LARGE,LPNBOM4N42114716,
2026-07-15T17:44:35+00:00,406-4947903-6931544,FBS66987,B017SN1OI8,X002844YM9,Fossil Analog Blue Dial Men's Watch - FS5151,1,BLR5,SELLABLE,APPAREL_STYLE,LPNBLR5P8684161,Not suitable
2026-07-15T15:18:07+00:00,404-2279417-8041139,FBO70527,B00NVAWTLY,X001Q1Z6AJ,"Fossil Nate Analog Black Dial Men's Watch-JR1487 Genuine Leather, Brown Strap",1,BLR5,SELLABLE,UNDELIVERABLE_REFUSED,LPNBLR5O3240792,
2026-07-15T14:43:26+00:00,406-3201093-6061925,FBO66963,B00AG37H8Y,X001Q1V7N9,"Fossil Analog White Dial Men's Watch-FS4795 Stainless Steel, Multicolor Strap",1,BOM4,SELLABLE,APPAREL_TOO_LARGE,LPNBOM4N43393247,
2026-07-15T14:14:14+00:00,407-4253808-7985115,FBA80093,B00H2ZDX00,X002J9G82H,Fossil End of Season Dean Analog Off-White Dial Men's Watch - FS4867,1,BLR5,CUSTOMER_DAMAGED,DEFECTIVE,LPNBLR5O2636594,
2026-07-15T12:52:00+00:00,403-7347068-6686722,FBA80093,B00H2ZDX00,X002J9G82H,Fossil End of Season Dean Analog Off-White Dial Men's Watch - FS4867,1,DEL2,SELLABLE,UNDELIVERABLE_UNKNOWN,LPNDEL2R87408940,
2026-07-15T12:33:15+00:00,171-2373798-1283525,FBS66974,B008AXYWHQ,X00284E6DB,Fossil Nate Chronograph Analog Black Dial Grey Band Men's Stainless Steel Watch - JR1401,1,BLR5,SELLABLE,QUALITY_UNACCEPTABLE,LPNBLR5O2638899,
2026-07-15T12:21:45+00:00,408-9334476-2666733,FBS66974,B008AXYWHQ,X00284E6DB,Fossil Nate Chronograph Analog Black Dial Grey Band Men's Stainless Steel Watch - JR1401,1,BLR5,SELLABLE,QUALITY_UNACCEPTABLE,LPNBLR5P7517764,
2026-07-15T11:11:34+00:00,404-6962792-4209904,FBA79929,B0FTMLYC74,X002FTZ7NR,Fossil Carlie Multicolor Quartz Stainless Steel Watch ES5439,1,BLR5,CARRIER_DAMAGED,UNDELIVERABLE_REFUSED,LPNBLR5P8763472,
2026-07-15T09:06:06+00:00,403-5923629-9029920,FBS79539,B0D955L5S7,X00284EZ3R,Michael Kors Lexington Gold Watch MK4842,1,BLR5,SELLABLE,UNDELIVERABLE_REFUSED,LPNBLR5O0975216,
2026-07-15T08:44:57+00:00,407-1541468-9363552,FBA79528,B0D93652ZY,X00241X1HP,Fossil Harlow Two Tone Watch ES5362,1,BLR5,CUSTOMER_DAMAGED,DID_NOT_LIKE_COLOR,LPNBLR5P6366354,
2026-07-15T08:39:04+00:00,403-3387488-3446706,FBS67801,B00HVBJ6W4,X00284BSYV,Fossil Riley Analog White & Beige Dial Women's Watch -ES3466,1,DEL2,SELLABLE,QUALITY_UNACCEPTABLE,LPNDEL2R86760862,
2026-07-15T06:03:45+00:00,405-7199647-7437131,FBA79731,B0DSBQCZTK,X0029WZOYR,Armani Exchange Men Analogue Black Band Black Quartz Stainless Steel Watch AX2463,1,DEL2,SELLABLE,DEFECTIVE,LPNDEL2R90113728,
2026-07-15T05:06:52+00:00,408-1120398-1687568,FBO76447,B0B75LLWV6,X001Q1XV0B,Emporio Armani Analog White Dial Women's Watch-AR11484,1,DEL2,CUSTOMER_DAMAGED,APPAREL_STYLE,LPNDEL2R87125369,
2026-07-15T04:53:35+00:00,406-4501562-9813152,FBA79753,B0DSBSD26P,X0029WWINH,Fossil Chronograph Men Neutra Grey Quartz Stainless Steel Blue Dial Watch FS6111,1,BLR5,SELLABLE,UNWANTED_ITEM,LPNBLR5O2162170,
2026-07-14T20:48:35+00:00,406-6325156-0049117,FBS66974,B008AXYWHQ,X00284E6DB,Fossil Nate Chronograph Analog Black Dial Grey Band Men's Stainless Steel Watch - JR1401,1,BLR5,CUSTOMER_DAMAGED,QUALITY_UNACCEPTABLE,LPNBLR5O2473659,
2026-07-14T18:21:24+00:00,407-1743118-7008317,FBS66974,B008AXYWHQ,X00284E6DB,Fossil Nate Chronograph Analog Black Dial Grey Band Men's Stainless Steel Watch - JR1401,1,BLR5,SELLABLE,QUALITY_UNACCEPTABLE,LPNBLR5O2606764,
2026-07-14T15:51:11+00:00,406-5572572-7406732,FBA80045,B0GF7GZ4K7,X002IPG9UX,Fossil Crosby Multicolor Quartz Stainless Steel Watch FS6161,1,DEL2,SELLABLE,APPAREL_STYLE,LPNDEL2R88607617,Watch is looking premium on amazon but in real not looking premium and good
2026-07-14T15:44:10+00:00,406-1234711-1788366,FBA80093,B00H2ZDX00,X002J9G82H,Fossil End of Season Dean Analog Off-White Dial Men's Watch - FS4867,1,DEL2,SELLABLE,UNDELIVERABLE_REFUSED,LPNDEL2R87359399,
2026-07-14T15:13:46+00:00,405-0917381-7448358,FBS71628,B07RZ1R1HJ,X00284E6BD,"Fossil Analog Gold Dial Women's Watch (ES4628, Multicolour)",1,DEL2,SELLABLE,UNDELIVERABLE_REFUSED,LPNDEL2R69900710,
2026-07-14T15:08:25+00:00,171-6367668-4526751,FBS66974,B008AXYWHQ,X00284E6DB,Fossil Nate Chronograph Analog Black Dial Grey Band Men's Stainless Steel Watch - JR1401,1,BLR5,SELLABLE,UNDELIVERABLE_REFUSED,LPNBLR5O2483918,
2026-07-14T14:01:03+00:00,171-9247598-2165918,FBO66964,B00WM0CF4A,X001Q1U05P,Fossil Women's ES3843 Jacqueline Analog Quartz Blue Watch,1,BOM4,SELLABLE,APPAREL_STYLE,LPNBOM4N42092104,
2026-07-14T13:47:12+00:00,406-9878696-9881166,FBA79633,B0DJ2XHK2N,X00266GL6B,Fossil Women's Scarlette Multicolor Analog Quartz Stainless Steel Watch ES5388,1,BLR5,SELLABLE,NEVER_ARRIVED,LPNBLR5O2606738,
2026-07-14T13:23:08+00:00,402-2267935-5176312,FBS66974,B008AXYWHQ,X00284E6DB,Fossil Nate Chronograph Analog Black Dial Grey Band Men's Stainless Steel Watch - JR1401,1,BLR5,SELLABLE,QUALITY_UNACCEPTABLE,LPNBLR5O1651100,
2026-07-14T09:53:51+00:00,402-6529687-4258732,FBS79638,B0DC674ZNR,X00284BTTZ,Fossil Sport Tourer Black Quartz Silicone Watch FS6087,1,BLR5,SELLABLE,UNDELIVERABLE_REFUSED,LPNBLR5O2636371,
2026-07-14T08:37:40+00:00,404-7607120-6995527,FBA80041,B0GF72VQSX,X002IPBGCT,Fossil Sloan Silver Quartz Stainless Steel Watch ES5455,1,CCX1,SELLABLE,APPAREL_TOO_SMALL,LPNCCX1B4724812,Size is too small
2026-07-14T08:25:58+00:00,403-1400080-1776320,FBS66974,B008AXYWHQ,X00284E6DB,Fossil Nate Chronograph Analog Black Dial Grey Band Men's Stainless Steel Watch - JR1401,1,DEL2,SELLABLE,QUALITY_UNACCEPTABLE,LPNDEL2R90231616,
2026-07-14T07:53:40+00:00,404-7402365-7645951,FBO66963,B00AG37H8Y,X001Q1V7N9,"Fossil Analog White Dial Men's Watch-FS4795 Stainless Steel, Multicolor Strap",1,DEL2,SELLABLE,APPAREL_TOO_LARGE,LPNDEL2R87358961,Too heavy
2026-07-14T07:48:14+00:00,407-8349220-3768300,FBS75326,B09SHQSHBF,X00284BSG9,"Fossil Bronson Analog Black Dial Men's Watch-ME3218 Stainless Steel, Grey Strap",1,BLR5,SELLABLE,UNDELIVERABLE_REFUSED,LPNBLR5O2636228,
2026-07-14T07:40:19+00:00,408-3318323-5093931,FBO70527,B00NVAWTLY,X001Q1Z6AJ,"Fossil Nate Analog Black Dial Men's Watch-JR1487 Genuine Leather, Brown Strap",1,BOM4,SELLABLE,ORDERED_WRONG_ITEM,LPNBOM4N42460823,
2026-07-14T06:26:32+00:00,405-5939893-8168331,FBO69595,B07CSNG8XL,X001Q1Z2U3,Fossil Carlie Analog White Dial Women's Watch - ES4433,1,BOM4,CUSTOMER_DAMAGED,APPAREL_TOO_LARGE,LPNBOM4N43349683,
2026-07-14T06:22:57+00:00,406-3028282-2452315,FBO70527,B00NVAWTLY,X001Q1Z6AJ,"Fossil Nate Analog Black Dial Men's Watch-JR1487 Genuine Leather, Brown Strap",1,BOM4,SELLABLE,UNDELIVERABLE_REFUSED,LPNBOM4N43425808,
2026-07-14T06:20:05+00:00,402-7289160-4641933,FBS67801,B00HVBJ6W4,X00284BSYV,Fossil Riley Analog White & Beige Dial Women's Watch -ES3466,1,BLR5,CARRIER_DAMAGED,MISORDERED,LPNBLR5O2469774,
2026-07-14T05:52:58+00:00,402-1002957-8753947,FBA80093,B00H2ZDX00,X002J9G82H,Fossil End of Season Dean Analog Off-White Dial Men's Watch - FS4867,1,DEL2,CARRIER_DAMAGED,UNDELIVERABLE_REFUSED,LPNDEL2R87358788,
2026-07-14T05:36:46+00:00,407-1140336-3588338,FBA80045,B0GF7GZ4K7,X002IPG9UX,Fossil Crosby Multicolor Quartz Stainless Steel Watch FS6161,1,BLR5,SELLABLE,UNDELIVERABLE_REFUSED,LPNBLR5O0139633,
2026-07-14T05:29:32+00:00,403-5005941-9051532,FBA79933,B0FTMM455Z,X002FTVTHZ,Fossil Raquel Gold Quartz Stainless Steel Watch ES5452,1,DEL2,SELLABLE,UNDELIVERABLE_REFUSED,LPNDEL2R87433670,
2026-07-14T04:51:13+00:00,403-5026378-8193139,FBS66974,B008AXYWHQ,X00284E6DB,Fossil Nate Chronograph Analog Black Dial Grey Band Men's Stainless Steel Watch - JR1401,1,BLR5,SELLABLE,QUALITY_UNACCEPTABLE,LPNBLR5O0139606,
2026-07-14T03:34:08+00:00,402-8256709-5764342,FBO66964,B00WM0CF4A,X001Q1U05P,Fossil Women's ES3843 Jacqueline Analog Quartz Blue Watch,1,BLR5,SELLABLE,APPAREL_STYLE,LPNBLR5P9122706,I have two issues with the watch 1: the dial have option for date it is such a small circle where I can’t see digits after +9 2: is strap it’s not soft stiff
2026-07-14T03:08:25+00:00,404-5229571-7560334,FBS79421,B0CZ8ZKPJ9,X00284BTNV,Fossil Analog Women Blue Dive Black Dial Multi-Colour Quartz Stainless Steel Watch ES5349,1,BLR5,SELLABLE,APPAREL_TOO_SMALL,LPNBLR5P9311683,Dial is not as expected size
2026-07-13T21:07:46+00:00,404-2754120-0695518,FBA80093,B00H2ZDX00,X002J9G82H,Fossil End of Season Dean Analog Off-White Dial Men's Watch - FS4867,1,BLR5,SELLABLE,DEFECTIVE,LPNBLR5O2635726,
2026-07-13T21:06:40+00:00,405-8747309-2173113,FBA79879,B0FCVBY986,X002E9FQC5,Fossil Raquel Gold Quartz Stainless Steel Watch ES5434,1,BLR5,SELLABLE,UNWANTED_ITEM,LPNBLR5P9563986,
2026-07-13T18:30:11+00:00,405-8583469-1964336,FBA80093,B00H2ZDX00,X002J9G82H,Fossil End of Season Dean Analog Off-White Dial Men's Watch - FS4867,1,DEL2,SELLABLE,UNDELIVERABLE_REFUSED,LPNDEL2R87123482,
2026-07-13T14:44:46+00:00,408-5166200-5529161,FBS66974,B008AXYWHQ,X00284E6DB,Fossil Nate Chronograph Analog Black Dial Grey Band Men's Stainless Steel Watch - JR1401,1,BLR5,SELLABLE,UNDELIVERABLE_REFUSED,LPNBLR5O0523496,
2026-07-13T11:42:17+00:00,403-0906471-7585935,FBA79755,B0DSBRWZ8N,X0029WYD6H,Fossil Chronograph Men Neutra Brown Quartz Leather Gold Dial Watch FS6113,1,BLR5,SELLABLE,APPAREL_STYLE,LPNBLR5O2461656,
2026-07-13T11:34:29+00:00,406-2031546-3522711,FBS69614,B00944CXEY,X002844Z73,Michael Kors Darci Analog Silver Dial Women's Watch - MK3190,1,CCX1,SELLABLE,DEFECTIVE,LPNCCX1A7444122,
2026-07-13T09:19:12+00:00,404-0332216-4101927,FBA72907,B07RMH1F26,X0014YV4TZ,Saregama Carvaan Mini 2.0 Kannada- Music Player with Bluetooth/FM/AM/AUX (Sunset Red),1,DEL2,CUSTOMER_DAMAGED,SWITCHEROO,LPNDEL2R87464471,
2026-07-13T08:03:05+00:00,407-9461606-4447535,FBA79529,B0D9362N4Q,X00241S2SN,Fossil Harlow Silver Watch ES5363,1,DEL2,SELLABLE,APPAREL_STYLE,LPNDEL2R87515646,Not looking good on me
2026-07-13T06:32:24+00:00,404-7738171-1546714,FBA79526,B0D9574DPS,X00241X1IT,Fossil Neutra Gold Watch ES5358,1,BLR5,SELLABLE,APPAREL_STYLE,LPNBLR5O2463682,
2026-07-13T06:06:25+00:00,402-7044557-9547546,FBS66640,B00AFTTQ8I,X00284BSJV,Fossil Chronograph men Grant Brown Quartz Leather Watch FS4813IE,1,BLR5,CUSTOMER_DAMAGED,DEFECTIVE,LPNBLR5O0080998,
2026-07-13T05:52:36+00:00,408-2283669-7918754,FBA79895,B0FKBV3N4Y,X002E9CRCR,Michael Kors Georgie Rose Gold Quartz Stainless Steel Watch MK4932,1,BLR5,SELLABLE,UNDELIVERABLE_REFUSED,LPNBLR5O0517479,
2026-07-13T05:36:44+00:00,402-3818097-1631523,FBO70527,B00NVAWTLY,X001Q1Z6AJ,"Fossil Nate Analog Black Dial Men's Watch-JR1487 Genuine Leather, Brown Strap",1,DEL2,SELLABLE,UNDELIVERABLE_REFUSED,LPNDEL2R86518971,
2026-07-13T04:54:12+00:00,403-7248995-7243535,FBS66974,B008AXYWHQ,X00284E6DB,Fossil Nate Chronograph Analog Black Dial Grey Band Men's Stainless Steel Watch - JR1401,1,BLR5,SELLABLE,QUALITY_UNACCEPTABLE,LPNBLR5P9155497,
2026-07-12T22:20:14+00:00,405-6049081-2457117,FBO70527,B00NVAWTLY,X001Q1Z6AJ,"Fossil Nate Analog Black Dial Men's Watch-JR1487 Genuine Leather, Brown Strap",1,BLR5,SELLABLE,APPAREL_STYLE,LPNBLR5O2627764,Looking too big on wrist.
2026-07-12T22:12:30+00:00,404-9799394-6802752,FBA80093,B00H2ZDX00,X002J9G82H,Fossil End of Season Dean Analog Off-White Dial Men's Watch - FS4867,1,BLR5,SELLABLE,UNDELIVERABLE_UNKNOWN,LPNBLR5O0320534,
2026-07-12T21:12:11+00:00,171-7838792-7731511,FBO66963,B00AG37H8Y,X001Q1V7N9,"Fossil Analog White Dial Men's Watch-FS4795 Stainless Steel, Multicolor Strap",1,BLR5,SELLABLE,QUALITY_UNACCEPTABLE,LPNBLR5O0466981,Not working
2026-07-12T18:25:26+00:00,405-8925835-9382705,FBA80093,B00H2ZDX00,X002J9G82H,Fossil End of Season Dean Analog Off-White Dial Men's Watch - FS4867,1,DEL2,SELLABLE,UNDELIVERABLE_REFUSED,LPNDEL2R87797413,
2026-07-12T16:00:04+00:00,405-9439995-0777139,FBS66987,B017SN1OI8,X002844YM9,Fossil Analog Blue Dial Men's Watch - FS5151,1,DEL2,SELLABLE,DEFECTIVE,LPNDEL2R88781341,
2026-07-12T15:24:53+00:00,407-3572226-5800342,FBA80093,B00H2ZDX00,X002J9G82H,Fossil End of Season Dean Analog Off-White Dial Men's Watch - FS4867,1,CCX1,SELLABLE,SWITCHEROO,LPNCCX1A7100472,
2026-07-12T15:07:44+00:00,171-5701634-0285967,FBS74721,B00AMWDOEK,X00284ALDF,Fossil Grant Chronograph Beige Dial Men's Watch - FS4735,1,DEL2,SELLABLE,UNDELIVERABLE_UNKNOWN,LPNDEL2R87794793,
2026-07-12T14:58:35+00:00,403-8261571-6111509,FBA79933,B0FTMM455Z,X002FTVTHZ,Fossil Raquel Gold Quartz Stainless Steel Watch ES5452,1,CCX1,SELLABLE,APPAREL_TOO_SMALL,LPNCCX1A7100494,Size too small like women watch.
2026-07-12T14:17:22+00:00,406-7984710-9765910,FBA80093,B00H2ZDX00,X002J9G82H,Fossil End of Season Dean Analog Off-White Dial Men's Watch - FS4867,1,DEL2,SELLABLE,UNDELIVERABLE_REFUSED,LPNDEL2R87467159,
2026-07-12T13:47:20+00:00,407-0762466-3925925,FBA72564,B07LDJJ4JP,X0014OD9OX,Saregama Carvaan Mini 2.0 Tamil- Music Player with Bluetooth/FM/AM/AUX (Sunset Red),1,BLR5,CUSTOMER_DAMAGED,NEVER_ARRIVED,LPNBLR5O2576691,
2026-07-12T13:43:36+00:00,405-9372738-4795512,FBA80093,B00H2ZDX00,X002J9G82H,Fossil End of Season Dean Analog Off-White Dial Men's Watch - FS4867,1,BLR5,SELLABLE,UNDELIVERABLE_REFUSED,LPNBLR5O1877409,
2026-07-12T12:14:38+00:00,403-5612441-4975523,FBA79527,B0D936GPVL,X00241X17F,Fossil Harlow Gold Watch ES5361,1,BLR5,SELLABLE,APPAREL_TOO_LARGE,LPNBLR5O0528090,
2026-07-12T11:59:36+00:00,171-2666398-5661161,FBS66974,B008AXYWHQ,X00284E6DB,Fossil Nate Chronograph Analog Black Dial Grey Band Men's Stainless Steel Watch - JR1401,1,BLR5,SELLABLE,QUALITY_UNACCEPTABLE,LPNBLR5O0517184,
2026-07-12T11:56:48+00:00,405-4447925-8991542,FBA80040,B0GHDHD4B9,X002IPBGBF,Emporio Armani Silver Quartz Stainless Steel Watch AR80087SET,1,BLR5,SELLABLE,APPAREL_STYLE,LPNBLR5O0138613,Dint like the watch
2026-07-12T11:46:13+00:00,171-6736927-8266728,FBA79529,B0D9362N4Q,X00241S2SN,Fossil Harlow Silver Watch ES5363,1,BLR5,SELLABLE,UNDELIVERABLE_REFUSED,LPNBLR5O0513188,
2026-07-12T11:39:21+00:00,408-4963507-4768353,FBS67801,B00HVBJ6W4,X00284BSYV,Fossil Riley Analog White & Beige Dial Women's Watch -ES3466,1,BLR5,SELLABLE,UNDELIVERABLE_REFUSED,LPNBLR5O2523173,
2026-07-12T11:20:23+00:00,403-2620574-6230761,FBS66974,B008AXYWHQ,X00284E6DB,Fossil Nate Chronograph Analog Black Dial Grey Band Men's Stainless Steel Watch - JR1401,1,BLR5,SELLABLE,UNDELIVERABLE_UNKNOWN,LPNBLR5P4862487,
2026-07-12T11:05:44+00:00,405-1293198-0623556,FBO75077,B08QVCPDVT,X001Q1WV3T,Fossil Neutra Silver Watch FS5792,1,DEL2,SELLABLE,APPAREL_STYLE,LPNDEL2R89312100,I have purchased for my father due and age is 73 according to age the watch dial is very havi weighted and watch is nit looks good also when wearing a watch in wrist.so I want to return
2026-07-12T10:56:40+00:00,171-1801093-6349124,FBS67801,B00HVBJ6W4,X00284BSYV,Fossil Riley Analog White & Beige Dial Women's Watch -ES3466,1,BOM4,SELLABLE,UNDELIVERABLE_REFUSED,LPNBOM4N43443907,
2026-07-12T10:29:58+00:00,407-2195201-7861145,FBO69595,B07CSNG8XL,X001Q1Z2U3,Fossil Carlie Analog White Dial Women's Watch - ES4433,1,CCX1,SELLABLE,UNDELIVERABLE_REFUSED,LPNCCX1B4341514,
2026-07-12T10:02:18+00:00,405-1540299-3957152,FBA79882,B0FCVPBY7Y,X002E9CN8Z,Fossil Grant Multicolor Quartz Stainless Steel Watch FS6131,1,DEL2,SELLABLE,APPAREL_TOO_SMALL,LPNDEL2R87737309,Size is not perfect for me.
2026-07-12T09:46:57+00:00,403-0403003-8303520,FBA80093,B00H2ZDX00,X002J9G82H,Fossil End of Season Dean Analog Off-White Dial Men's Watch - FS4867,1,BLR5,SELLABLE,SWITCHEROO,LPNBLR5P4850389,
2026-07-12T09:26:42+00:00,171-9161804-9090719,FBA80093,B00H2ZDX00,X002J9G82H,Fossil End of Season Dean Analog Off-White Dial Men's Watch - FS4867,1,DEL2,SELLABLE,UNDELIVERABLE_REFUSED,LPNDEL2R87547936,
2026-07-12T08:52:53+00:00,407-2944595-3996362,FBS66974,B008AXYWHQ,X00284E6DB,Fossil Nate Chronograph Analog Black Dial Grey Band Men's Stainless Steel Watch - JR1401,1,BLR5,SELLABLE,QUALITY_UNACCEPTABLE,LPNBLR5O2651905,
2026-07-12T08:09:57+00:00,171-2218766-8380364,FBO66964,B00WM0CF4A,X001Q1U05P,Fossil Women's ES3843 Jacqueline Analog Quartz Blue Watch,1,DEL2,CUSTOMER_DAMAGED,APPAREL_STYLE,LPNDEL2R87408048,
2026-07-12T07:51:45+00:00,403-0870911-9945919,FBS66974,B008AXYWHQ,X00284E6DB,Fossil Nate Chronograph Analog Black Dial Grey Band Men's Stainless Steel Watch - JR1401,1,BLR5,SELLABLE,UNDELIVERABLE_REFUSED,LPNBLR5O0525331,
2026-07-12T07:33:09+00:00,407-2504270-9604332,FBA79940,B0FTK1RVG8,X002FTZH0P,Fossil Crosby Brown Quartz Leather Watch FS6150,1,DEL2,CARRIER_DAMAGED,APPAREL_STYLE,LPNDEL2R87408045,
2026-07-12T06:30:53+00:00,404-9568340-7144304,FBS74721,B00AMWDOEK,X00284ALDF,Fossil Grant Chronograph Beige Dial Men's Watch - FS4735,1,DEL2,SELLABLE,UNDELIVERABLE_REFUSED,LPNDEL2R90112174,
2026-07-12T05:45:00+00:00,404-6975181-4967560,FBA80093,B00H2ZDX00,X002J9G82H,Fossil End of Season Dean Analog Off-White Dial Men's Watch - FS4867,1,BLR5,SELLABLE,DEFECTIVE,LPNBLR5O0138246,
2026-07-12T05:13:26+00:00,406-7862507-0572344,FBA79933,B0FTMM455Z,X002FTVTHZ,Fossil Raquel Gold Quartz Stainless Steel Watch ES5452,1,DEL2,CUSTOMER_DAMAGED,DID_NOT_LIKE_COLOR,LPNDEL2R89376064,
2026-07-12T04:51:39+00:00,402-5946152-7579546,FBS74257,B079XB5RXH,X00284BSYB,Michael Kors Ritz Analogue Women's Watch (Rose Gold Dial Rose Gold Colored Strap),1,DEL2,SELLABLE,SWITCHEROO,LPNDEL2R89481455,
2026-07-12T04:34:12+00:00,407-8617241-7224354,FBS66636,B004D4S7AY,X002844YSN,Fossil Analog Gold Dial Women's Watch - ES2811,1,DEL2,SELLABLE,UNDELIVERABLE_REFUSED,LPNDEL2R87844551,
2026-07-12T04:13:50+00:00,404-9349571-7176311,FBS74927,B0846Q1JT5,X002844ZCN,Armani Exchange Analog Silver Dial Women's Stainless Steel Watch-Ax5901,1,BLR5,SELLABLE,DID_NOT_LIKE_COLOR,LPNBLR5P4862070,Wanna exchange my color
2026-07-12T03:26:22+00:00,402-5029787-4377148,FBA79933,B0FTMM455Z,X002FTVTHZ,Fossil Raquel Gold Quartz Stainless Steel Watch ES5452,1,DEL2,SELLABLE,APPAREL_STYLE,LPNDEL2R90231341,
2026-07-12T03:16:23+00:00,407-7858121-3211543,FBO66963,B00AG37H8Y,X001Q1V7N9,"Fossil Analog White Dial Men's Watch-FS4795 Stainless Steel, Multicolor Strap",1,DEL2,SELLABLE,APPAREL_STYLE,LPNDEL2R87547550,
2026-07-12T03:09:14+00:00,408-5713341-2027538,FBS79498,B0D9363BB2,X00284ALX5,Emporio Armani Black Watch AR11623,1,BLR5,CARRIER_DAMAGED,APPAREL_STYLE,LPNBLR5O1151677,
2026-07-11T21:37:03+00:00,405-8392209-7704307,FBS66987,B017SN1OI8,X002844YM9,Fossil Analog Blue Dial Men's Watch - FS5151,1,BLR5,SELLABLE,UNDELIVERABLE_REFUSED,LPNBLR5P9562881,
2026-07-11T19:14:34+00:00,408-8702921-9893927,FBS66974,B008AXYWHQ,X00284E6DB,Fossil Nate Chronograph Analog Black Dial Grey Band Men's Stainless Steel Watch - JR1401,1,BLR5,SELLABLE,QUALITY_UNACCEPTABLE,LPNBLR5P9155065,
2026-07-11T19:07:08+00:00,404-3767689-9566747,FBA79727,B0DT381WY9,X0029WZEN3,Emporio Armani Silver Quartz Stainless Steel Watch AR11674,1,BLR5,CUSTOMER_DAMAGED,APPAREL_STYLE,LPNBLR5O2606267,
2026-07-11T17:04:43+00:00,405-2737370-4247543,FBS73952,B00EVZ83J0,X00284AOPP,"Fossil Decker Brown Watch Ch2885 - Chronograph, Men, Leather",1,BLR5,SELLABLE,UNDELIVERABLE_REFUSED,LPNBLR5O0516321,
2026-07-11T13:13:52+00:00,171-1670865-1439513,FBO66963,B00AG37H8Y,X001Q1V7N9,"Fossil Analog White Dial Men's Watch-FS4795 Stainless Steel, Multicolor Strap",1,BLR5,SELLABLE,APPAREL_TOO_LARGE,LPNBLR5P4829958,
2026-07-11T12:37:51+00:00,404-8079993-0551543,FBS67801,B00HVBJ6W4,X00284BSYV,Fossil Riley Analog White & Beige Dial Women's Watch -ES3466,1,DEL2,SELLABLE,UNDELIVERABLE_REFUSED,LPNDEL2R89955198,
2026-07-11T11:49:37+00:00,405-0094616-2824343,FBS66974,B008AXYWHQ,X00284E6DB,Fossil Nate Chronograph Analog Black Dial Grey Band Men's Stainless Steel Watch - JR1401,1,DEL2,SELLABLE,UNDELIVERABLE_REFUSED,LPNDEL2R89955176,
2026-07-11T11:47:53+00:00,171-2931256-3814705,FBS66974,B008AXYWHQ,X00284E6DB,Fossil Nate Chronograph Analog Black Dial Grey Band Men's Stainless Steel Watch - JR1401,1,BOM4,SELLABLE,UNDELIVERABLE_UNKNOWN,LPNBOM4N43158918,
2026-07-11T10:02:35+00:00,402-5551888-9494731,FBA80093,B00H2ZDX00,X002J9G82H,Fossil End of Season Dean Analog Off-White Dial Men's Watch - FS4867,1,BLR5,SELLABLE,UNDELIVERABLE_REFUSED,LPNBLR5O2605688,
2026-07-11T09:26:31+00:00,406-5654862-8377108,FBS70769,B07M7P7VLX,X00284ALD5,Fossil Women's Analog Watch (Black),1,BLR5,SELLABLE,APPAREL_STYLE,LPNBLR5O0462857,
2026-07-11T08:52:39+00:00,407-4208582-7897917,FBA79727,B0DT381WY9,X0029WZEN3,Emporio Armani Silver Quartz Stainless Steel Watch AR11674,1,DEL2,SELLABLE,QUALITY_UNACCEPTABLE,LPNDEL2R88157991,
2026-07-11T08:49:36+00:00,403-4549017-8448334,FBS79517,B0D85171BL,X002844ZUF,"Armani Exchange Stainless Steel Analog Silver Dial Women's Watch-Ax5724, Band Color:Silver",1,BLR5,SELLABLE,APPAREL_STYLE,LPNBLR5O2648343,Looks like it was returned piece i cud see some finger prints on box
2026-07-11T08:10:42+00:00,403-8114432-7929954,FBA80093,B00H2ZDX00,X002J9G82H,Fossil End of Season Dean Analog Off-White Dial Men's Watch - FS4867,1,CCX1,SELLABLE,DEFECTIVE,LPNCCX1B4305501,
2026-07-11T08:05:27+00:00,407-6992299-6489947,FBA79727,B0DT381WY9,X0029WZEN3,Emporio Armani Silver Quartz Stainless Steel Watch AR11674,1,DEL2,SELLABLE,APPAREL_TOO_SMALL,LPNDEL2R87753852,Small size watch
2026-07-11T07:35:21+00:00,402-1881112-4281144,FBA80093,B00H2ZDX00,X002J9G82H,Fossil End of Season Dean Analog Off-White Dial Men's Watch - FS4867,1,CCX1,SELLABLE,UNDELIVERABLE_REFUSED,LPNCCX1B4323132,
2026-07-11T06:06:42+00:00,406-8557274-7362705,FBA79929,B0FTMLYC74,X002FTZ7NR,Fossil Carlie Multicolor Quartz Stainless Steel Watch ES5439,1,BLR5,CUSTOMER_DAMAGED,DID_NOT_LIKE_COLOR,LPNBLR5O2616556,
2026-07-11T05:16:59+00:00,407-4802270-6458712,FBS76941,B0BFXL8ZP9,X00284BSUZ,"Fossil Neutra Analog Green Dial Men's Watch-FS5963 Genuine Leather, Brown Strap",1,BLR5,SELLABLE,QUALITY_UNACCEPTABLE,LPNBLR5P9154208,
2026-07-11T04:30:02+00:00,402-0915715-3917930,FBS69579,B01MTYS3BW,X002844Z41,Diesel Analog Stainless Steel Black Dial and Band (Big dial) Men's Watch-DZ7395,1,BLR5,SELLABLE,APPAREL_TOO_LARGE,LPNBLR5O1100947,
2026-07-11T04:24:51+00:00,405-1959332-5041116,FBO70527,B00NVAWTLY,X001Q1Z6AJ,"Fossil Nate Analog Black Dial Men's Watch-JR1487 Genuine Leather, Brown Strap",1,DEL2,CUSTOMER_DAMAGED,FOUND_BETTER_PRICE,LPNDEL2R87124156,
2026-07-11T03:50:26+00:00,404-0764151-9001166,FBS67801,B00HVBJ6W4,X00284BSYV,Fossil Riley Analog White & Beige Dial Women's Watch -ES3466,1,DEL4,SELLABLE,UNDELIVERABLE_REFUSED,LPNDEL4AA3919657,
2026-07-11T03:20:11+00:00,403-6343622-9709103,FBO70527,B00NVAWTLY,X001Q1Z6AJ,"Fossil Nate Analog Black Dial Men's Watch-JR1487 Genuine Leather, Brown Strap",1,BLR5,SELLABLE,UNDELIVERABLE_REFUSED,LPNBLR5O0378062,
2026-07-10T21:56:33+00:00,403-1451308-6465950,FBA80093,B00H2ZDX00,X002J9G82H,Fossil End of Season Dean Analog Off-White Dial Men's Watch - FS4867,1,BLR5,SELLABLE,UNDELIVERABLE_REFUSED,LPNBLR5P8052666,
2026-07-10T20:43:05+00:00,403-2958866-7483565,FBA80071,B0GF785MMZ,X002IPPF7L,Michael Kors Pyper Multicolor Quartz Stainless Steel Watch MK7574,1,BLR5,CUSTOMER_DAMAGED,APPAREL_STYLE,LPNBLR5O0398836,
2026-07-10T15:45:40+00:00,404-9662955-7377119,FBA79742,B0DSBRQNM8,X0029WTDPN,Fossil Women Raquel Multicolor Quartz Stainless Steel White Dial Analog Watch ES5399,1,BOM4,SELLABLE,APPAREL_TOO_LARGE,LPNBOM4N43404119,
2026-07-10T12:24:38+00:00,404-0864017-9750744,FBS67801,B00HVBJ6W4,X00284BSYV,Fossil Riley Analog White & Beige Dial Women's Watch -ES3466,1,CCX1,SELLABLE,UNDELIVERABLE_REFUSED,LPNCCX1B4333468,
2026-07-10T11:20:26+00:00,403-1295745-3825930,FBA80093,B00H2ZDX00,X002J9G82H,Fossil End of Season Dean Analog Off-White Dial Men's Watch - FS4867,1,BLR5,SELLABLE,UNDELIVERABLE_REFUSED,LPNBLR5P9561031,
2026-07-10T10:46:01+00:00,407-8943897-5937964,FBS74358,B01KNMEVDG,X002GTDODV,Fossil Grant Sport Blue Watch FS5237,1,BLR5,SELLABLE,UNDELIVERABLE_REFUSED,LPNBLR5O2578468,
2026-07-10T10:20:47+00:00,404-2419140-5809140,FBA80093,B00H2ZDX00,X002J9G82H,Fossil End of Season Dean Analog Off-White Dial Men's Watch - FS4867,1,CCX1,SELLABLE,SWITCHEROO,LPNCCX1B4285178,
2026-07-10T10:10:43+00:00,403-8599514-5547526,FBA79882,B0FCVPBY7Y,X002E9CN8Z,Fossil Grant Multicolor Quartz Stainless Steel Watch FS6131,1,DEL2,SELLABLE,UNDELIVERABLE_UNKNOWN,LPNDEL2R87753615,
2026-07-10T09:04:49+00:00,405-8672784-4220365,FBO66964,B00WM0CF4A,X001Q1U05P,Fossil Women's ES3843 Jacqueline Analog Quartz Blue Watch,1,BLR5,SELLABLE,DID_NOT_LIKE_COLOR,LPNBLR5P9143202,Colour looked in the images posted in Amazon but received one is so dull and looks old
2026-07-10T08:33:38+00:00,403-4641501-2609911,FBO70527,B00NVAWTLY,X001Q1Z6AJ,"Fossil Nate Analog Black Dial Men's Watch-JR1487 Genuine Leather, Brown Strap",1,BLR5,SELLABLE,UNDELIVERABLE_REFUSED,LPNBLR5P8068882,
2026-07-10T08:16:41+00:00,403-1247234-6284332,FBS66987,B017SN1OI8,X002844YM9,Fossil Analog Blue Dial Men's Watch - FS5151,1,BLR5,SELLABLE,UNDELIVERABLE_REFUSED,LPNBLR5O1190270,
2026-07-10T07:50:07+00:00,408-4049558-5811550,FBS67801,B00HVBJ6W4,X00284BSYV,Fossil Riley Analog White & Beige Dial Women's Watch -ES3466,1,BLR5,SELLABLE,UNDELIVERABLE_REFUSED,LPNBLR5P4829025,
2026-07-10T07:03:22+00:00,405-5404629-4873105,FBA79929,B0FTMLYC74,X002FTZ7NR,Fossil Carlie Multicolor Quartz Stainless Steel Watch ES5439,1,DEL2,SELLABLE,UNDELIVERABLE_REFUSED,LPNDEL2R87546701,
2026-07-10T06:32:29+00:00,404-8830190-8108311,FBO70527,B00NVAWTLY,X001Q1Z6AJ,"Fossil Nate Analog Black Dial Men's Watch-JR1487 Genuine Leather, Brown Strap",1,BLR5,SELLABLE,UNDELIVERABLE_REFUSED,LPNBLR5O2174268,
2026-07-10T06:13:09+00:00,408-6679563-8081152,FBS66987,B017SN1OI8,X002844YM9,Fossil Analog Blue Dial Men's Watch - FS5151,1,DEL2,SELLABLE,FOUND_BETTER_PRICE,LPNDEL2R87977867,
2026-07-10T06:04:53+00:00,406-7887312-7567549,FBA79865,B0FFDSN4S1,X002E9H8IF,Armani Exchange Multicolor Quartz Stainless Steel Watch AX2821,1,DEL2,SELLABLE,UNDELIVERABLE_REFUSED,LPNDEL2R87977859,
2026-07-10T04:57:20+00:00,405-3985250-0758761,FBS67801,B00HVBJ6W4,X00284BSYV,Fossil Riley Analog White & Beige Dial Women's Watch -ES3466,1,BLR5,SELLABLE,SWITCHEROO,LPNBLR5P8675348,
2026-07-09T22:33:24+00:00,405-0200748-4751552,FBA80093,B00H2ZDX00,X002J9G82H,Fossil End of Season Dean Analog Off-White Dial Men's Watch - FS4867,1,BOM4,CUSTOMER_DAMAGED,SWITCHEROO,LPNBOM4N43241585,
2026-07-09T20:49:33+00:00,406-6203765-3298762,FBA79927,B0FRVZ29NP,X002FTXCG1,Armani Exchange Silver Watch Set AX7176SET,1,BLR5,CUSTOMER_DAMAGED,UNWANTED_ITEM,LPNBLR5P8074786,
2026-07-09T20:40:09+00:00,406-7551015-9105951,FBA79555,B0D9564Z9T,X00241X1L1,Michael Kors Accelerator 2.0 Silver Watch MK9176,1,BLR5,SELLABLE,UNDELIVERABLE_REFUSED,LPNBLR5P4828640,
2026-07-09T17:48:27+00:00,406-1376837-0301965,FBO69595,B07CSNG8XL,X001Q1Z2U3,Fossil Carlie Analog White Dial Women's Watch - ES4433,1,BLR5,SELLABLE,UNDELIVERABLE_REFUSED,LPNBLR5O1481611,
2026-07-09T17:48:27+00:00,406-0133174-8567534,FBO66964,B00WM0CF4A,X001Q1U05P,Fossil Women's ES3843 Jacqueline Analog Quartz Blue Watch,1,BLR5,CARRIER_DAMAGED,UNDELIVERABLE_REFUSED,LPNBLR5O1481615,
2026-07-09T17:48:27+00:00,406-0133174-8567534,FBO66964,B00WM0CF4A,X001Q1U05P,Fossil Women's ES3843 Jacqueline Analog Quartz Blue Watch,1,BLR5,SELLABLE,UNDELIVERABLE_REFUSED,LPNBLR5O1481613,
2026-07-09T17:48:27+00:00,406-0133174-8567534,FBO66964,B00WM0CF4A,X001Q1U05P,Fossil Women's ES3843 Jacqueline Analog Quartz Blue Watch,1,BLR5,SELLABLE,UNDELIVERABLE_REFUSED,LPNBLR5O1481612,
2026-07-09T17:48:27+00:00,406-1376837-0301965,FBO69595,B07CSNG8XL,X001Q1Z2U3,Fossil Carlie Analog White Dial Women's Watch - ES4433,1,BLR5,SELLABLE,UNDELIVERABLE_REFUSED,LPNBLR5O1481614,
2026-07-09T14:38:32+00:00,403-5116258-9325920,FBA79929,B0FTMLYC74,X002FTZ7NR,Fossil Carlie Multicolor Quartz Stainless Steel Watch ES5439,1,BLR5,SELLABLE,APPAREL_STYLE,LPNBLR5O1892449,Doesn’t look good
2026-07-09T11:20:02+00:00,408-2727677-2201139,FBS66987,B017SN1OI8,X002844YM9,Fossil Analog Blue Dial Men's Watch - FS5151,1,DEL2,SELLABLE,DID_NOT_LIKE_COLOR,LPNDEL2R87546383,Color seems too dark.
2026-07-09T11:13:52+00:00,408-6061234-3865932,FBS79627,B0DKJHSD8R,X00284AM3J,Armani Exchange Analog Gray Dial Men's Stainless Steel Watch-AX4184,1,DEL2,SELLABLE,APPAREL_STYLE,LPNDEL2R88157916,
2026-07-09T11:00:16+00:00,404-1262923-1761168,FBS67801,B00HVBJ6W4,X00284BSYV,Fossil Riley Analog White & Beige Dial Women's Watch -ES3466,1,CCX1,SELLABLE,UNDELIVERABLE_REFUSED,LPNCCX1B4317487,
2026-07-09T10:27:03+00:00,406-8929710-7477158,FBA80070,B0GF7BLQ27,X002IPSPHD,Michael Kors Pyper Rose Gold Quartz Stainless Steel Watch MK7573,1,DEL2,SELLABLE,APPAREL_STYLE,LPNDEL2R87124152,Band shown in image is thick
2026-07-09T09:42:35+00:00,171-8701591-6200363,FBA80042,B0GF715X4M,X002IPBGLZ,Fossil Sloan Gold Quartz Stainless Steel Watch ES5456,1,DEL2,SELLABLE,APPAREL_STYLE,LPNDEL2R89901550,
2026-07-09T08:50:55+00:00,405-7136087-3393902,FBS67801,B00HVBJ6W4,X00284BSYV,Fossil Riley Analog White & Beige Dial Women's Watch -ES3466,1,BLR5,SELLABLE,UNDELIVERABLE_REFUSED,LPNBLR5O2194286,
2026-07-09T08:09:59+00:00,408-6393802-8867512,FBO66963,B00AG37H8Y,X001Q1V7N9,"Fossil Analog White Dial Men's Watch-FS4795 Stainless Steel, Multicolor Strap",1,BLR5,SELLABLE,APPAREL_STYLE,LPNBLR5O2186312,Better price on Myntra
2026-07-09T08:07:26+00:00,403-8651385-2828354,FBA79929,B0FTMLYC74,X002FTZ7NR,Fossil Carlie Multicolor Quartz Stainless Steel Watch ES5439,1,BLR5,SELLABLE,UNDELIVERABLE_REFUSED,LPNBLR5O2198693,
2026-07-09T06:55:54+00:00,408-6219418-8496339,FBS66974,B008AXYWHQ,X00284E6DB,Fossil Nate Chronograph Analog Black Dial Grey Band Men's Stainless Steel Watch - JR1401,1,BLR5,SELLABLE,QUALITY_UNACCEPTABLE,LPNBLR5O1463819,
2026-07-09T05:08:27+00:00,402-1074122-9849112,FBA80093,B00H2ZDX00,X002J9G82H,Fossil End of Season Dean Analog Off-White Dial Men's Watch - FS4867,1,DEL2,SELLABLE,UNDELIVERABLE_REFUSED,LPNDEL2R86254507,
2026-07-09T04:37:44+00:00,408-8266601-9913118,FBS79514,B0D854LDQM,X00284B1RZ,"Armani Exchange Stainless Steel Analog Blue Dial Men's Watch-Ax4182, Band Color:Gray",1,BLR5,SELLABLE,QUALITY_UNACCEPTABLE,LPNBLR5O1151400,The strap has faded in one place and also immovable or locked.
2026-07-09T04:34:40+00:00,408-3854305-3430752,FBO70527,B00NVAWTLY,X001Q1Z6AJ,"Fossil Nate Analog Black Dial Men's Watch-JR1487 Genuine Leather, Brown Strap",1,BLR5,CUSTOMER_DAMAGED,APPAREL_TOO_SMALL,LPNBLR5O2186298,
2026-07-09T04:31:23+00:00,406-2521551-8963555,FBS70769,B07M7P7VLX,X00284ALD5,Fossil Women's Analog Watch (Black),1,DEL2,SELLABLE,UNDELIVERABLE_REFUSED,LPNDEL2R89323316,
2026-07-09T03:32:48+00:00,403-1023684-5389103,FBA79921,B0FRVG8SR6,X002FTXMTN,Armani Exchange Gold Watch AX1970,1,DEL2,CARRIER_DAMAGED,UNDELIVERABLE_REFUSED,LPNDEL2R89657812,
2026-07-08T22:55:31+00:00,402-7829347-0324346,FBS70827,B07MM5MH6F,X002844YU1,"Fossil Watch, Black, Free Size, (FS5512)",1,BLR5,SELLABLE,APPAREL_TOO_SMALL,LPNBLR5O1595723,Fit is too Small. Did not expect this. So I would like to return this Product.
2026-07-08T20:49:49+00:00,402-6889794-9004342,FBO70527,B00NVAWTLY,X001Q1Z6AJ,"Fossil Nate Analog Black Dial Men's Watch-JR1487 Genuine Leather, Brown Strap",1,BLR5,SELLABLE,UNDELIVERABLE_REFUSED,LPNBLR5O2198247,
2026-07-08T16:29:38+00:00,405-3895220-4353112,FBO66964,B00WM0CF4A,X001Q1U05P,Fossil Women's ES3843 Jacqueline Analog Quartz Blue Watch,1,BLR5,SELLABLE,APPAREL_TOO_LARGE,LPNBLR5P8681773,Size is too large
2026-07-08T15:40:44+00:00,404-5127007-0350751,FBS74927,B0846Q1JT5,X002844ZCN,Armani Exchange Analog Silver Dial Women's Stainless Steel Watch-Ax5901,1,BOM4,SELLABLE,APPAREL_TOO_LARGE,LPNBOM4N42451999,size is too large
2026-07-08T13:32:06+00:00,407-2194608-3113134,FBO70527,B00NVAWTLY,X001Q1Z6AJ,"Fossil Nate Analog Black Dial Men's Watch-JR1487 Genuine Leather, Brown Strap",1,BLR5,SELLABLE,APPAREL_TOO_SMALL,LPNBLR5O1898570,
2026-07-08T10:37:41+00:00,406-5275647-2417934,FBS66636,B004D4S7AY,X002844YSN,Fossil Analog Gold Dial Women's Watch - ES2811,1,DEL2,SELLABLE,DID_NOT_LIKE_COLOR,LPNDEL2R89901390,
2026-07-08T08:56:15+00:00,402-2586550-6714737,FBS79557,B0D955NZTN,X002844XBL,Michael Kors Accelerator 2.0 Gun-Metal Watch MK9178,1,BOM4,CUSTOMER_DAMAGED,SWITCHEROO,LPNBOM4N42999718,
2026-07-08T08:17:32+00:00,408-0721369-3586715,FBA79925,B0FRVBBDM9,X002FTVT0R,Armani Exchange Black Watch AX4621,1,BOM4,SELLABLE,DID_NOT_LIKE_COLOR,LPNBOM4N43031288,
2026-07-08T05:38:50+00:00,407-6929066-7788305,FBA80093,B00H2ZDX00,X002J9G82H,Fossil End of Season Dean Analog Off-White Dial Men's Watch - FS4867,1,BOM4,SELLABLE,UNDELIVERABLE_REFUSED,LPNBOM4N42096528,
2026-07-08T04:46:28+00:00,406-4445449-6805138,FBS66974,B008AXYWHQ,X00284E6DB,Fossil Nate Chronograph Analog Black Dial Grey Band Men's Stainless Steel Watch - JR1401,1,CCX1,SELLABLE,UNDELIVERABLE_REFUSED,LPNCCX1A7437348,
2026-07-08T04:40:10+00:00,171-7828861-9615513,FBS66974,B008AXYWHQ,X00284E6DB,Fossil Nate Chronograph Analog Black Dial Grey Band Men's Stainless Steel Watch - JR1401,1,CCX1,SELLABLE,UNDELIVERABLE_REFUSED,LPNCCX1A7493891,
2026-07-08T04:37:27+00:00,405-1967731-5138746,FBS79637,B0DC64BD5R,X00284BXJL,Fossil Sport Tourer Black Quartz Leather Watch FS6086,1,DEL2,SELLABLE,UNDELIVERABLE_REFUSED,LPNDEL2R87752186,
2026-07-08T04:04:43+00:00,402-7436712-2301168,FBO66964,B00WM0CF4A,X001Q1U05P,Fossil Women's ES3843 Jacqueline Analog Quartz Blue Watch,1,BLR5,SELLABLE,APPAREL_STYLE,LPNBLR5P8091962,
2026-07-07T21:38:15+00:00,402-7114148-8487533,FBA79323,B0CRD3QWVJ,X001ZBCEYL,Fossil Carlie Analog Women Silver Quartz Stainless Steel Watch ES5331,1,BLR5,SELLABLE,APPAREL_TOO_SMALL,LPNBLR5O2191004,Not fitting in the arm
2026-07-07T18:04:49+00:00,408-5252211-3821134,FBA79937,B0FTK7KQ1P,X002FTXCR5,Fossil Machine Silver Quartz Stainless Steel Watch FS6144,1,BLR5,SELLABLE,FOUND_BETTER_PRICE,LPNBLR5O2169656,
2026-07-07T17:17:26+00:00,406-4542260-3869140,FBA79729,B0DT2Y9HRM,X0029WZEKV,Emporio Armani Black Quartz Leather Watch AR11677,1,BLR5,SELLABLE,QUALITY_UNACCEPTABLE,LPNBLR5P8801840,"The seconds hand is not working, seller has sold defective product"
2026-07-07T17:15:01+00:00,408-8925052-6959515,FBA79873,B0FCVKH4TS,X002E9IE83,Fossil Raquel Gold Quartz Stainless Steel Watch ES5417,1,BLR5,SELLABLE,UNDELIVERABLE_REFUSED,LPNBLR5O1910242,
2026-07-07T17:14:19+00:00,171-1420835-3171527,FBA80093,B00H2ZDX00,X002J9G82H,Fossil End of Season Dean Analog Off-White Dial Men's Watch - FS4867,1,BLR5,SELLABLE,UNDELIVERABLE_REFUSED,LPNBLR5O1891917,
2026-07-07T17:08:10+00:00,406-9091527-3717138,FBS70769,B07M7P7VLX,X00284ALD5,Fossil Women's Analog Watch (Black),1,BLR5,SELLABLE,UNDELIVERABLE_REFUSED,LPNBLR5P8091522,
2026-07-07T15:52:07+00:00,406-0847326-3549142,FBA80025,B0GDJPJKSG,X002IPEUYP,Armani Exchange Grey Quartz Silicone Watch AX1971,1,BOM4,SELLABLE,APPAREL_STYLE,LPNBOM4N43002929,
2026-07-07T11:57:44+00:00,404-1983239-9601145,FBA79735,B0DSBR8G7Y,X0029WTKSX,Armani Exchange Multicolor Quartz Stainless Steel Watch AX5176,1,CCX1,SELLABLE,UNDELIVERABLE_REFUSED,LPNCCX1A7437500,
2026-07-07T10:59:16+00:00,171-9138058-7490708,FBS66974,B008AXYWHQ,X00284E6DB,Fossil Nate Chronograph Analog Black Dial Grey Band Men's Stainless Steel Watch - JR1401,1,DEL2,SELLABLE,QUALITY_UNACCEPTABLE,LPNDEL2R88206397,
2026-07-07T10:16:59+00:00,171-5593506-3273160,FBA80093,B00H2ZDX00,X002J9G82H,Fossil End of Season Dean Analog Off-White Dial Men's Watch - FS4867,1,DEL2,CARRIER_DAMAGED,UNDELIVERABLE_REFUSED,LPNDEL2R85479792,
2026-07-07T10:04:53+00:00,403-5560065-2575537,FBS66974,B008AXYWHQ,X00284E6DB,Fossil Nate Chronograph Analog Black Dial Grey Band Men's Stainless Steel Watch - JR1401,1,BLR5,SELLABLE,UNDELIVERABLE_REFUSED,LPNBLR5P8070397,
2026-07-07T08:08:19+00:00,406-3239317-8480305,FBA79633,B0DJ2XHK2N,X00266GL6B,Fossil Women's Scarlette Multicolor Analog Quartz Stainless Steel Watch ES5388,1,BLR5,CUSTOMER_DAMAGED,APPAREL_STYLE,LPNBLR5O1826824,
2026-07-07T07:30:50+00:00,403-9738822-3237117,FBA79877,B0FCVHPY4B,X002E9CR6D,Fossil Gilmore Gold Quartz Stainless Steel Watch ES5421,1,DEL2,SELLABLE,UNDELIVERABLE_REFUSED,LPNDEL2R89906479,
2026-07-07T05:03:02+00:00,404-9269000-0664335,FBA79528,B0D93652ZY,X00241X1HP,Fossil Harlow Two Tone Watch ES5362,1,DEL2,SELLABLE,UNDELIVERABLE_REFUSED,LPNDEL2R88126097,
2026-07-07T04:13:57+00:00,408-3005485-6751555,FBA79856,B0FFJPKHZL,X002E9E095,Emporio Armani Black Quartz Leather Watch AR11690,1,DEL2,SELLABLE,APPAREL_STYLE,LPNDEL2R88033950,
2026-07-07T03:31:40+00:00,406-9227474-6619557,FBS66974,B008AXYWHQ,X00284E6DB,Fossil Nate Chronograph Analog Black Dial Grey Band Men's Stainless Steel Watch - JR1401,1,DEL2,SELLABLE,UNDELIVERABLE_REFUSED,LPNDEL2R87839004,
2026-07-06T22:33:57+00:00,408-2709276-6386710,FBA79158,B0CHXTV16D,X001WIB7W7,Armani Exchange Two Tone Watch AX1956,1,BLR5,SELLABLE,UNDELIVERABLE_REFUSED,LPNBLR5P8695942,
2026-07-06T20:08:56+00:00,408-4485835-2621904,FBS66974,B008AXYWHQ,X00284E6DB,Fossil Nate Chronograph Analog Black Dial Grey Band Men's Stainless Steel Watch - JR1401,1,BLR5,SELLABLE,UNDELIVERABLE_REFUSED,LPNBLR5O2232803,
2026-07-06T09:54:20+00:00,407-0745138-2493967,FBA79933,B0FTMM455Z,X002FTVTHZ,Fossil Raquel Gold Quartz Stainless Steel Watch ES5452,1,DEL2,DEFECTIVE,QUALITY_UNACCEPTABLE,LPNDEL2R84091599,Glass is scrached
2026-07-06T08:10:05+00:00,407-3556904-7697945,FBS66987,B017SN1OI8,X002844YM9,Fossil Analog Blue Dial Men's Watch - FS5151,1,CCX1,SELLABLE,APPAREL_STYLE,LPNCCX1B5446362,
2026-07-06T07:37:29+00:00,404-7020757-3465100,FBA79633,B0DJ2XHK2N,X00266GL6B,Fossil Women's Scarlette Multicolor Analog Quartz Stainless Steel Watch ES5388,1,BOM4,DEFECTIVE,DAMAGED_BY_FC,LPNBOM4N43002868,Scratches present after opening the box. Scratch was below the layer of plastic cover. 2 major scratches present. Please help
2026-07-06T07:24:20+00:00,408-0600338-2425925,FBO70527,B00NVAWTLY,X001Q1Z6AJ,"Fossil Nate Analog Black Dial Men's Watch-JR1487 Genuine Leather, Brown Strap",1,DEL2,SELLABLE,UNDELIVERABLE_REFUSED,LPNDEL2R87676237,
2026-07-06T07:21:33+00:00,406-3671301-8191553,FBS67801,B00HVBJ6W4,X00284BSYV,Fossil Riley Analog White & Beige Dial Women's Watch -ES3466,1,BLR5,CUSTOMER_DAMAGED,SWITCHEROO,LPNBLR5O1890461,
2026-07-06T07:21:10+00:00,402-7375809-8789931,FBS67801,B00HVBJ6W4,X00284BSYV,Fossil Riley Analog White & Beige Dial Women's Watch -ES3466,1,DEL2,SELLABLE,UNDELIVERABLE_REFUSED,LPNDEL2R88157212,
2026-07-06T06:42:09+00:00,406-9804334-8365949,FBS79627,B0DKJHSD8R,X00284AM3J,Armani Exchange Analog Gray Dial Men's Stainless Steel Watch-AX4184,1,DEL2,SELLABLE,QUALITY_UNACCEPTABLE,LPNDEL2R87742636,
2026-07-06T06:32:17+00:00,404-9985151-1869155,FBS66974,B008AXYWHQ,X00284E6DB,Fossil Nate Chronograph Analog Black Dial Grey Band Men's Stainless Steel Watch - JR1401,1,BLR5,SELLABLE,UNDELIVERABLE_REFUSED,LPNBLR5O0689559,
2026-07-06T04:11:10+00:00,171-1191388-9776331,FBA79528,B0D93652ZY,X00241X1HP,Fossil Harlow Two Tone Watch ES5362,1,BLR5,SELLABLE,DID_NOT_LIKE_COLOR,LPNBLR5O1826693,Did not like the colour of the watch
2026-07-06T03:20:16+00:00,408-0477629-1116355,FBO66964,B00WM0CF4A,X001Q1U05P,Fossil Women's ES3843 Jacqueline Analog Quartz Blue Watch,1,CCX1,SELLABLE,POOR_FIT,LPNCCX1B4110745,Need band size 16
2026-07-05T17:16:59+00:00,407-2794177-7396332,FBS66974,B008AXYWHQ,X00284E6DB,Fossil Nate Chronograph Analog Black Dial Grey Band Men's Stainless Steel Watch - JR1401,1,BLR5,SELLABLE,UNDELIVERABLE_REFUSED,LPNBLR5O1590399,
2026-07-05T14:54:25+00:00,406-8129799-5681941,FBA79349,B0D9KDQCCM,X0028X0MRL,Nexlev Portable Sewing Machine| 2 Speed Settings| Cordless| Battery operated| USB Type C cord for Plug-in| Quick Fix DIY|Portable & Compact| for all Fabrics| 1 Year Warranty| White,1,BLR5,SELLABLE,UNDELIVERABLE_REFUSED,LPNBLR5O0925759,
2026-07-05T14:26:55+00:00,404-1947701-9391558,FBO66963,B00AG37H8Y,X001Q1V7N9,"Fossil Analog White Dial Men's Watch-FS4795 Stainless Steel, Multicolor Strap",1,BLR5,CUSTOMER_DAMAGED,UNWANTED_ITEM,LPNBLR5O1496689,
2026-07-05T10:38:21+00:00,402-6218070-6394733,FBS79515,B0D8572WTJ,X00284AM9X,"Armani Exchange Stainless Steel Analog Black Dial Men's Watch-Ax4183, Band Color:Black",1,DEL2,SELLABLE,APPAREL_TOO_SMALL,LPNDEL2R87838813,
2026-07-05T09:38:45+00:00,408-6777854-8086702,FBS70769,B07M7P7VLX,X00284ALD5,Fossil Women's Analog Watch (Black),1,BLR5,SELLABLE,UNDELIVERABLE_REFUSED,LPNBLR5O1923461,
2026-07-05T09:27:00+00:00,402-9558945-0650709,FBA79933,B0FTMM455Z,X002FTVTHZ,Fossil Raquel Gold Quartz Stainless Steel Watch ES5452,1,BLR5,SELLABLE,FOUND_BETTER_PRICE,LPNBLR5O1982541,
2026-07-05T06:49:43+00:00,405-8741035-7259512,FBA79882,B0FCVPBY7Y,X002E9CN8Z,Fossil Grant Multicolor Quartz Stainless Steel Watch FS6131,1,DEL2,SELLABLE,FOUND_BETTER_PRICE,LPNDEL2R85478883,
2026-07-05T06:42:24+00:00,404-1542535-0302768,FBS66974,B008AXYWHQ,X00284E6DB,Fossil Nate Chronograph Analog Black Dial Grey Band Men's Stainless Steel Watch - JR1401,1,BLR5,SELLABLE,UNDELIVERABLE_REFUSED,LPNBLR5O1818153,
2026-07-05T05:32:56+00:00,403-1237640-5281950,FBS79539,B0D955L5S7,X00284EZ3R,Michael Kors Lexington Gold Watch MK4842,1,BLR5,SELLABLE,UNDELIVERABLE_REFUSED,LPNBLR5O1486747,
2026-07-05T05:02:36+00:00,171-1751218-7321913,FBS79618,B0DJ2XCDJ1,X00284AJDH,Emporio Armani Women's Stainless Steel Analog Green Dial Watch-AR11639,1,DEL2,SELLABLE,DID_NOT_LIKE_COLOR,LPNDEL2R87539593,
2026-07-05T04:46:56+00:00,406-9600624-5414714,FBS66974,B008AXYWHQ,X00284E6DB,Fossil Nate Chronograph Analog Black Dial Grey Band Men's Stainless Steel Watch - JR1401,1,BOM4,SELLABLE,UNDELIVERABLE_REFUSED,LPNBOM4N42965728,
2026-07-05T03:17:42+00:00,404-4548750-5045925,FBA79525,B0D954M6YQ,X00241X19D,Fossil Neutra Silver Watch ES5357,1,DEL2,CUSTOMER_DAMAGED,UNWANTED_ITEM,LPNDEL2R87651886,
2026-07-04T21:29:32+00:00,407-2039023-7976342,FBA79528,B0D93652ZY,X00241X1HP,Fossil Harlow Two Tone Watch ES5362,1,BLR5,SELLABLE,UNDELIVERABLE_REFUSED,LPNBLR5O2127788,
2026-07-04T19:11:51+00:00,407-7830609-5661165,FBA79882,B0FCVPBY7Y,X002E9CN8Z,Fossil Grant Multicolor Quartz Stainless Steel Watch FS6131,1,BLR5,SELLABLE,DID_NOT_LIKE_COLOR,LPNBLR5O1991422,
2026-07-04T16:30:20+00:00,403-3777758-4841156,FBA80070,B0GF7BLQ27,X002IPSPHD,Michael Kors Pyper Rose Gold Quartz Stainless Steel Watch MK7573,1,BLR5,CUSTOMER_DAMAGED,APPAREL_TOO_SMALL,LPNBLR5O1442956,
2026-07-04T11:23:23+00:00,408-2178230-7633939,FBO70527,B00NVAWTLY,X001Q1Z6AJ,"Fossil Nate Analog Black Dial Men's Watch-JR1487 Genuine Leather, Brown Strap",1,BLR5,SELLABLE,NEVER_ARRIVED,LPNBLR5O2104313,
2026-07-04T11:10:36+00:00,406-1117488-0726732,FBS67801,B00HVBJ6W4,X00284BSYV,Fossil Riley Analog White & Beige Dial Women's Watch -ES3466,1,BLR5,SELLABLE,UNDELIVERABLE_REFUSED,LPNBLR5O1506748,
2026-07-04T10:06:42+00:00,405-4792035-3039520,FBO66964,B00WM0CF4A,X001Q1U05P,Fossil Women's ES3843 Jacqueline Analog Quartz Blue Watch,1,BOM4,SELLABLE,UNDELIVERABLE_REFUSED,LPNBOM4N42913638,
2026-07-04T07:24:44+00:00,404-8680484-6396341,FBO66963,B00AG37H8Y,X001Q1V7N9,"Fossil Analog White Dial Men's Watch-FS4795 Stainless Steel, Multicolor Strap",1,DEL2,SELLABLE,DID_NOT_LIKE_COLOR,LPNDEL2R87651832,Colour not like
2026-07-04T06:25:02+00:00,406-4622769-5426707,FBS67801,B00HVBJ6W4,X00284BSYV,Fossil Riley Analog White & Beige Dial Women's Watch -ES3466,1,BLR5,SELLABLE,QUALITY_UNACCEPTABLE,LPNBLR5O2123227,
2026-07-04T05:45:46+00:00,404-5118283-4752321,FBA79753,B0DSBSD26P,X0029WWINH,Fossil Chronograph Men Neutra Grey Quartz Stainless Steel Blue Dial Watch FS6111,1,BLR5,SELLABLE,APPAREL_STYLE,LPNBLR5O1243538,
2026-07-04T04:52:45+00:00,407-4260323-3037946,FBA79933,B0FTMM455Z,X002FTVTHZ,Fossil Raquel Gold Quartz Stainless Steel Watch ES5452,1,DEL2,SELLABLE,UNDELIVERABLE_REFUSED,LPNDEL2R87488901,
2026-07-04T04:51:07+00:00,402-1864367-1961137,FBO67811,B06VV5QB6Q,X001Q1TZWJ,"Fossil Analog Black Dial Men's Watch-FS5308 Stainless Steel, Black Strap",1,BLR5,SELLABLE,APPAREL_TOO_SMALL,LPNBLR5P9590646,
2026-07-04T03:37:10+00:00,404-5387069-7797915,FBS74721,B00AMWDOEK,X00284ALDF,Fossil Grant Chronograph Beige Dial Men's Watch - FS4735,1,DEL2,SELLABLE,MISSING_PARTS,LPNDEL2R89576504,
2026-07-04T03:11:47+00:00,404-5118283-4752321,FBA79882,B0FCVPBY7Y,X002E9CN8Z,Fossil Grant Multicolor Quartz Stainless Steel Watch FS6131,1,BLR5,SELLABLE,DID_NOT_LIKE_COLOR,LPNBLR5O1156987,
2026-07-03T21:29:31+00:00,171-4110969-7679510,FBO70527,B00NVAWTLY,X001Q1Z6AJ,"Fossil Nate Analog Black Dial Men's Watch-JR1487 Genuine Leather, Brown Strap",1,BLR5,SELLABLE,APPAREL_TOO_LARGE,LPNBLR5O1100724,
2026-07-03T16:34:38+00:00,403-2387671-0043526,FBS66640,B00AFTTQ8I,X00284BSJV,Fossil Chronograph men Grant Brown Quartz Leather Watch FS4813IE,1,BLR5,SELLABLE,UNDELIVERABLE_REFUSED,LPNBLR5O1474717,
2026-07-03T13:20:53+00:00,406-2778320-4100361,FBS66640,B00AFTTQ8I,X00284BSJV,Fossil Chronograph men Grant Brown Quartz Leather Watch FS4813IE,1,BLR5,SELLABLE,UNDELIVERABLE_REFUSED,LPNBLR5O1534244,
2026-07-03T12:38:17+00:00,408-7629859-7293120,FBA79800,B0DT2Q1R2H,X002BEBBF9,Emporio Armani Black Quartz Leather Watch AR11666,1,DEL2,SELLABLE,APPAREL_STYLE,LPNDEL2R85487593,
2026-07-03T10:45:29+00:00,408-1351396-3741941,FBS75146,B079DC27J5,X002844WTT,Fossil Analog Black Dial Men's Watch-FS5452,1,BOM4,SELLABLE,QUALITY_UNACCEPTABLE,LPNBOM4N42681631,Chronographs function not working
2026-07-03T10:27:12+00:00,406-8228060-2270737,FBA80046,B0GF7BR5NH,X002IPBH6T,Fossil Neutra Brown Quartz Leather Watch FS6163,1,BLR5,SELLABLE,UNDELIVERABLE_REFUSED,LPNBLR5O2033820,
2026-07-03T05:29:21+00:00,406-9409800-7897949,FBA79882,B0FCVPBY7Y,X002E9CN8Z,Fossil Grant Multicolor Quartz Stainless Steel Watch FS6131,1,CCX1,SELLABLE,UNDELIVERABLE_REFUSED,LPNCCX1B4115872,
2026-07-03T04:58:15+00:00,171-0349859-3857110,FBS66987,B017SN1OI8,X002844YM9,Fossil Analog Blue Dial Men's Watch - FS5151,1,DEL2,SELLABLE,UNDELIVERABLE_REFUSED,LPNDEL2R87900046,
2026-07-03T04:46:29+00:00,403-6180934-8737929,FBA77972,B0BQZH3LGP,X001Q74MGR,Armani Exchange Analog Beige Dial Men's Watch-AX1739,1,DEL2,SELLABLE,NOT_AS_DESCRIBED,LPNDEL2R87836483,
2026-07-02T20:31:54+00:00,402-0136546-4997927,FBS66987,B017SN1OI8,X002844YM9,Fossil Analog Blue Dial Men's Watch - FS5151,1,BLR5,SELLABLE,DID_NOT_LIKE_COLOR,LPNBLR5O1473687,
2026-07-02T14:04:56+00:00,405-9535801-4269906,FBA79882,B0FCVPBY7Y,X002E9CN8Z,Fossil Grant Multicolor Quartz Stainless Steel Watch FS6131,1,BLR5,SELLABLE,UNDELIVERABLE_UNKNOWN,LPNBLR5O0332801,
2026-07-02T12:37:57+00:00,406-7672104-8441920,FBA79940,B0FTK1RVG8,X002FTZH0P,Fossil Crosby Brown Quartz Leather Watch FS6150,1,DEL2,CARRIER_DAMAGED,APPAREL_STYLE,LPNDEL2R85269688,
2026-07-02T12:15:50+00:00,404-7844523-4815512,FBS79624,B0DKJHJV6T,X00284BXJ1,Armani Exchange Analog Black Dial Men's Stainless Steel Watch-AX2460,1,BLR5,CUSTOMER_DAMAGED,QUALITY_UNACCEPTABLE,LPNBLR5O1991216,
2026-07-02T11:20:50+00:00,404-4283121-8078701,FBS70769,B07M7P7VLX,X00284ALD5,Fossil Women's Analog Watch (Black),1,DEL2,SELLABLE,UNDELIVERABLE_REFUSED,LPNDEL2R84136748,
2026-07-02T08:32:52+00:00,403-6673155-3822703,FBA80046,B0GF7BR5NH,X002IPBH6T,Fossil Neutra Brown Quartz Leather Watch FS6163,1,BOM4,CARRIER_DAMAGED,UNDELIVERABLE_REFUSED,LPNBOM4N42858890,
2026-07-02T08:07:03+00:00,407-9168018-8595524,FBS79515,B0D8572WTJ,X00284AM9X,"Armani Exchange Stainless Steel Analog Black Dial Men's Watch-Ax4183, Band Color:Black",1,BLR5,SELLABLE,APPAREL_STYLE,LPNBLR5O1099456,
2026-07-02T07:57:26+00:00,402-2829904-3555556,FBA79882,B0FCVPBY7Y,X002E9CN8Z,Fossil Grant Multicolor Quartz Stainless Steel Watch FS6131,1,BLR5,SELLABLE,NEVER_ARRIVED,LPNBLR5P6053946,
2026-07-02T07:36:08+00:00,405-4469384-8494766,FBA79882,B0FCVPBY7Y,X002E9CN8Z,Fossil Grant Multicolor Quartz Stainless Steel Watch FS6131,1,DEL2,SELLABLE,APPAREL_STYLE,LPNDEL2R85892843,Weight is too much
2026-07-02T06:01:22+00:00,407-1854431-7272332,FBO66627,B007NM84PQ,X001Q1Z7ET,Fossil Women Jesse Analog Rose Gold Dial Watch - ES3020,1,DEL2,SELLABLE,UNDELIVERABLE_REFUSED,LPNDEL2R87651002,
2026-07-02T05:26:16+00:00,407-3979100-0706706,FBS66640,B00AFTTQ8I,X00284BSJV,Fossil Chronograph men Grant Brown Quartz Leather Watch FS4813IE,1,BOM4,CUSTOMER_DAMAGED,QUALITY_UNACCEPTABLE,LPNBOM4N42734665,
2026-07-02T05:23:13+00:00,407-3258105-6624368,FBA79928,B0FTMRC37L,X002FTTD5F,Fossil Carlie Multicolor Quartz Stainless Steel Watch ES5438,1,BLR5,SELLABLE,APPAREL_STYLE,LPNBLR5O1382493,
2026-07-02T03:54:12+00:00,171-2026373-2245916,FBO67811,B06VV5QB6Q,X001Q1TZWJ,"Fossil Analog Black Dial Men's Watch-FS5308 Stainless Steel, Black Strap",1,DEL2,SELLABLE,APPAREL_TOO_LARGE,LPNDEL2R85217661,
2026-07-01T20:35:04+00:00,402-9737291-8345163,FBA79633,B0DJ2XHK2N,X00266GL6B,Fossil Women's Scarlette Multicolor Analog Quartz Stainless Steel Watch ES5388,1,BLR5,SELLABLE,APPAREL_TOO_LARGE,LPNBLR5P9974884,Feels little big and manly on the wrist
2026-07-01T20:29:26+00:00,406-6302758-3368319,FBS70827,B07MM5MH6F,X002844YU1,"Fossil Watch, Black, Free Size, (FS5512)",1,BLR5,SELLABLE,POOR_FIT,LPNBLR5O1537649,
2026-07-01T18:33:30+00:00,403-2293931-1547526,FBO66964,B00WM0CF4A,X001Q1U05P,Fossil Women's ES3843 Jacqueline Analog Quartz Blue Watch,1,BLR5,SELLABLE,APPAREL_TOO_LARGE,LPNBLR5O1984706,Toor large for my wrist
2026-07-01T18:26:24+00:00,171-5449395-2730729,FBS79512,B0D84YY632,X00284BTJF,"Armani Exchange Stainless Steel Analog Black Dial Men's Watch-Ax4180, Band Color:Gold",1,BLR5,CUSTOMER_DAMAGED,DID_NOT_LIKE_COLOR,LPNBLR5O1991152,
2026-07-01T17:27:39+00:00,404-0297764-1756376,FBS79422,B0CZ91YKMP,X00284EZ9L,Fossil Blue Dive Gold Watch ES5350,1,BLR5,SELLABLE,QUALITY_UNACCEPTABLE,LPNBLR5O2147401,Numbers on the watch dial placed incorrectly
2026-07-01T16:54:01+00:00,402-4115670-5889102,FBA79925,B0FRVBBDM9,X002FTVT0R,Armani Exchange Black Watch AX4621,1,BLR5,SELLABLE,UNDELIVERABLE_REFUSED,LPNBLR5O1521181,
2026-07-01T16:25:04+00:00,404-0411126-8648367,FBO67811,B06VV5QB6Q,X001Q1TZWJ,"Fossil Analog Black Dial Men's Watch-FS5308 Stainless Steel, Black Strap",1,BLR5,CUSTOMER_DAMAGED,APPAREL_TOO_SMALL,LPNBLR5O2051688,
2026-07-01T12:41:31+00:00,407-3246863-1860309,FBA79746,B0DSBQDZNV,X0029WY6K5,Fossil Men Everett Silver Quartz Stainless Steel Blue Dial Analog Watch FS6104,1,BLR5,SELLABLE,APPAREL_STYLE,LPNBLR5O1521134,
2026-07-01T12:16:54+00:00,403-3967915-7645156,FBS79556,B0D955YGX7,X00284EZ91,Michael Kors Analog Men Accelerator 2.0 Black Dial Gold Watch MK9177,1,DEL2,SELLABLE,UNDELIVERABLE_REFUSED,LPNDEL2R87782769,
2026-07-01T12:16:17+00:00,405-8395558-7662759,FBO66963,B00AG37H8Y,X001Q1V7N9,"Fossil Analog White Dial Men's Watch-FS4795 Stainless Steel, Multicolor Strap",1,BLR5,SELLABLE,UNDELIVERABLE_REFUSED,LPNBLR5O1860440,
2026-07-01T12:09:03+00:00,403-3967915-7645156,FBS79556,B0D955YGX7,X00284EZ91,Michael Kors Analog Men Accelerator 2.0 Black Dial Gold Watch MK9177,1,DEL2,SELLABLE,UNDELIVERABLE_REFUSED,LPNDEL2R87631355,
2026-07-01T11:45:26+00:00,407-5799686-9961105,FBO66963,B00AG37H8Y,X001Q1V7N9,"Fossil Analog White Dial Men's Watch-FS4795 Stainless Steel, Multicolor Strap",1,DEL2,SELLABLE,UNDELIVERABLE_UNKNOWN,LPNDEL2R86415944,
2026-07-01T11:29:30+00:00,407-0310090-6564302,FBA79940,B0FTK1RVG8,X002FTZH0P,Fossil Crosby Brown Quartz Leather Watch FS6150,1,CCX1,SELLABLE,UNDELIVERABLE_REFUSED,LPNCCX1B4123284,
2026-07-01T09:00:27+00:00,408-3141407-0125915,FBA79633,B0DJ2XHK2N,X00266GL6B,Fossil Women's Scarlette Multicolor Analog Quartz Stainless Steel Watch ES5388,1,BOM4,SELLABLE,APPAREL_TOO_SMALL,LPNBOM4N42842607,
2026-07-01T07:59:18+00:00,408-6865519-4277961,FBS74838,B09BBK2LV4,X00284BSFP,Emporio Armani Silver Watch AR11360,1,BOM4,SELLABLE,UNDELIVERABLE_REFUSED,LPNBOM4N42874491,
2026-07-01T07:31:05+00:00,404-0629765-2178743,FBO66964,B00WM0CF4A,X001Q1U05P,Fossil Women's ES3843 Jacqueline Analog Quartz Blue Watch,1,DEL2,SELLABLE,APPAREL_STYLE,LPNDEL2R85846038,
2026-07-01T06:50:44+00:00,408-4118441-1203544,FBS79647,B0DJ2XDV59,X00284AJA5,Michael Kors Rylee Silver Watch MK4873,1,DEL2,CARRIER_DAMAGED,FOUND_BETTER_PRICE,LPNDEL2R84719283,
2026-07-01T06:09:26+00:00,403-7626040-9051566,FBS66640,B00AFTTQ8I,X00284BSJV,Fossil Chronograph men Grant Brown Quartz Leather Watch FS4813IE,1,BLR5,SELLABLE,QUALITY_UNACCEPTABLE,LPNBLR5P9752985,
2026-07-01T04:12:21+00:00,405-7326673-3393923,FBO70774,B07MFZ6S2Q,X001Q1U0E1,Fossil Neutra Analog Black Dial and Band Men's Stainless Steel Watch-FS5525,1,BOM4,CUSTOMER_DAMAGED,QUALITY_UNACCEPTABLE,LPNBOM4N42257999,
2026-07-01T03:27:16+00:00,405-0101420-0026752,FBO66964,B00WM0CF4A,X001Q1U05P,Fossil Women's ES3843 Jacqueline Analog Quartz Blue Watch,1,DEL2,SELLABLE,UNDELIVERABLE_REFUSED,LPNDEL2R85481104,
2026-06-30T14:17:48+00:00,405-3204452-8132336,FBA79527,B0D936GPVL,X00241X17F,Fossil Harlow Gold Watch ES5361,1,BOM4,CUSTOMER_DAMAGED,APPAREL_STYLE,LPNBOM4N42734676,
2026-06-30T11:28:03+00:00,403-2251267-5529130,FBA80061,B0GFD7N73D,X002IPU4E5,Emporio Armani Gold Quartz Stainless Steel Watch AR11759,1,DEL2,SELLABLE,QUALITY_UNACCEPTABLE,LPNDEL2R85581124,Replace
2026-06-30T11:05:42+00:00,402-9765440-0569113,FBS67801,B00HVBJ6W4,X00284BSYV,Fossil Riley Analog White & Beige Dial Women's Watch -ES3466,1,BLR5,CARRIER_DAMAGED,QUALITY_UNACCEPTABLE,LPNBLR5O0382109,
2026-06-30T08:50:57+00:00,407-3987535-5252347,FBS79515,B0D8572WTJ,X00284AM9X,"Armani Exchange Stainless Steel Analog Black Dial Men's Watch-Ax4183, Band Color:Black",1,BOM4,SELLABLE,UNDELIVERABLE_REFUSED,LPNBOM4N41344727,
2026-06-30T08:41:22+00:00,405-9382617-5117136,FBA79633,B0DJ2XHK2N,X00266GL6B,Fossil Women's Scarlette Multicolor Analog Quartz Stainless Steel Watch ES5388,1,BLR5,SELLABLE,DID_NOT_LIKE_COLOR,LPNBLR5O0254433,
2026-06-30T07:20:25+00:00,408-5210306-9302742,FBO67811,B06VV5QB6Q,X001Q1TZWJ,"Fossil Analog Black Dial Men's Watch-FS5308 Stainless Steel, Black Strap",1,DEL2,SELLABLE,APPAREL_STYLE,LPNDEL2R84718812,
2026-06-30T06:47:34+00:00,405-3449620-1473936,FBO66963,B00AG37H8Y,X001Q1V7N9,"Fossil Analog White Dial Men's Watch-FS4795 Stainless Steel, Multicolor Strap",1,DEL2,SELLABLE,UNDELIVERABLE_REFUSED,LPNDEL2R86187462,
2026-06-30T04:23:05+00:00,408-6304420-7282750,FBA79934,B0FTKNBJY4,X002FTVTL1,Fossil Campbell Silver Quartz Stainless Steel Watch FS6139,1,DEL2,SELLABLE,APPAREL_TOO_LARGE,LPNDEL2R87651846,
2026-06-30T04:02:18+00:00,406-4839242-4529155,FBS66974,B008AXYWHQ,X00284E6DB,Fossil Nate Chronograph Analog Black Dial Grey Band Men's Stainless Steel Watch - JR1401,1,BLR5,SELLABLE,MISSED_ESTIMATED_DELIVERY,LPNBLR5O0906687,
2026-06-30T03:36:30+00:00,408-6590303-1383524,FBS66974,B008AXYWHQ,X00284E6DB,Fossil Nate Chronograph Analog Black Dial Grey Band Men's Stainless Steel Watch - JR1401,1,BLR5,CUSTOMER_DAMAGED,DEFECTIVE,LPNBLR5O0374489,
2026-06-29T17:59:57+00:00,171-7199906-4677156,FBS66974,B008AXYWHQ,X00284E6DB,Fossil Nate Chronograph Analog Black Dial Grey Band Men's Stainless Steel Watch - JR1401,1,BOM4,CUSTOMER_DAMAGED,DEFECTIVE,LPNBOM4N42699469,
2026-06-29T14:20:18+00:00,402-2025274-1613936,FBO75077,B08QVCPDVT,X001Q1WV3T,Fossil Neutra Silver Watch FS5792,1,BLR5,SELLABLE,APPAREL_TOO_LARGE,LPNBLR5P6053549,It was actually Big for me. So I would like to return this Product.
2026-06-29T12:27:43+00:00,402-8611017-9624341,FBS66974,B008AXYWHQ,X00284E6DB,Fossil Nate Chronograph Analog Black Dial Grey Band Men's Stainless Steel Watch - JR1401,1,BLR5,SELLABLE,QUALITY_UNACCEPTABLE,LPNBLR5O0371819,
2026-06-29T10:18:27+00:00,407-2524722-8408361,FBA79748,B0DSBSGK17,X0029WWIJL,Fossil Men Everett Multicolor Quartz Stainless Steel Green Dial Analog Watch FS6106,1,DEL2,CUSTOMER_DAMAGED,APPAREL_TOO_LARGE,LPNDEL2R85318584,
2026-06-29T10:15:03+00:00,407-3502894-4613131,FBA79883,B0FCVRKB8C,X002E9FUNP,Fossil Grant Multicolor Quartz Stainless Steel Watch FS6132,1,BOM4,SELLABLE,QUALITY_UNACCEPTABLE,LPNBOM4N40868952,
2026-06-29T07:58:00+00:00,407-7946937-7868347,FBS67801,B00HVBJ6W4,X00284BSYV,Fossil Riley Analog White & Beige Dial Women's Watch -ES3466,1,DEL2,SELLABLE,UNDELIVERABLE_REFUSED,LPNDEL2R85020267,
2026-06-29T07:53:16+00:00,402-1011992-5894715,FBA79723,B0DT2QDBS3,X0029WXV3D,Emporio Armani Brown Quartz Leather Watch AR11665,1,CCX1,CUSTOMER_DAMAGED,DID_NOT_LIKE_COLOR,LPNCCX1B1459077,
2026-06-29T05:08:57+00:00,408-3359989-8018707,FBO70527,B00NVAWTLY,X001Q1Z6AJ,"Fossil Nate Analog Black Dial Men's Watch-JR1487 Genuine Leather, Brown Strap",1,BOM4,SELLABLE,UNDELIVERABLE_REFUSED,LPNBOM4N42610562,
2026-06-29T03:54:49+00:00,171-0336487-9405122,FBA79528,B0D93652ZY,X00241X1HP,Fossil Harlow Two Tone Watch ES5362,1,BOM4,SELLABLE,UNDELIVERABLE_REFUSED,LPNBOM4N41252812,
2026-06-28T22:35:51+00:00,171-6264644-8283526,FBA79882,B0FCVPBY7Y,X002E9CN8Z,Fossil Grant Multicolor Quartz Stainless Steel Watch FS6131,1,BLR5,SELLABLE,UNDELIVERABLE_REFUSED,LPNBLR5O1298282,
2026-06-28T22:23:11+00:00,406-4441917-9815564,FBO66963,B00AG37H8Y,X001Q1V7N9,"Fossil Analog White Dial Men's Watch-FS4795 Stainless Steel, Multicolor Strap",1,BLR5,SELLABLE,APPAREL_STYLE,LPNBLR5P6971478,
2026-06-28T21:17:24+00:00,407-7347424-2109119,FBS79638,B0DC674ZNR,X00284BTTZ,Fossil Sport Tourer Black Quartz Silicone Watch FS6087,1,BLR5,SELLABLE,APPAREL_TOO_SMALL,LPNBLR5O1275689,Too small for wrist
2026-06-28T20:33:59+00:00,405-3389890-2860324,FBO66627,B007NM84PQ,X001Q1Z7ET,Fossil Women Jesse Analog Rose Gold Dial Watch - ES3020,1,BLR5,SELLABLE,UNDELIVERABLE_REFUSED,LPNBLR5O2122936,
2026-06-28T20:28:04+00:00,171-5602578-7400337,FBO69631,B077SMJP9Z,X001Q1XW91,"Skagen Stainless Steel Analog White Dial Women Watch - Skw2694, Rose Gold Band",1,BLR5,CUSTOMER_DAMAGED,QUALITY_UNACCEPTABLE,LPNBLR5P6902406,
2026-06-28T14:27:10+00:00,404-0891447-3447510,FBA79897,B07T2XYGR5,X002E9ELF3,Diesel Men Spiked Green Quartz Stainless Steel Chronograph Watch DZ4670,1,BLR5,SELLABLE,NOT_AS_DESCRIBED,LPNBLR5O2082982,
2026-06-28T13:06:13+00:00,406-5831315-0755504,FBA80052,B0GF7CZ53H,X002IPFBEN,Michael Kors Bryant Gold Quartz Stainless Steel Watch MK7581,1,BLR5,SELLABLE,DID_NOT_LIKE_COLOR,LPNBLR5P6091307,Didn&#39;t like the color
2026-06-28T11:42:01+00:00,171-7140666-0356307,FBA79869,B0FFDJNB8T,X002E9IEKL,Armani Exchange Black Quartz Stainless Steel Watch AX5732,1,BLR5,SELLABLE,UNDELIVERABLE_REFUSED,LPNBLR5O2005270,
2026-06-28T11:40:14+00:00,405-2887234-0217949,FBO67811,B06VV5QB6Q,X001Q1TZWJ,"Fossil Analog Black Dial Men's Watch-FS5308 Stainless Steel, Black Strap",1,BLR5,SELLABLE,APPAREL_STYLE,LPNBLR5O1362991,Very small nt not good quality
2026-06-28T10:55:33+00:00,406-8399020-2176349,FBA79882,B0FCVPBY7Y,X002E9CN8Z,Fossil Grant Multicolor Quartz Stainless Steel Watch FS6131,1,BOM4,SELLABLE,APPAREL_STYLE,LPNBOM4N42544623,Its not looks like image .
2026-06-28T08:40:44+00:00,403-0223512-0225957,FBO66964,B00WM0CF4A,X001Q1U05P,Fossil Women's ES3843 Jacqueline Analog Quartz Blue Watch,1,BLR5,SELLABLE,POOR_FIT,LPNBLR5O2005042,
2026-06-28T08:20:52+00:00,171-4555200-2677925,FBA79932,B0FTML3VHG,X002FTXHDJ,Fossil Harlow Gold Quartz Stainless Steel Watch ES5451,1,BOM4,SELLABLE,APPAREL_TOO_LARGE,LPNBOM4N41270634,
2026-06-28T06:45:21+00:00,405-3289884-4583502,FBA72564,B07LDJJ4JP,X0014OD9OX,Saregama Carvaan Mini 2.0 Tamil- Music Player with Bluetooth/FM/AM/AUX (Sunset Red),1,BLR5,CUSTOMER_DAMAGED,DEFECTIVE,LPNBLR5O1435552,
2026-06-28T05:48:59+00:00,406-0132721-5615516,FBO67811,B06VV5QB6Q,X001Q1TZWJ,"Fossil Analog Black Dial Men's Watch-FS5308 Stainless Steel, Black Strap",1,BLR5,SELLABLE,UNDELIVERABLE_REFUSED,LPNBLR5O1261829,
2026-06-28T05:48:59+00:00,406-0132721-5615516,FBO67811,B06VV5QB6Q,X001Q1TZWJ,"Fossil Analog Black Dial Men's Watch-FS5308 Stainless Steel, Black Strap",1,BLR5,SELLABLE,UNDELIVERABLE_REFUSED,LPNBLR5O1261833,
2026-06-28T05:48:59+00:00,406-0132721-5615516,FBO67811,B06VV5QB6Q,X001Q1TZWJ,"Fossil Analog Black Dial Men's Watch-FS5308 Stainless Steel, Black Strap",1,BLR5,SELLABLE,UNDELIVERABLE_REFUSED,LPNBLR5O1261828,
2026-06-28T05:27:13+00:00,402-5323269-6712364,FBA79867,B0FFDM5QJX,X002E9HHJ5,Armani Exchange Metallic Quartz Stainless Steel Watch AX2823,1,BLR5,SELLABLE,DID_NOT_LIKE_COLOR,LPNBLR5O1293034,Didn&#39;t like the color
2026-06-28T04:42:55+00:00,171-3261745-6350710,FBS66987,B017SN1OI8,X002844YM9,Fossil Analog Blue Dial Men's Watch - FS5151,1,BLR5,SELLABLE,DID_NOT_LIKE_COLOR,LPNBLR5P7001441,
2026-06-28T03:58:45+00:00,404-8716208-9801942,FBA80095,B0CHXGWVZJ,X002JE5GOD,"Armani Exchange Stainless Steel Analog Green Dial Men Watch-Ax1746, Gold Band",1,DEL2,SELLABLE,UNDELIVERABLE_UNKNOWN,LPNDEL2R85129326,
2026-06-28T03:19:41+00:00,171-9338723-7747539,FBA79530,B0D9369MTM,X00241S2UL,Fossil Harlow Brown Watch ES5364,1,BOM4,CUSTOMER_DAMAGED,APPAREL_STYLE,LPNBOM4N42231979,
2026-06-27T18:03:12+00:00,407-7568270-1657927,FBS74257,B079XB5RXH,X00284BSYB,Michael Kors Ritz Analogue Women's Watch (Rose Gold Dial Rose Gold Colored Strap),1,BLR5,SELLABLE,QUALITY_UNACCEPTABLE,LPNBLR5O2145874,
2026-06-27T16:51:50+00:00,406-1177212-5465914,FBS79518,B0D84YD59Y,X002844XHF,"Armani Exchange Stainless Steel Analog Silver Dial Women's Watch-Ax5725, Band Color:Gold",1,BLR5,SELLABLE,DID_NOT_LIKE_COLOR,LPNBLR5O1466431,I’m looking for pure gold
2026-06-27T16:24:35+00:00,405-2619750-0165939,FBS66974,B008AXYWHQ,X00284E6DB,Fossil Nate Chronograph Analog Black Dial Grey Band Men's Stainless Steel Watch - JR1401,1,BLR5,SELLABLE,QUALITY_UNACCEPTABLE,LPNBLR5O2145719,
2026-06-27T11:53:22+00:00,405-3204452-8132336,FBA79528,B0D93652ZY,X00241X1HP,Fossil Harlow Two Tone Watch ES5362,1,BOM4,SELLABLE,UNDELIVERABLE_REFUSED,LPNBOM4N41564587,
2026-06-27T09:45:49+00:00,404-5647281-8550768,FBA80093,B00H2ZDX00,X002J9G82H,Fossil End of Season Dean Analog Off-White Dial Men's Watch - FS4867,1,HYD8,SELLABLE,UNDELIVERABLE_UNKNOWN,LPNHYD8EJ18990,
2026-06-27T08:06:47+00:00,407-0982528-9641969,FBA79349,B0D9KDQCCM,X0028X0MRL,Nexlev Portable Sewing Machine| 2 Speed Settings| Cordless| Battery operated| USB Type C cord for Plug-in| Quick Fix DIY|Portable & Compact| for all Fabrics| 1 Year Warranty| White,1,BOM4,CUSTOMER_DAMAGED,DEFECTIVE,LPNBOM4N40559118,
2026-06-27T07:53:35+00:00,403-3386070-0286766,FBS66974,B008AXYWHQ,X00284E6DB,Fossil Nate Chronograph Analog Black Dial Grey Band Men's Stainless Steel Watch - JR1401,1,BLR5,SELLABLE,MISORDERED,LPNBLR5Q2227293,
2026-06-27T07:15:57+00:00,403-6048559-8492300,FBS79556,B0D955YGX7,X00284EZ91,Michael Kors Analog Men Accelerator 2.0 Black Dial Gold Watch MK9177,1,DEL2,SELLABLE,QUALITY_UNACCEPTABLE,LPNDEL2R84743878,
2026-06-27T06:54:03+00:00,406-6521450-6815552,FBA79888,B0FKBWS861,X002E9F6TD,Michael Kors Georgie Gold Quartz Stainless Steel Watch MK4934,1,DEL2,CUSTOMER_DAMAGED,APPAREL_TOO_LARGE,LPNDEL2R84667138,
2026-06-27T05:19:24+00:00,408-7668031-5017164,FBS79627,B0DKJHSD8R,X00284AM3J,Armani Exchange Analog Gray Dial Men's Stainless Steel Watch-AX4184,1,BLR5,SELLABLE,UNDELIVERABLE_REFUSED,LPNBLR5P6131940,
2026-06-27T04:49:21+00:00,403-5405677-0740369,FBS73952,B00EVZ83J0,X00284AOPP,"Fossil Decker Brown Watch Ch2885 - Chronograph, Men, Leather",1,DEL2,CUSTOMER_DAMAGED,APPAREL_STYLE,LPNDEL2R84516619,
2026-06-27T04:21:31+00:00,405-2075409-3411521,FBS79513,B0D853Y52R,X00284AM6V,"Armani Exchange Stainless Steel Analog Black Dial Men's Watch-Ax4181, Band Color:Multicolor",1,BLR5,SELLABLE,SWITCHEROO,LPNBLR5O1296168,Received different style and color watch from same brand that I did not order. Please help with return of this product.
2026-06-27T04:19:47+00:00,405-4827565-8157903,FBS67801,B00HVBJ6W4,X00284BSYV,Fossil Riley Analog White & Beige Dial Women's Watch -ES3466,1,DEL2,SELLABLE,UNDELIVERABLE_REFUSED,LPNDEL2R86714637,
2026-06-27T04:04:44+00:00,408-7119017-0117952,FBA80093,B00H2ZDX00,X002J9G82H,Fossil End of Season Dean Analog Off-White Dial Men's Watch - FS4867,1,DEL2,SELLABLE,UNDELIVERABLE_REFUSED,LPNDEL2R85705439,
2026-06-27T04:00:57+00:00,407-8781016-5920364,FBO70194,B003R7JYDM,X001Q1WV0H,Fossil Decker Black Watch CH2647,1,DEL2,SELLABLE,UNDELIVERABLE_REFUSED,LPNDEL2R86749481,
2026-06-26T14:07:46+00:00,405-9509181-3365163,FBA79929,B0FTMLYC74,X002FTZ7NR,Fossil Carlie Multicolor Quartz Stainless Steel Watch ES5439,1,BLR5,SELLABLE,APPAREL_STYLE,LPNBLR5P6053259,Too small
2026-06-26T13:58:50+00:00,407-6607558-5771535,FBA79757,B0DSBQ8JV7,X0029WZAFF,Michael Kors Lexington Blue Quartz Stainless Steel Watch MK7519LE,1,BLR5,CUSTOMER_DAMAGED,APPAREL_STYLE,LPNBLR5O0347852,
2026-06-26T11:24:31+00:00,406-6992673-6406723,FBA79323,B0CRD3QWVJ,X001ZBCEYL,Fossil Carlie Analog Women Silver Quartz Stainless Steel Watch ES5331,1,DEL2,SELLABLE,UNDELIVERABLE_REFUSED,LPNDEL2R86414838,
2026-06-26T09:18:28+00:00,406-5910194-7848342,FBS66987,B017SN1OI8,X002844YM9,Fossil Analog Blue Dial Men's Watch - FS5151,1,CCX1,SELLABLE,FOUND_BETTER_PRICE,LPNCCX1B5446362,
2026-06-26T08:48:29+00:00,408-9872463-3506756,FBS67801,B00HVBJ6W4,X00284BSYV,Fossil Riley Analog White & Beige Dial Women's Watch -ES3466,1,BLR5,CUSTOMER_DAMAGED,QUALITY_UNACCEPTABLE,LPNBLR5P8009398,
2026-06-26T07:21:03+00:00,408-3504713-4740339,FBA79349,B0D9KDQCCM,X0028X0MRL,Nexlev Portable Sewing Machine| 2 Speed Settings| Cordless| Battery operated| USB Type C cord for Plug-in| Quick Fix DIY|Portable & Compact| for all Fabrics| 1 Year Warranty| White,1,DEL2,CUSTOMER_DAMAGED,QUALITY_UNACCEPTABLE,LPNDEL2R84946927,
2026-06-26T06:19:55+00:00,406-1392612-5548358,FBA79877,B0FCVHPY4B,X002E9CR6D,Fossil Gilmore Gold Quartz Stainless Steel Watch ES5421,1,BLR5,SELLABLE,QUALITY_UNACCEPTABLE,LPNBLR5P7490187,
2026-06-26T06:06:10+00:00,405-6792035-7476314,FBA79858,B0FFJ4N8BK,X002E9CUWJ,Emporio Armani Multicolor Quartz Stainless Steel Watch AR11692,1,DEL2,SELLABLE,APPAREL_STYLE,LPNDEL2R85491151,
2026-06-26T03:50:48+00:00,408-3989172-8167551,FBA79933,B0FTMM455Z,X002FTVTHZ,Fossil Raquel Gold Quartz Stainless Steel Watch ES5452,1,DEL2,SELLABLE,APPAREL_STYLE,LPNDEL2R84171983,Size is too small not able to see the date.
2026-06-25T22:45:03+00:00,404-7237671-1269966,FBA80093,B00H2ZDX00,X002J9G82H,Fossil End of Season Dean Analog Off-White Dial Men's Watch - FS4867,1,BOM4,SELLABLE,UNDELIVERABLE_REFUSED,LPNBOM4N42228513,
2026-06-25T22:15:44+00:00,171-9856087-6510746,FBS75262,B0183NW5H6,X002I2P8VR,Fossil Analog Black Dial Men's Watch-FS5164,1,BLR5,SELLABLE,UNDELIVERABLE_UNKNOWN,LPNBLR5O0370058,
2026-06-25T21:20:37+00:00,404-2320478-2841121,FBA79882,B0FCVPBY7Y,X002E9CN8Z,Fossil Grant Multicolor Quartz Stainless Steel Watch FS6131,1,BLR5,SELLABLE,POOR_FIT,LPNBLR5P6053180,Too big
2026-06-25T20:43:14+00:00,406-4490007-8444334,FBA79884,B0FCVFDZP7,X002E9HHS1,Fossil Grant Metallic Quartz Stainless Steel Watch FS6133,1,BLR5,SELLABLE,DID_NOT_LIKE_COLOR,LPNBLR5O0293212,Colour was different
2026-06-25T15:18:30+00:00,404-3227635-4950734,FBA79349,B0D9KDQCCM,X0028X0MRL,Nexlev Portable Sewing Machine| 2 Speed Settings| Cordless| Battery operated| USB Type C cord for Plug-in| Quick Fix DIY|Portable & Compact| for all Fabrics| 1 Year Warranty| White,1,CCX1,DEFECTIVE,MISSING_PARTS,LPNCCX1B5586344,Please kindly request what I am missing
2026-06-25T12:34:06+00:00,405-1456558-2256311,FBA79349,B0D9KDQCCM,X0028X0MRL,Nexlev Portable Sewing Machine| 2 Speed Settings| Cordless| Battery operated| USB Type C cord for Plug-in| Quick Fix DIY|Portable & Compact| for all Fabrics| 1 Year Warranty| White,1,DEL2,SELLABLE,UNDELIVERABLE_REFUSED,LPNDEL2R85484282,
2026-06-25T11:37:25+00:00,402-2332243-8406748,FBA79925,B0FRVBBDM9,X002FTVT0R,Armani Exchange Black Watch AX4621,1,BLR5,SELLABLE,UNDELIVERABLE_REFUSED,LPNBLR5O0349969,
2026-06-25T10:59:32+00:00,404-7303275-4743519,FBA79145,B0CJ6ZW8F6,X001WI622R,"Fossil Watch Ring Gold dial ES5319 for Women, Analog, Stainless Steel, Gold Strap",1,DEL2,SELLABLE,QUALITY_UNACCEPTABLE,LPNDEL2R84630000,
2026-06-25T10:37:13+00:00,404-1299813-0227529,FBO66964,B00WM0CF4A,X001Q1U05P,Fossil Women's ES3843 Jacqueline Analog Quartz Blue Watch,1,DEL2,SELLABLE,UNDELIVERABLE_REFUSED,LPNDEL2R86397656,
2026-06-25T09:24:28+00:00,407-6399592-6584359,FBA79929,B0FTMLYC74,X002FTZ7NR,Fossil Carlie Multicolor Quartz Stainless Steel Watch ES5439,1,DEL2,SELLABLE,UNDELIVERABLE_REFUSED,LPNDEL2R84845236,
2026-06-25T09:19:40+00:00,408-5059139-7174759,FBS66987,B017SN1OI8,X002844YM9,Fossil Analog Blue Dial Men's Watch - FS5151,1,BLR5,SELLABLE,DID_NOT_LIKE_COLOR,LPNBLR5P6146995,
2026-06-25T08:34:14+00:00,402-9283117-4459552,FBO66964,B00WM0CF4A,X001Q1U05P,Fossil Women's ES3843 Jacqueline Analog Quartz Blue Watch,1,DEL2,CUSTOMER_DAMAGED,QUALITY_UNACCEPTABLE,LPNDEL2R85704860,
2026-06-25T08:17:59+00:00,404-1810885-4395556,FBS79334,B0CRCWV9DV,X00284BO81,"Fossil Men Sport Tourer Silver Quartz Stainless Steel Chronograph Watch Fs6048, Green Dial, Silver Band",1,BOM4,SELLABLE,DID_NOT_LIKE_COLOR,LPNBOM4N42656403,Not colour good
2026-06-25T06:37:42+00:00,402-1049484-4373106,FBA79018,B0C77PPS9S,X001UY0N7X,Fossil Analog White Dial Women's Watch-Es5310 - Leather,1,BOM4,SELLABLE,APPAREL_STYLE,LPNBOM4N40248248,
2026-06-25T06:33:40+00:00,406-4653150-6563555,FBA79937,B0FTK7KQ1P,X002FTXCR5,Fossil Machine Silver Quartz Stainless Steel Watch FS6144,1,BOM4,SELLABLE,APPAREL_TOO_LARGE,LPNBOM4N42416045,to slim
2026-06-25T06:02:44+00:00,402-6440553-4937122,FBA79925,B0FRVBBDM9,X002FTVT0R,Armani Exchange Black Watch AX4621,1,DEL2,SELLABLE,UNDELIVERABLE_REFUSED,LPNDEL2R85944789,
2026-06-25T04:07:23+00:00,171-6824874-5959569,FBA79854,B0FFJ6T8YY,X002E9F0JT,Emporio Armani Silver Quartz Stainless Steel Watch AR11688,1,DEL2,SELLABLE,UNDELIVERABLE_REFUSED,LPNDEL2R84844975,
2026-06-25T03:55:21+00:00,408-9710777-5518734,FBO70527,B00NVAWTLY,X001Q1Z6AJ,"Fossil Nate Analog Black Dial Men's Watch-JR1487 Genuine Leather, Brown Strap",1,BLR5,SELLABLE,APPAREL_STYLE,LPNBLR5O0378062,
2026-06-25T03:41:39+00:00,402-8340132-8645143,FBO67811,B06VV5QB6Q,X001Q1TZWJ,"Fossil Analog Black Dial Men's Watch-FS5308 Stainless Steel, Black Strap",1,DEL2,CUSTOMER_DAMAGED,APPAREL_TOO_LARGE,LPNDEL2R85704851,
2026-06-24T20:26:53+00:00,408-9650320-4097912,FBA79496,B0D936CMG1,X00241X1GV,Emporio Armani Silver Watch AR11621,1,BLR5,SELLABLE,POOR_FIT,LPNBLR5P9135808,
2026-06-24T16:53:59+00:00,406-1749548-6051569,FBS66974,B008AXYWHQ,X00284E6DB,Fossil Nate Chronograph Analog Black Dial Grey Band Men's Stainless Steel Watch - JR1401,1,BLR5,SELLABLE,UNDELIVERABLE_REFUSED,LPNBLR5P9741870,
2026-06-24T15:17:45+00:00,406-8189124-1100335,FBA79929,B0FTMLYC74,X002FTZ7NR,Fossil Carlie Multicolor Quartz Stainless Steel Watch ES5439,1,BLR5,SELLABLE,APPAREL_STYLE,LPNBLR5P6640018,
2026-06-24T11:29:29+00:00,408-3357811-1622718,FBO66963,B00AG37H8Y,X001Q1V7N9,"Fossil Analog White Dial Men's Watch-FS4795 Stainless Steel, Multicolor Strap",1,BLR5,SELLABLE,APPAREL_STYLE,LPNBLR5P8909507,
2026-06-24T11:24:21+00:00,407-5830551-3673931,FBS74257,B079XB5RXH,X00284BSYB,Michael Kors Ritz Analogue Women's Watch (Rose Gold Dial Rose Gold Colored Strap),1,BLR5,SELLABLE,QUALITY_UNACCEPTABLE,LPNBLR5P6639998,
2026-06-24T10:45:57+00:00,406-3293709-3211506,FBO69595,B07CSNG8XL,X001Q1Z2U3,Fossil Carlie Analog White Dial Women's Watch - ES4433,1,DEL2,SELLABLE,UNDELIVERABLE_REFUSED,LPNDEL2R85704651,
2026-06-24T08:25:05+00:00,406-3033369-0535528,FBA79737,B0DSBPGKDR,X0029WZEWJ,Armani Exchange Gold Quartz Stainless Steel Watch AX5916,1,DEL2,CUSTOMER_DAMAGED,POOR_FIT,LPNDEL2R84303792,
2026-06-24T07:10:47+00:00,408-1587403-5265158,FBA79748,B0DSBSGK17,X0029WWIJL,Fossil Men Everett Multicolor Quartz Stainless Steel Green Dial Analog Watch FS6106,1,DEL2,SELLABLE,APPAREL_STYLE,LPNDEL2R84303971,Doesn&#39;t look nice on Me photo is also change
2026-06-24T07:07:58+00:00,406-6952869-0546747,FBS66974,B008AXYWHQ,X00284E6DB,Fossil Nate Chronograph Analog Black Dial Grey Band Men's Stainless Steel Watch - JR1401,1,DEL2,SELLABLE,QUALITY_UNACCEPTABLE,LPNDEL2R84303911,
2026-06-24T06:01:41+00:00,402-3585642-1877925,FBO67811,B06VV5QB6Q,X001Q1TZWJ,"Fossil Analog Black Dial Men's Watch-FS5308 Stainless Steel, Black Strap",1,DEL2,CUSTOMER_DAMAGED,APPAREL_TOO_SMALL,LPNDEL2R86749188,
2026-06-24T05:55:51+00:00,403-2514663-6076357,FBO67803,B01487C7CO,X001Q1WUY9,Fossil Analog Brown Dial Men's Leather Band Watch - ME3098,1,DEL2,SELLABLE,UNDELIVERABLE_REFUSED,LPNDEL2R84171738,
2026-06-24T05:17:34+00:00,407-1959181-6427531,FBS79632,B0DJ2Y1BG6,X00284AJD7,Fossil Women's Carlie Gold Analog Quartz Stainless Steel Watch ES5387Set,1,DEL2,CUSTOMER_DAMAGED,QUALITY_UNACCEPTABLE,LPNDEL2R85794691,
2026-06-24T03:48:28+00:00,403-4860842-3566711,FBS70769,B07M7P7VLX,X00284ALD5,Fossil Women's Analog Watch (Black),1,BLR5,SELLABLE,FOUND_BETTER_PRICE,LPNBLR5P6058185,
2026-06-24T03:28:27+00:00,405-2774695-2069166,FBS66974,B008AXYWHQ,X00284E6DB,Fossil Nate Chronograph Analog Black Dial Grey Band Men's Stainless Steel Watch - JR1401,1,CJB1,SELLABLE,SWITCHEROO,LPNCJB1X074067,
2026-06-24T03:22:56+00:00,404-7899663-9141951,FBA79349,B0D9KDQCCM,X0028X0MRL,Nexlev Portable Sewing Machine| 2 Speed Settings| Cordless| Battery operated| USB Type C cord for Plug-in| Quick Fix DIY|Portable & Compact| for all Fabrics| 1 Year Warranty| White,1,BLR5,CUSTOMER_DAMAGED,DEFECTIVE,LPNBLR5O0618795,
2026-06-23T22:28:53+00:00,408-2214380-5321968,FBA79754,B0DSBQYVSM,X0029WXVCJ,Fossil Men Neutra Multicolor Quartz Stainless Steel White Dial Analog Watch FS6112,1,BLR5,SELLABLE,DID_NOT_LIKE_COLOR,LPNBLR5O0329483,Too bright
2026-06-23T20:20:27+00:00,406-5012601-2552361,FBS78006,B0BQ34DFX7,X00284BSHX,Fossil Harwell Analog White Dial Women's Watch-Es5264 - Leather,1,BLR5,CUSTOMER_DAMAGED,APPAREL_STYLE,LPNBLR5P7226961,
2026-06-23T18:43:52+00:00,408-0978960-4564350,FBS79335,B0CRD1DRXG,X00284BTGX,"Fossil Men Townsman Silver Automatic Stainless Steel Analogue Watch Me3260, Blue Dial, Silver Band",1,BLR5,SELLABLE,DAMAGED_BY_FC,LPNBLR5P8716541,Packaging full damage and the watch box is defected.
2026-06-23T15:21:31+00:00,408-9613216-3114708,FBS79557,B0D955NZTN,X002844XBL,Michael Kors Accelerator 2.0 Gun-Metal Watch MK9178,1,BLR5,SELLABLE,UNDELIVERABLE_UNKNOWN,LPNBLR5O0701086,
2026-06-23T13:45:22+00:00,406-9288917-6144344,FBS66640,B00AFTTQ8I,X00284BSJV,Fossil Chronograph men Grant Brown Quartz Leather Watch FS4813IE,1,BLR5,SELLABLE,UNDELIVERABLE_REFUSED,LPNBLR5P6650302,
2026-06-23T11:27:25+00:00,406-2357833-3777136,FBA79940,B0FTK1RVG8,X002FTZH0P,Fossil Crosby Brown Quartz Leather Watch FS6150,1,DEL2,DEFECTIVE,APPAREL_TOO_SMALL,LPNDEL2R84303874,Small
2026-06-23T11:03:17+00:00,403-2653582-9497916,FBA79727,B0DT381WY9,X0029WZEN3,Emporio Armani Silver Quartz Stainless Steel Watch AR11674,1,BLR5,SELLABLE,DID_NOT_LIKE_COLOR,LPNBLR5O0607673,The color of the dial is not so charming as it appears in website.The display of date is too smaller as it doesn&#39;t visible clearly.The glass is much curved(doomed) there is likelyhood of damage in use
2026-06-23T09:29:18+00:00,405-9725506-7956311,FBS75262,B0183NW5H6,X002I2P8VR,Fossil Analog Black Dial Men's Watch-FS5164,1,DEL2,CUSTOMER_DAMAGED,APPAREL_STYLE,LPNDEL2R85042360,
2026-06-23T08:59:07+00:00,408-4001701-6712319,FBS73952,B00EVZ83J0,X00284AOPP,"Fossil Decker Brown Watch Ch2885 - Chronograph, Men, Leather",1,BLR5,CUSTOMER_DAMAGED,QUALITY_UNACCEPTABLE,LPNBLR5O0243435,
2026-06-23T08:31:26+00:00,405-6746909-7915558,FBO70527,B00NVAWTLY,X001Q1Z6AJ,"Fossil Nate Analog Black Dial Men's Watch-JR1487 Genuine Leather, Brown Strap",1,BLR5,SELLABLE,POOR_FIT,LPNBLR5O0752893,
2026-06-23T08:06:24+00:00,402-9551966-2214706,FBA80093,B00H2ZDX00,X002J9G82H,Fossil End of Season Dean Analog Off-White Dial Men's Watch - FS4867,1,CCX1,SELLABLE,QUALITY_UNACCEPTABLE,LPNCCX1B5574692,
2026-06-23T06:08:53+00:00,171-8379332-7603566,FBA80093,B00H2ZDX00,X002J9G82H,Fossil End of Season Dean Analog Off-White Dial Men's Watch - FS4867,1,BOM4,CUSTOMER_DAMAGED,QUALITY_UNACCEPTABLE,LPNBOM4N41149114,
2026-06-23T06:08:52+00:00,408-8656957-3749150,FBS73952,B00EVZ83J0,X00284AOPP,"Fossil Decker Brown Watch Ch2885 - Chronograph, Men, Leather",1,BLR5,SELLABLE,UNDELIVERABLE_REFUSED,LPNBLR5P9993976,
2026-06-23T05:03:41+00:00,408-8324820-4811524,FBA80093,B00H2ZDX00,X002J9G82H,Fossil End of Season Dean Analog Off-White Dial Men's Watch - FS4867,1,BOM4,SELLABLE,UNDELIVERABLE_REFUSED,LPNBOM4N41840048,
2026-06-23T04:20:44+00:00,404-8250683-0467546,FBS66640,B00AFTTQ8I,X00284BSJV,Fossil Chronograph men Grant Brown Quartz Leather Watch FS4813IE,1,BLR5,SELLABLE,UNDELIVERABLE_REFUSED,LPNBLR5P9993848,
2026-06-23T04:08:28+00:00,404-8658915-5283560,FBA79349,B0D9KDQCCM,X0028X0MRL,Nexlev Portable Sewing Machine| 2 Speed Settings| Cordless| Battery operated| USB Type C cord for Plug-in| Quick Fix DIY|Portable & Compact| for all Fabrics| 1 Year Warranty| White,1,MAA4,SELLABLE,UNDELIVERABLE_UNKNOWN,LPNMAA4Z2365315,
2026-06-23T03:27:11+00:00,407-6643085-6885166,FBO66963,B00AG37H8Y,X001Q1V7N9,"Fossil Analog White Dial Men's Watch-FS4795 Stainless Steel, Multicolor Strap",1,BLR5,SELLABLE,UNDELIVERABLE_REFUSED,LPNBLR5P8824173,
2026-06-23T03:11:06+00:00,171-8723076-5131531,FBO67811,B06VV5QB6Q,X001Q1TZWJ,"Fossil Analog Black Dial Men's Watch-FS5308 Stainless Steel, Black Strap",1,DEL2,SELLABLE,APPAREL_TOO_LARGE,LPNDEL2R84303870,
2026-06-22T17:32:31+00:00,402-4825908-4969122,FBP74728,B078Y2PJL4,X001TN5VMR,"Fossil Stainless Steel Women Karli Rose Gold Dial Analog Watch Bq3181, Rose Gold Band",1,BLR5,SELLABLE,QUALITY_UNACCEPTABLE,LPNBLR5O0329342,
2026-06-22T13:19:57+00:00,406-1212737-6935524,FBS66987,B017SN1OI8,X002844YM9,Fossil Analog Blue Dial Men's Watch - FS5151,1,BLR5,SELLABLE,UNWANTED_ITEM,LPNBLR5O0269517,
2026-06-22T12:23:48+00:00,408-7584457-9159541,FBA80096,B07WQ9WRJ9,X002JE1WNH,Fossil Men's Black Dial Analog Watch-FS5665,1,DEL5,DAMAGED,UNDELIVERABLE_REFUSED,LPNDEL5S12973683,
2026-06-22T11:19:30+00:00,408-7714995-8204360,FBS66987,B017SN1OI8,X002844YM9,Fossil Analog Blue Dial Men's Watch - FS5151,1,BLR5,SELLABLE,UNDELIVERABLE_REFUSED,LPNBLR5P8789858,
2026-06-22T11:13:37+00:00,403-0054378-0957978,FBA79925,B0FRVBBDM9,X002FTVT0R,Armani Exchange Black Watch AX4621,1,DEL2,SELLABLE,APPAREL_STYLE,LPNDEL2R86749003,Doesn’t looks good on me
2026-06-22T08:19:45+00:00,408-2299928-7078723,FBP74728,B078Y2PJL4,X001TN5VMR,"Fossil Stainless Steel Women Karli Rose Gold Dial Analog Watch Bq3181, Rose Gold Band",1,CCX1,SELLABLE,DID_NOT_LIKE_COLOR,LPNCCX1B2445648,
2026-06-22T08:07:22+00:00,171-5672080-5614746,FBO66964,B00WM0CF4A,X001Q1U05P,Fossil Women's ES3843 Jacqueline Analog Quartz Blue Watch,1,BLR5,SELLABLE,DID_NOT_LIKE_COLOR,LPNBLR5P6989730,I didn’t like the color and the dial size. Kindly accept the return and refund my money.
2026-06-22T07:07:34+00:00,408-0421618-8745968,FBS66974,B008AXYWHQ,X00284E6DB,Fossil Nate Chronograph Analog Black Dial Grey Band Men's Stainless Steel Watch - JR1401,1,BLR5,SELLABLE,QUALITY_UNACCEPTABLE,LPNBLR5O0689559,
2026-06-22T06:39:57+00:00,407-8050238-8157938,FBO66963,B00AG37H8Y,X001Q1V7N9,"Fossil Analog White Dial Men's Watch-FS4795 Stainless Steel, Multicolor Strap",1,CCX1,SELLABLE,APPAREL_STYLE,LPNCCX1B2372336,It is too big and heavy
2026-06-22T05:34:15+00:00,407-4691156-4108346,FBA79933,B0FTMM455Z,X002FTVTHZ,Fossil Raquel Gold Quartz Stainless Steel Watch ES5452,1,BLR5,CUSTOMER_DAMAGED,SWITCHEROO,LPNBLR5P6648647,
2026-06-22T05:29:54+00:00,406-9467626-2909902,FBA80045,B0GF7GZ4K7,X002IPG9UX,Fossil Crosby Multicolor Quartz Stainless Steel Watch FS6161,1,BLR5,SELLABLE,UNDELIVERABLE_REFUSED,LPNBLR5O0292628,
2026-06-22T04:50:38+00:00,403-9981597-3851512,FBS79421,B0CZ8ZKPJ9,X00284BTNV,Fossil Analog Women Blue Dive Black Dial Multi-Colour Quartz Stainless Steel Watch ES5349,1,BOM4,CUSTOMER_DAMAGED,DID_NOT_LIKE_COLOR,LPNBOM4N41149102,
2026-06-22T04:26:37+00:00,171-9415588-2809155,FBS66974,B008AXYWHQ,X00284E6DB,Fossil Nate Chronograph Analog Black Dial Grey Band Men's Stainless Steel Watch - JR1401,1,BLR5,CUSTOMER_DAMAGED,SWITCHEROO,LPNBLR5P8007699,
2026-06-21T21:46:39+00:00,408-7900961-7793966,FBA79741,B0DSBPPPJ9,X0029WWSZF,Fossil Womens Raquel Gold Quartz Stainless Steel White Dial Analog Watch ES5398,1,BOM4,SELLABLE,DID_NOT_LIKE_COLOR,LPNBOM4N41793869,
2026-06-21T21:15:50+00:00,404-7807178-5101943,FBS66987,B017SN1OI8,X002844YM9,Fossil Analog Blue Dial Men's Watch - FS5151,1,BLR5,SELLABLE,APPAREL_TOO_SMALL,LPNBLR5P6977191,
2026-06-21T21:15:50+00:00,404-7807178-5101943,FBS66987,B017SN1OI8,X002844YM9,Fossil Analog Blue Dial Men's Watch - FS5151,1,BLR5,SELLABLE,APPAREL_TOO_SMALL,LPNBLR5P6977192,
2026-06-21T17:38:39+00:00,407-6457225-2904329,FBO67803,B01487C7CO,X001Q1WUY9,Fossil Analog Brown Dial Men's Leather Band Watch - ME3098,1,BOM4,CUSTOMER_DAMAGED,DEFECTIVE,LPNBOM4N42736286,
2026-06-21T16:10:07+00:00,405-8539613-6745913,FBO66963,B00AG37H8Y,X001Q1V7N9,"Fossil Analog White Dial Men's Watch-FS4795 Stainless Steel, Multicolor Strap",1,CCX1,SELLABLE,UNDELIVERABLE_REFUSED,LPNCCX1B2416427,
2026-06-21T10:54:42+00:00,408-9861671-4546725,FBO66964,B00WM0CF4A,X001Q1U05P,Fossil Women's ES3843 Jacqueline Analog Quartz Blue Watch,1,BLR5,SELLABLE,APPAREL_STYLE,LPNBLR5O0250985,
2026-06-21T10:44:19+00:00,171-0011180-9000344,FBA79735,B0DSBR8G7Y,X0029WTKSX,Armani Exchange Multicolor Quartz Stainless Steel Watch AX5176,1,BOM4,SELLABLE,UNDELIVERABLE_REFUSED,LPNBOM4N41121348,
2026-06-21T10:28:36+00:00,407-9428233-4701964,FBS79643,B0DJ2XNSD2,X00284AJAP,Fossil Men's Townsman Brown Analog Automatic Leather Watch ME3266,1,DEL2,SELLABLE,QUALITY_UNACCEPTABLE,LPNDEL2R84303935,"I use it regularly, but the time keeps getting slower on its own."
2026-06-21T10:06:06+00:00,402-5473721-8417147,FBS74358,B01KNMEVDG,X002GTDODV,Fossil Grant Sport Blue Watch FS5237,1,BLR5,SELLABLE,UNDELIVERABLE_REFUSED,LPNBLR5P6060353,
2026-06-21T09:56:35+00:00,408-7630109-3024334,FBA79925,B0FRVBBDM9,X002FTVT0R,Armani Exchange Black Watch AX4621,1,DEL2,SELLABLE,UNWANTED_ITEM,LPNDEL2R84743736,
2026-06-21T09:19:02+00:00,171-1582203-7045168,FBS67801,B00HVBJ6W4,X00284BSYV,Fossil Riley Analog White & Beige Dial Women's Watch -ES3466,1,BOM4,SELLABLE,MISORDERED,LPNBOM4N41792015,
2026-06-21T08:28:03+00:00,402-6879233-5785951,FBO66963,B00AG37H8Y,X001Q1V7N9,"Fossil Analog White Dial Men's Watch-FS4795 Stainless Steel, Multicolor Strap",1,CCX1,SELLABLE,UNDELIVERABLE_UNKNOWN,LPNCCX1B4380160,
2026-06-21T06:41:31+00:00,406-5503864-3432310,FBS79558,B0D9573TBX,X00284BXHX,Michael Kors Accelerator 2.0 Black Watch MK9179,1,DEL2,SELLABLE,UNDELIVERABLE_REFUSED,LPNDEL2R86748603,
2026-06-21T06:10:21+00:00,407-4043351-9612300,FBA80093,B00H2ZDX00,X002J9G82H,Fossil End of Season Dean Analog Off-White Dial Men's Watch - FS4867,1,DEL2,SELLABLE,DEFECTIVE,LPNDEL2R84055990,
2026-06-21T05:11:38+00:00,406-1231859-2222729,FBS74972,B09GYQ4RS7,X002844X4N,Fossil Everett Analog Gray Dial Men's Stainless Steel Watch-Me3206,1,BLR5,SELLABLE,UNDELIVERABLE_REFUSED,LPNBLR5P2312781,
2026-06-21T04:56:45+00:00,404-5300911-7693964,FBA79731,B0DSBQCZTK,X0029WZOYR,Armani Exchange Men Analogue Black Band Black Quartz Stainless Steel Watch AX2463,1,DEL2,SELLABLE,APPAREL_TOO_LARGE,LPNDEL2R86254362,
2026-06-21T04:50:50+00:00,406-5919518-4411556,FBA79882,B0FCVPBY7Y,X002E9CN8Z,Fossil Grant Multicolor Quartz Stainless Steel Watch FS6131,1,BLR5,SELLABLE,UNDELIVERABLE_REFUSED,LPNBLR5P8788270,
2026-06-21T04:49:42+00:00,171-6246053-9693105,FBA79528,B0D93652ZY,X00241X1HP,Fossil Harlow Two Tone Watch ES5362,1,BOM4,SELLABLE,APPAREL_STYLE,LPNBOM4N41634673,Not matched exactly
2026-06-21T03:36:00+00:00,171-5380362-1102720,FBS66987,B017SN1OI8,X002844YM9,Fossil Analog Blue Dial Men's Watch - FS5151,1,BOM4,CUSTOMER_DAMAGED,APPAREL_TOO_LARGE,LPNBOM4N41802013,
2026-06-21T03:00:19+00:00,408-1780870-9702758,FBS79638,B0DC674ZNR,X00284BTTZ,Fossil Sport Tourer Black Quartz Silicone Watch FS6087,1,BOM4,SELLABLE,UNDELIVERABLE_REFUSED,LPNBOM4N41755720,
2026-06-20T20:41:45+00:00,408-0191760-7397970,FBS66974,B008AXYWHQ,X00284E6DB,Fossil Nate Chronograph Analog Black Dial Grey Band Men's Stainless Steel Watch - JR1401,1,BLR5,SELLABLE,NO_REASON_GIVEN,LPNBLR5O0289107,
2026-06-20T20:39:30+00:00,407-8253577-4026766,FBA79349,B0D9KDQCCM,X0028X0MRL,Nexlev Portable Sewing Machine| 2 Speed Settings| Cordless| Battery operated| USB Type C cord for Plug-in| Quick Fix DIY|Portable & Compact| for all Fabrics| 1 Year Warranty| White,1,BLR5,SELLABLE,UNDELIVERABLE_REFUSED,LPNBLR5O0273517,
2026-06-20T14:09:37+00:00,171-2364026-4033928,FBS66987,B017SN1OI8,X002844YM9,Fossil Analog Blue Dial Men's Watch - FS5151,1,BLR5,SELLABLE,APPAREL_TOO_SMALL,LPNBLR5P8870783,Small strap
2026-06-20T13:42:38+00:00,171-4851251-8487544,FBS66974,B008AXYWHQ,X00284E6DB,Fossil Nate Chronograph Analog Black Dial Grey Band Men's Stainless Steel Watch - JR1401,1,BLR5,SELLABLE,QUALITY_UNACCEPTABLE,LPNBLR5P9998880,
2026-06-20T13:36:10+00:00,171-6536086-8610704,FBO66963,B00AG37H8Y,X001Q1V7N9,"Fossil Analog White Dial Men's Watch-FS4795 Stainless Steel, Multicolor Strap",1,BLR5,SELLABLE,POOR_FIT,LPNBLR5O0258270,
2026-06-20T11:32:41+00:00,406-8613433-0202747,FBO66963,B00AG37H8Y,X001Q1V7N9,"Fossil Analog White Dial Men's Watch-FS4795 Stainless Steel, Multicolor Strap",1,BOM4,SELLABLE,UNDELIVERABLE_REFUSED,LPNBOM4N41847600,
2026-06-20T11:27:34+00:00,404-3163063-5581169,FBS66974,B008AXYWHQ,X00284E6DB,Fossil Nate Chronograph Analog Black Dial Grey Band Men's Stainless Steel Watch - JR1401,1,BLR5,SELLABLE,UNDELIVERABLE_REFUSED,LPNBLR5P6995684,
2026-06-20T10:23:02+00:00,171-4528881-6876313,FBS75146,B079DC27J5,X002844WTT,Fossil Analog Black Dial Men's Watch-FS5452,1,BOM4,SELLABLE,DID_NOT_LIKE_COLOR,LPNBOM4N42426166,
2026-06-20T09:47:38+00:00,405-2376608-6505914,FBA80093,B00H2ZDX00,X002J9G82H,Fossil End of Season Dean Analog Off-White Dial Men's Watch - FS4867,1,DEL2,SELLABLE,UNDELIVERABLE_REFUSED,LPNDEL2R85719025,
2026-06-20T08:59:42+00:00,404-9357335-7543500,FBS66974,B008AXYWHQ,X00284E6DB,Fossil Nate Chronograph Analog Black Dial Grey Band Men's Stainless Steel Watch - JR1401,1,BLR5,SELLABLE,QUALITY_UNACCEPTABLE,LPNBLR5O0282760,
2026-06-20T08:51:44+00:00,406-0682211-4245140,FBA79932,B0FTML3VHG,X002FTXHDJ,Fossil Harlow Gold Quartz Stainless Steel Watch ES5451,1,BOM4,SELLABLE,DEFECTIVE,LPNBOM4N41800774,Scratches in the chain
2026-06-20T08:05:33+00:00,405-4953607-0935555,FBA79931,B0FTMMNCK7,X002FTW62R,Fossil Sloan Gold Quartz Stainless Steel Watch ES5444,1,BLR5,CUSTOMER_DAMAGED,APPAREL_TOO_LARGE,LPNBLR5P9431332,
2026-06-20T07:08:40+00:00,404-2066480-4362717,FBS74721,B00AMWDOEK,X00284ALDF,Fossil Grant Chronograph Beige Dial Men's Watch - FS4735,1,DEL2,SELLABLE,UNDELIVERABLE_REFUSED,LPNDEL2R84569788,
2026-06-20T06:42:01+00:00,403-3521721-6462748,FBA79527,B0D936GPVL,X00241X17F,Fossil Harlow Gold Watch ES5361,1,DEL2,SELLABLE,APPAREL_STYLE,LPNDEL2R86254485,
2026-06-20T06:23:43+00:00,407-8932610-3556347,FBA80093,B00H2ZDX00,X002J9G82H,Fossil End of Season Dean Analog Off-White Dial Men's Watch - FS4867,1,DEL2,SELLABLE,QUALITY_UNACCEPTABLE,LPNDEL2R86254507,
2026-06-20T05:22:32+00:00,408-8945496-5098739,FBA79929,B0FTMLYC74,X002FTZ7NR,Fossil Carlie Multicolor Quartz Stainless Steel Watch ES5439,1,BOM4,CUSTOMER_DAMAGED,APPAREL_STYLE,LPNBOM4N41411613,
2026-06-20T05:09:53+00:00,407-0032229-8482764,FBA79640,B0DJ2V3TH2,X00266O85H,Fossil Men's Everett Gold Quartz Analog Stainless Steel Watch FS6090,1,DEL2,SELLABLE,UNDELIVERABLE_REFUSED,LPNDEL2R84569699,
2026-06-20T04:40:37+00:00,408-7866844-2854764,FBO66964,B00WM0CF4A,X001Q1U05P,Fossil Women's ES3843 Jacqueline Analog Quartz Blue Watch,1,BOM4,SELLABLE,QUALITY_UNACCEPTABLE,LPNBOM4N41834982,
2026-06-20T04:19:46+00:00,407-6049055-3593132,FBA80093,B00H2ZDX00,X002J9G82H,Fossil End of Season Dean Analog Off-White Dial Men's Watch - FS4867,1,BOM4,SELLABLE,UNDELIVERABLE_REFUSED,LPNBOM4N41755283,
2026-06-20T03:56:09+00:00,408-3752700-9335546,FBS79557,B0D955NZTN,X002844XBL,Michael Kors Accelerator 2.0 Gun-Metal Watch MK9178,1,DEL2,SELLABLE,UNDELIVERABLE_REFUSED,LPNDEL2R84473947,
2026-06-20T03:17:41+00:00,402-7996464-3106715,FBS66636,B004D4S7AY,X002844YSN,Fossil Analog Gold Dial Women's Watch - ES2811,1,BOM4,SELLABLE,UNDELIVERABLE_REFUSED,LPNBOM4N41559162,
2026-06-19T20:51:11+00:00,403-5037730-6031541,FBA79882,B0FCVPBY7Y,X002E9CN8Z,Fossil Grant Multicolor Quartz Stainless Steel Watch FS6131,1,BLR5,SELLABLE,DID_NOT_LIKE_COLOR,LPNBLR5P8969748,Dial colour was not as expected
2026-06-19T19:27:38+00:00,402-4437921-6877168,FBA80096,B07WQ9WRJ9,X002JE1WNH,Fossil Men's Black Dial Analog Watch-FS5665,1,BLR5,SELLABLE,SWITCHEROO,LPNBLR5P9911955,
2026-06-19T16:29:02+00:00,403-5230666-4278760,FBS79638,B0DC674ZNR,X00284BTTZ,Fossil Sport Tourer Black Quartz Silicone Watch FS6087,1,BLR5,CUSTOMER_DAMAGED,DID_NOT_LIKE_COLOR,LPNBLR5P9389840,
2026-06-19T14:28:12+00:00,403-4924615-6655564,FBA79349,B0D9KDQCCM,X0028X0MRL,Nexlev Portable Sewing Machine| 2 Speed Settings| Cordless| Battery operated| USB Type C cord for Plug-in| Quick Fix DIY|Portable & Compact| for all Fabrics| 1 Year Warranty| White,1,BLR5,SELLABLE,UNDELIVERABLE_REFUSED,LPNBLR5P6413110,
2026-06-19T12:05:14+00:00,405-7841941-1377117,FBA79758,B0DP5KBJ7H,X0029WZF2X,Michael Kors Panorama Gold Quartz Stainless Steel Watch MK9195,1,DEL2,CUSTOMER_DAMAGED,APPAREL_TOO_LARGE,LPNDEL2R84569468,
2026-06-19T11:11:30+00:00,171-2293465-0665133,FBS70769,B07M7P7VLX,X00284ALD5,Fossil Women's Analog Watch (Black),1,BOM4,CUSTOMER_DAMAGED,POOR_FIT,LPNBOM4N41778759,
2026-06-19T10:41:09+00:00,408-6293969-8338759,FBS66974,B008AXYWHQ,X00284E6DB,Fossil Nate Chronograph Analog Black Dial Grey Band Men's Stainless Steel Watch - JR1401,1,BOM4,SELLABLE,UNDELIVERABLE_REFUSED,LPNBOM4N41577587,
2026-06-19T09:37:40+00:00,171-6046973-5281135,FBA80095,B0CHXGWVZJ,X002JE5GOD,"Armani Exchange Stainless Steel Analog Green Dial Men Watch-Ax1746, Gold Band",1,DEL2,CUSTOMER_DAMAGED,DAMAGED_BY_CARRIER,LPNDEL2R85505442,
2026-06-19T07:46:24+00:00,402-6715291-6545113,FBS66974,B008AXYWHQ,X00284E6DB,Fossil Nate Chronograph Analog Black Dial Grey Band Men's Stainless Steel Watch - JR1401,1,BOM4,SELLABLE,NOT_COMPATIBLE,LPNBOM4N41550359,
2026-06-19T07:25:00+00:00,407-3982363-1002722,FBS66974,B008AXYWHQ,X00284E6DB,Fossil Nate Chronograph Analog Black Dial Grey Band Men's Stainless Steel Watch - JR1401,1,DEL2,SELLABLE,UNDELIVERABLE_REFUSED,LPNDEL2R84214749,
2026-06-19T05:00:00+00:00,171-0486937-3917124,FBS66974,B008AXYWHQ,X00284E6DB,Fossil Nate Chronograph Analog Black Dial Grey Band Men's Stainless Steel Watch - JR1401,1,BOM4,CUSTOMER_DAMAGED,QUALITY_UNACCEPTABLE,LPNBOM4N41800463,
2026-06-19T04:18:06+00:00,405-4424025-7717904,FBA79754,B0DSBQYVSM,X0029WXVCJ,Fossil Men Neutra Multicolor Quartz Stainless Steel White Dial Analog Watch FS6112,1,DEL2,SELLABLE,UNDELIVERABLE_REFUSED,LPNDEL2R84473512,
2026-06-19T03:42:14+00:00,406-3814474-6322732,FBA80061,B0GFD7N73D,X002IPU4E5,Emporio Armani Gold Quartz Stainless Steel Watch AR11759,1,CCX1,SELLABLE,APPAREL_TOO_SMALL,LPNCCX1B4391895,
2026-06-18T22:23:42+00:00,171-9144144-9070717,FBA79528,B0D93652ZY,X00241X1HP,Fossil Harlow Two Tone Watch ES5362,1,BLR5,SELLABLE,DID_NOT_LIKE_COLOR,LPNBLR5P7835624,
2026-06-18T18:34:15+00:00,407-8909675-2760330,FBS66974,B008AXYWHQ,X00284E6DB,Fossil Nate Chronograph Analog Black Dial Grey Band Men's Stainless Steel Watch - JR1401,1,BLR5,SELLABLE,UNDELIVERABLE_REFUSED,LPNBLR5P9911559,
2026-06-18T17:23:57+00:00,403-1433723-1357943,FBA79931,B0FTMMNCK7,X002FTW62R,Fossil Sloan Gold Quartz Stainless Steel Watch ES5444,1,CCX1,SELLABLE,UNDELIVERABLE_UNKNOWN,LPNCCX1B4416225,
2026-06-18T14:09:09+00:00,408-6005603-3795548,FBA79529,B0D9362N4Q,X00241S2SN,Fossil Harlow Silver Watch ES5363,1,BLR5,CUSTOMER_DAMAGED,APPAREL_TOO_SMALL,LPNBLR5P7406950,
2026-06-18T12:31:34+00:00,402-7342673-4797921,FBS67801,B00HVBJ6W4,X00284BSYV,Fossil Riley Analog White & Beige Dial Women's Watch -ES3466,1,DEL2,CUSTOMER_DAMAGED,DEFECTIVE,LPNDEL2R69961750,
2026-06-18T11:46:37+00:00,406-3010813-7079531,FBA79929,B0FTMLYC74,X002FTZ7NR,Fossil Carlie Multicolor Quartz Stainless Steel Watch ES5439,1,BOM4,SELLABLE,DID_NOT_LIKE_COLOR,LPNBOM4N41715962,
2026-06-18T11:30:03+00:00,407-1927763-1204332,FBA80044,B0GF78441L,X002IPBH05,Fossil Everett Silver Quartz Stainless Steel Watch FS6154,1,BOM4,SELLABLE,NOT_COMPATIBLE,LPNBOM4N41567776,
2026-06-18T11:21:52+00:00,405-1870416-1247553,FBO66963,B00AG37H8Y,X001Q1V7N9,"Fossil Analog White Dial Men's Watch-FS4795 Stainless Steel, Multicolor Strap",1,BLR5,SELLABLE,UNDELIVERABLE_REFUSED,LPNBLR5O0640598,
2026-06-18T09:14:28+00:00,171-0690037-0297142,FBA72564,B07LDJJ4JP,X0014OD9OX,Saregama Carvaan Mini 2.0 Tamil- Music Player with Bluetooth/FM/AM/AUX (Sunset Red),1,BLR5,CARRIER_DAMAGED,UNDELIVERABLE_UNKNOWN,LPNBLR5O0816208,
2026-06-18T08:03:47+00:00,404-6876183-7393130,FBA80118,B07WGWGMBM,X002KPVYXN,Fossil Analog Blue Dial Men's Watch - FS5661,1,BLR5,SELLABLE,UNDELIVERABLE_REFUSED,LPNBLR5P9374937,
2026-06-18T07:44:45+00:00,405-3380213-8001958,FBA79349,B0D9KDQCCM,X0028X0MRL,Nexlev Portable Sewing Machine| 2 Speed Settings| Cordless| Battery operated| USB Type C cord for Plug-in| Quick Fix DIY|Portable & Compact| for all Fabrics| 1 Year Warranty| White,1,CCX1,SELLABLE,QUALITY_UNACCEPTABLE,LPNCCX1B4279166,Device is not functioning properly
2026-06-18T05:05:19+00:00,407-1230552-8224309,FBS66974,B008AXYWHQ,X00284E6DB,Fossil Nate Chronograph Analog Black Dial Grey Band Men's Stainless Steel Watch - JR1401,1,BOM4,SELLABLE,UNDELIVERABLE_REFUSED,LPNBOM4N41672610,
2026-06-18T04:27:19+00:00,402-2373907-4148333,FBA79527,B0D936GPVL,X00241X17F,Fossil Harlow Gold Watch ES5361,1,BLR5,SELLABLE,APPAREL_STYLE,LPNBLR5P9961037,
2026-06-18T04:04:49+00:00,405-0543624-9284300,FBS79334,B0CRCWV9DV,X00284BO81,"Fossil Men Sport Tourer Silver Quartz Stainless Steel Chronograph Watch Fs6048, Green Dial, Silver Band",1,DEL2,SELLABLE,UNDELIVERABLE_REFUSED,LPNDEL2R84473083,
2026-06-18T03:32:26+00:00,408-5974871-6097120,FBS66974,B008AXYWHQ,X00284E6DB,Fossil Nate Chronograph Analog Black Dial Grey Band Men's Stainless Steel Watch - JR1401,1,BOM4,CUSTOMER_DAMAGED,MISSING_PARTS,LPNBOM4N41561189,
2026-06-18T03:25:41+00:00,405-2282117-1505949,FBO70527,B00NVAWTLY,X001Q1Z6AJ,"Fossil Nate Analog Black Dial Men's Watch-JR1487 Genuine Leather, Brown Strap",1,BOM4,CUSTOMER_DAMAGED,NEVER_ARRIVED,LPNBOM4N41567763,
2026-06-18T03:08:43+00:00,171-5983864-1137907,FBS70769,B07M7P7VLX,X00284ALD5,Fossil Women's Analog Watch (Black),1,DEL2,CUSTOMER_DAMAGED,APPAREL_TOO_LARGE,LPNDEL2R69503742,
2026-06-17T22:07:09+00:00,408-4558870-2434736,FBA78013,B0BQ34TRDX,X001Q7B2B5,Fossil Raquel Analog White Dial Women's Watch-Es5271 - Stainless Steel,1,BLR5,CUSTOMER_DAMAGED,DAMAGED_BY_CARRIER,LPNBLR5P6401424,
2026-06-17T17:06:54+00:00,408-1402083-3564318,FBS66974,B008AXYWHQ,X00284E6DB,Fossil Nate Chronograph Analog Black Dial Grey Band Men's Stainless Steel Watch - JR1401,1,BLR5,SELLABLE,UNDELIVERABLE_REFUSED,LPNBLR5P7212083,
2026-06-17T16:22:57+00:00,406-8670374-9825112,FBP74728,B078Y2PJL4,X001TN5VMR,"Fossil Stainless Steel Women Karli Rose Gold Dial Analog Watch Bq3181, Rose Gold Band",1,BLR5,SELLABLE,APPAREL_STYLE,LPNBLR5P9470996,
2026-06-17T12:43:43+00:00,407-2324593-7930749,FBS66974,B008AXYWHQ,X00284E6DB,Fossil Nate Chronograph Analog Black Dial Grey Band Men's Stainless Steel Watch - JR1401,1,CCX1,SELLABLE,UNDELIVERABLE_REFUSED,LPNCCX1B4476843,
2026-06-17T12:40:00+00:00,407-5920870-9101950,FBS66974,B008AXYWHQ,X00284E6DB,Fossil Nate Chronograph Analog Black Dial Grey Band Men's Stainless Steel Watch - JR1401,1,DEL2,SELLABLE,UNDELIVERABLE_REFUSED,LPNDEL2R84568878,
2026-06-17T12:38:08+00:00,406-7624715-4225965,FBS66987,B017SN1OI8,X002844YM9,Fossil Analog Blue Dial Men's Watch - FS5151,1,BOM4,SELLABLE,UNDELIVERABLE_REFUSED,LPNBOM4N40851659,
2026-06-17T11:32:18+00:00,407-8388183-8313939,FBA79527,B0D936GPVL,X00241X17F,Fossil Harlow Gold Watch ES5361,1,BLR5,SELLABLE,APPAREL_STYLE,LPNBLR5P9960227,
2026-06-17T10:56:20+00:00,402-9477586-5049126,FBS66974,B008AXYWHQ,X00284E6DB,Fossil Nate Chronograph Analog Black Dial Grey Band Men's Stainless Steel Watch - JR1401,1,DEL2,SELLABLE,DEFECTIVE,LPNDEL2R84229985,
2026-06-17T10:54:29+00:00,402-4054201-0465156,FBP74728,B078Y2PJL4,X001TN5VMR,"Fossil Stainless Steel Women Karli Rose Gold Dial Analog Watch Bq3181, Rose Gold Band",1,BLR5,SELLABLE,UNDELIVERABLE_REFUSED,LPNBLR5O0618205,
2026-06-17T10:53:34+00:00,402-4718201-4921933,FBA79633,B0DJ2XHK2N,X00266GL6B,Fossil Women's Scarlette Multicolor Analog Quartz Stainless Steel Watch ES5388,1,BLR5,SELLABLE,DID_NOT_LIKE_COLOR,LPNBLR5P6401390,
2026-06-17T10:28:48+00:00,406-4170536-7737907,FBO66963,B00AG37H8Y,X001Q1V7N9,"Fossil Analog White Dial Men's Watch-FS4795 Stainless Steel, Multicolor Strap",1,DEL2,SELLABLE,UNDELIVERABLE_REFUSED,LPNDEL2R85454750,
2026-06-17T08:21:47+00:00,408-4754561-2473934,FBA79530,B0D9369MTM,X00241S2UL,Fossil Harlow Brown Watch ES5364,1,DEL2,SELLABLE,UNDELIVERABLE_REFUSED,LPNDEL2R85505007,
2026-06-17T08:06:10+00:00,407-5353277-4161122,FBS79638,B0DC674ZNR,X00284BTTZ,Fossil Sport Tourer Black Quartz Silicone Watch FS6087,1,BLR5,SELLABLE,UNDELIVERABLE_REFUSED,LPNBLR5P9365416,
2026-06-17T07:02:02+00:00,408-0886960-3576352,FBA79917,B0FTKCRHPQ,X002FTZ72N,Emporio Armani Brown Quartz Rubber Watch AR11714,1,BOM4,CUSTOMER_DAMAGED,DID_NOT_LIKE_COLOR,LPNBOM4N42033187,
2026-06-17T06:32:07+00:00,403-1661713-6996342,FBO70527,B00NVAWTLY,X001Q1Z6AJ,"Fossil Nate Analog Black Dial Men's Watch-JR1487 Genuine Leather, Brown Strap",1,DEL2,CUSTOMER_DAMAGED,FOUND_BETTER_PRICE,LPNDEL2R84459290,
2026-06-17T05:15:21+00:00,171-4992464-5657953,FBA79349,B0D9KDQCCM,X0028X0MRL,Nexlev Portable Sewing Machine| 2 Speed Settings| Cordless| Battery operated| USB Type C cord for Plug-in| Quick Fix DIY|Portable & Compact| for all Fabrics| 1 Year Warranty| White,1,BOM4,SELLABLE,SWITCHEROO,LPNBOM4N41976296,
2026-06-17T04:54:43+00:00,404-9732592-3890756,FBS79624,B0DKJHJV6T,X00284BXJ1,Armani Exchange Analog Black Dial Men's Stainless Steel Watch-AX2460,1,DEL2,CUSTOMER_DAMAGED,APPAREL_TOO_LARGE,LPNDEL2R84229917,
2026-06-17T04:14:29+00:00,403-2811937-3801112,FBS79638,B0DC674ZNR,X00284BTTZ,Fossil Sport Tourer Black Quartz Silicone Watch FS6087,1,BOM4,CUSTOMER_DAMAGED,FOUND_BETTER_PRICE,LPNBOM4N41567028,
2026-06-17T03:55:45+00:00,408-4135488-6633109,FBA79748,B0DSBSGK17,X0029WWIJL,Fossil Men Everett Multicolor Quartz Stainless Steel Green Dial Analog Watch FS6106,1,DEL2,SELLABLE,APPAREL_TOO_LARGE,LPNDEL2R85205558,
2026-06-17T03:27:32+00:00,403-4303135-6091546,FBA72563,B07RMH1BMS,X0014OCBZL,Carvaan Saregama SCM02 Mini Malayalam Bluetooth Speaker (Sunset Red),1,BOM4,CUSTOMER_DAMAGED,DEFECTIVE,LPNBOM4N41712825,
2026-06-16T22:32:49+00:00,402-4226552-3806761,FBS67801,B00HVBJ6W4,X00284BSYV,Fossil Riley Analog White & Beige Dial Women's Watch -ES3466,1,BLR5,SELLABLE,UNDELIVERABLE_REFUSED,LPNBLR5P8624862,
2026-06-16T20:25:14+00:00,403-0680555-6601923,FBS75260,B00DUCIK7U,X002HDW06X,Fossil Decker Brown Watch CH2882,1,BOM4,SELLABLE,UNDELIVERABLE_REFUSED,LPNBOM4N41997530,
2026-06-16T17:18:36+00:00,407-7485710-5396357,FBA80093,B00H2ZDX00,X002J9G82H,Fossil End of Season Dean Analog Off-White Dial Men's Watch - FS4867,1,BLR5,SELLABLE,UNDELIVERABLE_REFUSED,LPNBLR5P9373019,
2026-06-16T16:28:56+00:00,171-8573976-6353135,FBO70527,B00NVAWTLY,X001Q1Z6AJ,"Fossil Nate Analog Black Dial Men's Watch-JR1487 Genuine Leather, Brown Strap",1,BLR5,SELLABLE,APPAREL_TOO_LARGE,LPNBLR5P9028301,Large size
2026-06-16T12:32:47+00:00,171-3056991-5865143,FBS66987,B017SN1OI8,X002844YM9,Fossil Analog Blue Dial Men's Watch - FS5151,1,BLR5,SELLABLE,UNWANTED_ITEM,LPNBLR5P9467854,
2026-06-16T12:08:27+00:00,407-5678902-4709926,FBA79925,B0FRVBBDM9,X002FTVT0R,Armani Exchange Black Watch AX4621,1,BLR5,CUSTOMER_DAMAGED,APPAREL_STYLE,LPNBLR5P9820774,
2026-06-16T11:19:41+00:00,406-6836369-1197955,FBS66987,B017SN1OI8,X002844YM9,Fossil Analog Blue Dial Men's Watch - FS5151,1,BOM4,SELLABLE,UNDELIVERABLE_REFUSED,LPNBOM4N41182672,
2026-06-16T10:42:03+00:00,402-7851829-8237139,FBS66974,B008AXYWHQ,X00284E6DB,Fossil Nate Chronograph Analog Black Dial Grey Band Men's Stainless Steel Watch - JR1401,1,BLR5,SELLABLE,QUALITY_UNACCEPTABLE,LPNBLR5P9027852,
2026-06-16T09:43:21+00:00,402-9278300-4696328,FBS66974,B008AXYWHQ,X00284E6DB,Fossil Nate Chronograph Analog Black Dial Grey Band Men's Stainless Steel Watch - JR1401,1,DEL2,SELLABLE,UNDELIVERABLE_REFUSED,LPNDEL2R84458800,
2026-06-16T09:32:27+00:00,402-3189348-7671569,FBA79927,B0FRVZ29NP,X002FTXCG1,Armani Exchange Silver Watch Set AX7176SET,1,DEL2,SELLABLE,DID_NOT_LIKE_COLOR,LPNDEL2R84539712,
2026-06-16T07:05:04+00:00,406-6635583-5253111,FBS66636,B004D4S7AY,X002844YSN,Fossil Analog Gold Dial Women's Watch - ES2811,1,DEL2,SELLABLE,UNDELIVERABLE_UNKNOWN,LPNDEL2R84079889,
2026-06-16T06:45:12+00:00,403-1584865-6363508,FBA79528,B0D93652ZY,X00241X1HP,Fossil Harlow Two Tone Watch ES5362,1,BOM4,SELLABLE,APPAREL_STYLE,LPNBOM4N41673898,
2026-06-16T06:36:28+00:00,405-7026846-6838755,FBS79558,B0D9573TBX,X00284BXHX,Michael Kors Accelerator 2.0 Black Watch MK9179,1,BLR5,SELLABLE,APPAREL_TOO_LARGE,LPNBLR5P6401337,Return the item
2026-06-16T03:43:04+00:00,406-0870229-3211540,FBS74972,B09GYQ4RS7,X002844X4N,Fossil Everett Analog Gray Dial Men's Stainless Steel Watch-Me3206,1,BOM4,CUSTOMER_DAMAGED,APPAREL_STYLE,LPNBOM4N41745864,
2026-06-16T03:28:44+00:00,406-1243697-2281949,FBA79796,B0DT2ZQV18,X002BECSOR,Emporio Armani Green Quartz Leather Watch AR11661,1,DEL2,CUSTOMER_DAMAGED,DID_NOT_LIKE_COLOR,LPNDEL2R69960517,
2026-06-15T12:57:21+00:00,403-1154261-1195567,FBO70527,B00NVAWTLY,X001Q1Z6AJ,"Fossil Nate Analog Black Dial Men's Watch-JR1487 Genuine Leather, Brown Strap",1,DEL2,SELLABLE,APPAREL_TOO_LARGE,LPNDEL2R84458429,Size is too large for hand
2026-06-15T12:29:31+00:00,407-5451727-7533920,FBO66963,B00AG37H8Y,X001Q1V7N9,"Fossil Analog White Dial Men's Watch-FS4795 Stainless Steel, Multicolor Strap",1,BLR5,SELLABLE,ORDERED_WRONG_ITEM,LPNBLR5P6398294,
2026-06-15T12:26:27+00:00,406-0160621-6507579,FBS79223,B0CFBB587Z,X00284BXA5,"Fossil Analog Multicolor Dial Men's Watch-ME3253 Stainless Steel, Black Strap",1,BLR5,SELLABLE,APPAREL_TOO_LARGE,LPNBLR5P6398297,
2026-06-15T12:07:29+00:00,402-8440209-6377119,FBS66974,B008AXYWHQ,X00284E6DB,Fossil Nate Chronograph Analog Black Dial Grey Band Men's Stainless Steel Watch - JR1401,1,BLR5,SELLABLE,UNDELIVERABLE_REFUSED,LPNBLR5P9364459,
2026-06-15T10:14:12+00:00,407-4610962-4135549,FBS67801,B00HVBJ6W4,X00284BSYV,Fossil Riley Analog White & Beige Dial Women's Watch -ES3466,1,DEL2,SELLABLE,QUALITY_UNACCEPTABLE,LPNDEL2R70043919,
2026-06-15T09:19:58+00:00,171-2957773-8453168,FBS66987,B017SN1OI8,X002844YM9,Fossil Analog Blue Dial Men's Watch - FS5151,1,DEL2,SELLABLE,UNWANTED_ITEM,LPNDEL2R84229518,
2026-06-15T08:26:56+00:00,407-0005163-4948318,FBO66963,B00AG37H8Y,X001Q1V7N9,"Fossil Analog White Dial Men's Watch-FS4795 Stainless Steel, Multicolor Strap",1,BOM4,CUSTOMER_DAMAGED,APPAREL_STYLE,LPNBOM4N41742830,
2026-06-15T07:00:44+00:00,171-0918842-2039542,FBS79627,B0DKJHSD8R,X00284AM3J,Armani Exchange Analog Gray Dial Men's Stainless Steel Watch-AX4184,1,DEL2,SELLABLE,UNDELIVERABLE_REFUSED,LPNDEL2R85156307,
2026-06-15T04:02:20+00:00,407-0570919-9057954,FBA79145,B0CJ6ZW8F6,X001WI622R,"Fossil Watch Ring Gold dial ES5319 for Women, Analog, Stainless Steel, Gold Strap",1,BOM4,CUSTOMER_DAMAGED,SWITCHEROO,LPNBOM4N41438251,
2026-06-15T03:02:15+00:00,402-3699305-6950737,FBS79561,B0D955H882,X00284BTSL,Michael Kors Analog Men Alek Black Watch MK9185,1,BLR5,CUSTOMER_DAMAGED,APPAREL_STYLE,LPNBLR5P8624580,
2026-06-14T19:10:28+00:00,408-4159654-4432311,FBO70527,B00NVAWTLY,X001Q1Z6AJ,"Fossil Nate Analog Black Dial Men's Watch-JR1487 Genuine Leather, Brown Strap",1,BLR5,SELLABLE,UNDELIVERABLE_REFUSED,LPNBLR5O0743265,
2026-06-14T18:33:18+00:00,406-1971784-1632333,FBS70769,B07M7P7VLX,X00284ALD5,Fossil Women's Analog Watch (Black),1,BLR5,SELLABLE,UNDELIVERABLE_REFUSED,LPNBLR5P9401210,
2026-06-14T13:10:05+00:00,404-4757969-0143549,FBS66974,B008AXYWHQ,X00284E6DB,Fossil Nate Chronograph Analog Black Dial Grey Band Men's Stainless Steel Watch - JR1401,1,BLR5,SELLABLE,UNDELIVERABLE_REFUSED,LPNBLR5P6136081,
2026-06-14T12:35:33+00:00,404-9840207-7302707,FBA80093,B00H2ZDX00,X002J9G82H,Fossil End of Season Dean Analog Off-White Dial Men's Watch - FS4867,1,BLR5,SELLABLE,UNDELIVERABLE_REFUSED,LPNBLR5P9221353,
2026-06-14T12:07:42+00:00,402-4326397-3093145,FBS79627,B0DKJHSD8R,X00284AM3J,Armani Exchange Analog Gray Dial Men's Stainless Steel Watch-AX4184,1,BLR5,SELLABLE,UNDELIVERABLE_REFUSED,LPNBLR5P9433096,
2026-06-14T11:05:49+00:00,402-3900927-6675563,FBO67803,B01487C7CO,X001Q1WUY9,Fossil Analog Brown Dial Men's Leather Band Watch - ME3098,1,DEL2,SELLABLE,DEFECTIVE,LPNDEL2R84111687,
2026-06-14T10:08:15+00:00,403-0635804-6992322,FBA79631,B0DJ2WKCPD,X00266RWJV,Fossil Women's Harlow Pink Quartz Analog Stainless Steel Watch ES5386,1,BOM4,CUSTOMER_DAMAGED,DID_NOT_LIKE_COLOR,LPNBOM4N41386961,
2026-06-14T08:05:08+00:00,171-9783052-1672320,FBO67811,B06VV5QB6Q,X001Q1TZWJ,"Fossil Analog Black Dial Men's Watch-FS5308 Stainless Steel, Black Strap",1,BLR5,SELLABLE,APPAREL_STYLE,LPNBLR5P9473949,
2026-06-14T07:41:39+00:00,171-4400294-4536337,FBA79883,B0FCVRKB8C,X002E9FUNP,Fossil Grant Multicolor Quartz Stainless Steel Watch FS6132,1,BOM4,SELLABLE,UNWANTED_ITEM,LPNBOM4N41426287,
2026-06-14T07:00:34+00:00,404-8839945-4748354,FBS66636,B004D4S7AY,X002844YSN,Fossil Analog Gold Dial Women's Watch - ES2811,1,DEL2,CUSTOMER_DAMAGED,DID_NOT_LIKE_COLOR,LPNDEL2R84742960,
2026-06-14T04:28:26+00:00,407-8460566-5590735,FBA79633,B0DJ2XHK2N,X00266GL6B,Fossil Women's Scarlette Multicolor Analog Quartz Stainless Steel Watch ES5388,1,BLR5,SELLABLE,UNDELIVERABLE_REFUSED,LPNBLR5P8474683,
2026-06-14T04:28:25+00:00,403-8323367-3964327,FBA80093,B00H2ZDX00,X002J9G82H,Fossil End of Season Dean Analog Off-White Dial Men's Watch - FS4867,1,BOM4,CUSTOMER_DAMAGED,QUALITY_UNACCEPTABLE,LPNBOM4N41185314,
2026-06-14T04:12:58+00:00,171-5958915-4221917,FBA80118,B07WGWGMBM,X002KPVYXN,Fossil Analog Blue Dial Men's Watch - FS5661,1,BOM4,CUSTOMER_DAMAGED,QUALITY_UNACCEPTABLE,LPNBOM4N41386682,
2026-06-14T03:48:13+00:00,407-6141644-8122725,FBS66987,B017SN1OI8,X002844YM9,Fossil Analog Blue Dial Men's Watch - FS5151,1,BOM4,SELLABLE,APPAREL_TOO_LARGE,LPNBOM4N41387341,Too bulky
2026-06-14T03:16:16+00:00,404-9961773-6885923,FBO66963,B00AG37H8Y,X001Q1V7N9,"Fossil Analog White Dial Men's Watch-FS4795 Stainless Steel, Multicolor Strap",1,BOM4,CUSTOMER_DAMAGED,APPAREL_TOO_LARGE,LPNBOM4N41234159,
2026-06-13T17:19:34+00:00,404-5313556-8994740,FBS70769,B07M7P7VLX,X00284ALD5,Fossil Women's Analog Watch (Black),1,BLR5,SELLABLE,UNDELIVERABLE_REFUSED,LPNBLR5P6569414,
2026-06-13T17:17:32+00:00,402-4217164-5713902,FBA79929,B0FTMLYC74,X002FTZ7NR,Fossil Carlie Multicolor Quartz Stainless Steel Watch ES5439,1,BLR5,SELLABLE,POOR_FIT,LPNBLR5P9014445,
2026-06-13T12:46:01+00:00,171-2695474-9449118,FBA79882,B0FCVPBY7Y,X002E9CN8Z,Fossil Grant Multicolor Quartz Stainless Steel Watch FS6131,1,DEL2,SELLABLE,UNDELIVERABLE_REFUSED,LPNDEL2R69861863,
2026-06-13T11:42:26+00:00,403-4102924-5983566,FBA80093,B00H2ZDX00,X002J9G82H,Fossil End of Season Dean Analog Off-White Dial Men's Watch - FS4867,1,DEL2,SELLABLE,UNDELIVERABLE_REFUSED,LPNDEL2R84461156,
2026-06-13T11:27:31+00:00,404-1602923-7362738,FBA79527,B0D936GPVL,X00241X17F,Fossil Harlow Gold Watch ES5361,1,DEL2,CUSTOMER_DAMAGED,QUALITY_UNACCEPTABLE,LPNDEL2R84111585,
2026-06-13T11:25:48+00:00,407-0703606-6429911,FBA79925,B0FRVBBDM9,X002FTVT0R,Armani Exchange Black Watch AX4621,1,DEL2,CUSTOMER_DAMAGED,NOT_AS_DESCRIBED,LPNDEL2R84111619,
2026-06-13T10:58:42+00:00,405-9519350-5777145,FBA80093,B00H2ZDX00,X002J9G82H,Fossil End of Season Dean Analog Off-White Dial Men's Watch - FS4867,1,CCX1,SELLABLE,DEFECTIVE,LPNCCX1B4213299,
2026-06-13T10:50:09+00:00,404-9618684-4489112,FBO70527,B00NVAWTLY,X001Q1Z6AJ,"Fossil Nate Analog Black Dial Men's Watch-JR1487 Genuine Leather, Brown Strap",1,BLR5,SELLABLE,APPAREL_TOO_LARGE,LPNBLR5P6686780,"Dial is big, doesn’t suit me"
2026-06-13T10:15:17+00:00,171-0427672-7459547,FBO75320,B09NC2NFR9,X001Q1WD19,"Fossil Machine Analog Black Dial Men's Watch-FS5901 Genuine Leather, Brown Strap",1,DEL2,SELLABLE,UNDELIVERABLE_REFUSED,LPNDEL2R70547696,
2026-06-13T10:03:11+00:00,171-4139230-7101966,FBO70527,B00NVAWTLY,X001Q1Z6AJ,"Fossil Nate Analog Black Dial Men's Watch-JR1487 Genuine Leather, Brown Strap",1,BOM4,CUSTOMER_DAMAGED,APPAREL_TOO_LARGE,LPNBOM4N41404489,
2026-06-13T08:58:35+00:00,171-8662849-4020340,FBS66974,B008AXYWHQ,X00284E6DB,Fossil Nate Chronograph Analog Black Dial Grey Band Men's Stainless Steel Watch - JR1401,1,BLR5,SELLABLE,UNDELIVERABLE_REFUSED,LPNBLR5O0735391,
2026-06-13T08:57:35+00:00,403-4741344-3977136,FBA79639,B0DJ2XQB3P,X00266U24X,Fossil Men's Everett Black Analog Quartz Leather Watch FS6089,1,BOM4,CUSTOMER_DAMAGED,DID_NOT_LIKE_COLOR,LPNBOM4N41387091,
2026-06-13T08:26:02+00:00,403-5483403-4558741,FBA79929,B0FTMLYC74,X002FTZ7NR,Fossil Carlie Multicolor Quartz Stainless Steel Watch ES5439,1,BOM4,SELLABLE,APPAREL_STYLE,LPNBOM4N40593715,
2026-06-13T08:11:28+00:00,404-3983751-9123564,FBS66974,B008AXYWHQ,X00284E6DB,Fossil Nate Chronograph Analog Black Dial Grey Band Men's Stainless Steel Watch - JR1401,1,DEL2,CUSTOMER_DAMAGED,ORDERED_WRONG_ITEM,LPNDEL2R70547576,
2026-06-13T07:59:53+00:00,171-3527965-6013945,FBS66974,B008AXYWHQ,X00284E6DB,Fossil Nate Chronograph Analog Black Dial Grey Band Men's Stainless Steel Watch - JR1401,1,BLR5,SELLABLE,QUALITY_UNACCEPTABLE,LPNBLR5P9021068,
2026-06-13T07:53:54+00:00,408-5478565-0561166,FBS74358,B01KNMEVDG,X002GTDODV,Fossil Grant Sport Blue Watch FS5237,1,BLR5,SELLABLE,QUALITY_UNACCEPTABLE,LPNBLR5P6581995,"Not able to set the time, the buttons on the watch are not serving the purpose. It’s not working at all"
2026-06-13T07:21:17+00:00,402-6908422-8813922,FBS66974,B008AXYWHQ,X00284E6DB,Fossil Nate Chronograph Analog Black Dial Grey Band Men's Stainless Steel Watch - JR1401,1,BLR5,CUSTOMER_DAMAGED,SWITCHEROO,LPNBLR5P9363271,
2026-06-13T07:00:03+00:00,405-0522081-7881936,FBS66633,B00AFTT8KE,X00284B1B1,"Fossil Analog Silver Dial Women's Watch - ES3284 Stainless Steel, Gold Strap",1,BOM4,SELLABLE,UNDELIVERABLE_REFUSED,LPNBOM4N41923818,
2026-06-13T06:29:30+00:00,406-6578158-5968360,FBA74027,B085YFCGNF,X0019EBLTN,Saregama Carvaan Mini 2.0 Marathi (Sadabahar Gaani) - Music Player with Bluetooth/FM/AM/AUX (Sunset Red),1,DEL2,SELLABLE,UNDELIVERABLE_UNKNOWN,LPNDEL2R84110840,
2026-06-13T06:04:32+00:00,406-8064497-4954719,FBA79322,B0CR5NKB4C,X001ZBBSPH,"Armani Exchange Stainless Steel Analog Men's Watch-Ax1962, Dial-Color:Black, Band Color:Two-Tone",1,BOM4,CUSTOMER_DAMAGED,POOR_FIT,LPNBOM4N41406023,
2026-06-13T03:54:07+00:00,171-9300875-7128349,FBA79349,B0D9KDQCCM,X0028X0MRL,Nexlev Portable Sewing Machine| 2 Speed Settings| Cordless| Battery operated| USB Type C cord for Plug-in| Quick Fix DIY|Portable & Compact| for all Fabrics| 1 Year Warranty| White,1,BOM4,CUSTOMER_DAMAGED,DEFECTIVE,LPNBOM4N41235981,
2026-06-13T03:17:11+00:00,171-5735407-0757119,FBA80095,B0CHXGWVZJ,X002JE5GOD,"Armani Exchange Stainless Steel Analog Green Dial Men Watch-Ax1746, Gold Band",1,DEL2,SELLABLE,DID_NOT_LIKE_COLOR,LPNDEL2R70043576,Different color
2026-06-12T20:29:58+00:00,403-8669396-7176312,FBO70527,B00NVAWTLY,X001Q1Z6AJ,"Fossil Nate Analog Black Dial Men's Watch-JR1487 Genuine Leather, Brown Strap",1,BLR5,SELLABLE,UNDELIVERABLE_REFUSED,LPNBLR5P7817134,
2026-06-12T14:18:50+00:00,402-5546607-6581107,FBS74721,B00AMWDOEK,X00284ALDF,Fossil Grant Chronograph Beige Dial Men's Watch - FS4735,1,CCX1,CUSTOMER_DAMAGED,SWITCHEROO,LPNCCX1B4242914,
2026-06-12T11:48:31+00:00,407-0160536-3721929,FBA79940,B0FTK1RVG8,X002FTZH0P,Fossil Crosby Brown Quartz Leather Watch FS6150,1,DEL2,SELLABLE,UNDELIVERABLE_REFUSED,LPNDEL2R84051216,
2026-06-12T10:53:05+00:00,402-3739363-1565944,FBA79349,B0D9KDQCCM,X0028X0MRL,Nexlev Portable Sewing Machine| 2 Speed Settings| Cordless| Battery operated| USB Type C cord for Plug-in| Quick Fix DIY|Portable & Compact| for all Fabrics| 1 Year Warranty| White,1,BOM4,DEFECTIVE,DEFECTIVE,LPNBOM4N41877983,"not working at all,no LED  light to show the charge"
2026-06-12T10:47:57+00:00,403-9860716-1189904,FBO70527,B00NVAWTLY,X001Q1Z6AJ,"Fossil Nate Analog Black Dial Men's Watch-JR1487 Genuine Leather, Brown Strap",1,BLR5,SELLABLE,APPAREL_STYLE,LPNBLR5P6542490,Colour of the stripes seems paid and doesn’t look good on my hand
2026-06-12T10:35:51+00:00,407-3858763-6061142,FBS66974,B008AXYWHQ,X00284E6DB,Fossil Nate Chronograph Analog Black Dial Grey Band Men's Stainless Steel Watch - JR1401,1,BOM4,CUSTOMER_DAMAGED,QUALITY_UNACCEPTABLE,LPNBOM4N40933831,
2026-06-12T10:25:42+00:00,402-0251664-9225139,FBS79503,B0D935S1B3,X00284BTHR,"Emporio Armani Stainless Steel Analog Multicolor Dial Men's Watch-Ar11636, Band Color:Silver",1,DEL2,SELLABLE,DEFECTIVE,LPNDEL2R85432799,"The product looks used, it had no packaging and doesn’t have any tags also"
2026-06-12T09:56:55+00:00,403-9360666-3769930,FBA79528,B0D93652ZY,X00241X1HP,Fossil Harlow Two Tone Watch ES5362,1,DEL2,SELLABLE,APPAREL_STYLE,LPNDEL2R85432427,
2026-06-12T09:28:30+00:00,407-8137671-7036337,FBS66974,B008AXYWHQ,X00284E6DB,Fossil Nate Chronograph Analog Black Dial Grey Band Men's Stainless Steel Watch - JR1401,1,BLR5,SELLABLE,NOT_COMPATIBLE,LPNBLR5P9368747,
2026-06-12T06:34:46+00:00,406-0746613-4738719,FBO70527,B00NVAWTLY,X001Q1Z6AJ,"Fossil Nate Analog Black Dial Men's Watch-JR1487 Genuine Leather, Brown Strap",1,CCX1,SELLABLE,POOR_FIT,LPNCCX1B4199876,Dial looks too big on my wrist
2026-06-12T05:29:11+00:00,403-3111009-4717951,FBS66974,B008AXYWHQ,X00284E6DB,Fossil Nate Chronograph Analog Black Dial Grey Band Men's Stainless Steel Watch - JR1401,1,BLR5,SELLABLE,SWITCHEROO,LPNBLR5P8204965,
2026-06-12T05:07:00+00:00,403-2611381-0217123,FBA80093,B00H2ZDX00,X002J9G82H,Fossil End of Season Dean Analog Off-White Dial Men's Watch - FS4867,1,BOM4,SELLABLE,UNDELIVERABLE_REFUSED,LPNBOM4N39613107,
2026-06-12T04:51:31+00:00,402-9231637-6339515,FBS66974,B008AXYWHQ,X00284E6DB,Fossil Nate Chronograph Analog Black Dial Grey Band Men's Stainless Steel Watch - JR1401,1,BOM4,CUSTOMER_DAMAGED,SWITCHEROO,LPNBOM4N41180643,
2026-06-12T04:41:12+00:00,403-6833555-7562743,FBS69614,B00944CXEY,X002844Z73,Michael Kors Darci Analog Silver Dial Women's Watch - MK3190,1,DEL2,SELLABLE,UNDELIVERABLE_REFUSED,LPNDEL2R69765058,
2026-06-12T04:25:11+00:00,171-7742674-0148338,FBP74728,B078Y2PJL4,X001TN5VMR,"Fossil Stainless Steel Women Karli Rose Gold Dial Analog Watch Bq3181, Rose Gold Band",1,DEL2,SELLABLE,UNDELIVERABLE_REFUSED,LPNDEL2R85350605,
2026-06-12T04:24:39+00:00,171-6089114-5116369,FBO70527,B00NVAWTLY,X001Q1Z6AJ,"Fossil Nate Analog Black Dial Men's Watch-JR1487 Genuine Leather, Brown Strap",1,BLR5,SELLABLE,APPAREL_STYLE,LPNBLR5P8624250,
2026-06-12T04:10:15+00:00,403-7244756-4179559,FBA79030,B0C7WKTMFC,X001UXYRM1,Michael Kors Analog Black Dial Men's Stainless Steel Watch-Mk9113,1,DEL2,CUSTOMER_DAMAGED,POOR_FIT,LPNDEL2R70547179,
2026-06-12T04:06:23+00:00,171-8670987-2601911,FBA79349,B0D9KDQCCM,X0028X0MRL,Nexlev Portable Sewing Machine| 2 Speed Settings| Cordless| Battery operated| USB Type C cord for Plug-in| Quick Fix DIY|Portable & Compact| for all Fabrics| 1 Year Warranty| White,1,BOM4,DEFECTIVE,SWITCHEROO,LPNBOM4N41240394,
2026-06-12T03:24:56+00:00,171-4777856-3706761,FBO66963,B00AG37H8Y,X001Q1V7N9,"Fossil Analog White Dial Men's Watch-FS4795 Stainless Steel, Multicolor Strap",1,DEL2,SELLABLE,SWITCHEROO,LPNDEL2R69577270,
2026-06-12T03:20:23+00:00,403-3082180-9283516,FBA79800,B0DT2Q1R2H,X002BEBBF9,Emporio Armani Black Quartz Leather Watch AR11666,1,BLR5,SELLABLE,UNDELIVERABLE_REFUSED,LPNBLR5P9573822,
2026-06-11T14:49:08+00:00,404-3562549-1868364,FBO77065,B00Z52HG6O,X001Q1XZN9,Michael Kors Slim Runway Analog Rose Gold Dial Women's Watch-MK3197,1,BLR5,CUSTOMER_DAMAGED,APPAREL_STYLE,LPNBLR5P7982935,
2026-06-11T13:37:08+00:00,403-2671699-2566733,FBS67801,B00HVBJ6W4,X00284BSYV,Fossil Riley Analog White & Beige Dial Women's Watch -ES3466,1,BLR5,SELLABLE,UNDELIVERABLE_REFUSED,LPNBLR5P7815634,
2026-06-11T13:31:51+00:00,405-4261474-4158767,FBO69595,B07CSNG8XL,X001Q1Z2U3,Fossil Carlie Analog White Dial Women's Watch - ES4433,1,BLR5,SELLABLE,UNWANTED_ITEM,LPNBLR5P6164894,
2026-06-11T13:25:56+00:00,405-7110845-9006754,FBO70527,B00NVAWTLY,X001Q1Z6AJ,"Fossil Nate Analog Black Dial Men's Watch-JR1487 Genuine Leather, Brown Strap",1,BLR5,CUSTOMER_DAMAGED,APPAREL_TOO_LARGE,LPNBLR5P7982933,
2026-06-11T13:05:55+00:00,406-5380044-5558732,FBA79633,B0DJ2XHK2N,X00266GL6B,Fossil Women's Scarlette Multicolor Analog Quartz Stainless Steel Watch ES5388,1,BLR5,SELLABLE,NOT_AS_DESCRIBED,LPNBLR5P6570787,
2026-06-11T12:09:55+00:00,404-3971623-1641153,FBA79349,B0D9KDQCCM,X0028X0MRL,Nexlev Portable Sewing Machine| 2 Speed Settings| Cordless| Battery operated| USB Type C cord for Plug-in| Quick Fix DIY|Portable & Compact| for all Fabrics| 1 Year Warranty| White,1,BLR5,SELLABLE,NOT_COMPATIBLE,LPNBLR5P9330031,Not useful
2026-06-11T10:12:24+00:00,402-1289858-4013116,FBA79882,B0FCVPBY7Y,X002E9CN8Z,Fossil Grant Multicolor Quartz Stainless Steel Watch FS6131,1,DEL2,SELLABLE,UNDELIVERABLE_REFUSED,LPNDEL2R69679753,
2026-06-11T08:43:07+00:00,403-6605301-9755513,FBA80093,B00H2ZDX00,X002J9G82H,Fossil End of Season Dean Analog Off-White Dial Men's Watch - FS4867,1,BOM5,SELLABLE,UNDELIVERABLE_REFUSED,LPNBOM5F5652500,
2026-06-11T06:10:52+00:00,407-3710521-2858732,FBO70527,B00NVAWTLY,X001Q1Z6AJ,"Fossil Nate Analog Black Dial Men's Watch-JR1487 Genuine Leather, Brown Strap",1,DEL2,CUSTOMER_DAMAGED,APPAREL_STYLE,LPNDEL2R69882289,
2026-06-11T06:03:05+00:00,171-5431804-4113124,FBA79933,B0FTMM455Z,X002FTVTHZ,Fossil Raquel Gold Quartz Stainless Steel Watch ES5452,1,DEL2,SELLABLE,POOR_FIT,LPNDEL2R70547198,Too long
2026-06-11T03:14:42+00:00,406-1839430-1237117,FBA80070,B0GF7BLQ27,X002IPSPHD,Michael Kors Pyper Rose Gold Quartz Stainless Steel Watch MK7573,1,BLR5,SELLABLE,APPAREL_TOO_SMALL,LPNBLR5P6567014,Small dial and strap than expected.
2026-06-10T17:44:38+00:00,408-5260347-5209142,FBS66987,B017SN1OI8,X002844YM9,Fossil Analog Blue Dial Men's Watch - FS5151,1,BLR5,SELLABLE,UNDELIVERABLE_REFUSED,LPNBLR5O0787972,
2026-06-10T12:13:13+00:00,403-2384754-4350700,FBS76941,B0BFXL8ZP9,X00284BSUZ,"Fossil Neutra Analog Green Dial Men's Watch-FS5963 Genuine Leather, Brown Strap",1,DEL2,SELLABLE,UNWANTED_ITEM,LPNDEL2R85432049,
2026-06-10T10:53:35+00:00,171-6674319-3636352,FBS66987,B017SN1OI8,X002844YM9,Fossil Analog Blue Dial Men's Watch - FS5151,1,BLR5,SELLABLE,UNDELIVERABLE_REFUSED,LPNBLR5P6563594,
2026-06-10T07:59:29+00:00,407-5844621-6181934,FBO70527,B00NVAWTLY,X001Q1Z6AJ,"Fossil Nate Analog Black Dial Men's Watch-JR1487 Genuine Leather, Brown Strap",1,DEL2,CUSTOMER_DAMAGED,DID_NOT_LIKE_COLOR,LPNDEL2R69693967,
2026-06-10T07:59:11+00:00,405-7942847-8247567,FBA80096,B07WQ9WRJ9,X002JE1WNH,Fossil Men's Black Dial Analog Watch-FS5665,1,DEL2,CUSTOMER_DAMAGED,QUALITY_UNACCEPTABLE,LPNDEL2R70017805,
2026-06-10T07:32:13+00:00,404-6125993-2483549,FBO67811,B06VV5QB6Q,X001Q1TZWJ,"Fossil Analog Black Dial Men's Watch-FS5308 Stainless Steel, Black Strap",1,DEL2,CUSTOMER_DAMAGED,POOR_FIT,LPNDEL2R69771708,
2026-06-10T04:58:26+00:00,408-0050895-2317148,FBS66974,B008AXYWHQ,X00284E6DB,Fossil Nate Chronograph Analog Black Dial Grey Band Men's Stainless Steel Watch - JR1401,1,BLR5,SELLABLE,UNDELIVERABLE_REFUSED,LPNBLR5P8462494,
2026-06-10T03:35:27+00:00,404-7151786-3813904,FBA79349,B0D9KDQCCM,X0028X0MRL,Nexlev Portable Sewing Machine| 2 Speed Settings| Cordless| Battery operated| USB Type C cord for Plug-in| Quick Fix DIY|Portable & Compact| for all Fabrics| 1 Year Warranty| White,1,BLR5,CUSTOMER_DAMAGED,QUALITY_UNACCEPTABLE,LPNBLR5P6721579,
2026-06-10T03:15:02+00:00,407-7582788-0581114,FBA80093,B00H2ZDX00,X002J9G82H,Fossil End of Season Dean Analog Off-White Dial Men's Watch - FS4867,1,BOM4,CUSTOMER_DAMAGED,QUALITY_UNACCEPTABLE,LPNBOM4N41493996,
2026-06-09T16:39:45+00:00,407-7234030-7305934,FBS67801,B00HVBJ6W4,X00284BSYV,Fossil Riley Analog White & Beige Dial Women's Watch -ES3466,1,BLR5,SELLABLE,UNDELIVERABLE_REFUSED,LPNBLR5P9380362,
2026-06-09T14:04:50+00:00,404-0320813-2342702,FBS70769,B07M7P7VLX,X00284ALD5,Fossil Women's Analog Watch (Black),1,BLR5,SELLABLE,QUALITY_UNACCEPTABLE,LPNBLR5P8201578,
2026-06-09T10:41:42+00:00,403-7620074-8461969,FBS70769,B07M7P7VLX,X00284ALD5,Fossil Women's Analog Watch (Black),1,CCX1,SELLABLE,UNDELIVERABLE_REFUSED,LPNCCX1B4848208,
2026-06-09T08:41:33+00:00,405-9425219-0276351,FBO66963,B00AG37H8Y,X001Q1V7N9,"Fossil Analog White Dial Men's Watch-FS4795 Stainless Steel, Multicolor Strap",1,DEL2,SELLABLE,DID_NOT_LIKE_COLOR,LPNDEL2R70510295,
2026-06-09T08:36:25+00:00,408-0582611-2648337,FBA80093,B00H2ZDX00,X002J9G82H,Fossil End of Season Dean Analog Off-White Dial Men's Watch - FS4867,1,DEL2,SELLABLE,UNDELIVERABLE_REFUSED,LPNDEL2R69493527,
2026-06-09T08:22:13+00:00,407-7138282-7799509,FBS66974,B008AXYWHQ,X00284E6DB,Fossil Nate Chronograph Analog Black Dial Grey Band Men's Stainless Steel Watch - JR1401,1,BOM4,SELLABLE,UNDELIVERABLE_REFUSED,LPNBOM4N40942577,
2026-06-09T08:13:46+00:00,404-1505232-7144341,FBA79322,B0CR5NKB4C,X001ZBBSPH,"Armani Exchange Stainless Steel Analog Men's Watch-Ax1962, Dial-Color:Black, Band Color:Two-Tone",1,DEL2,SELLABLE,UNDELIVERABLE_REFUSED,LPNDEL2R69777905,
2026-06-09T06:27:36+00:00,406-9339394-8763520,FBO70774,B07MFZ6S2Q,X001Q1U0E1,Fossil Neutra Analog Black Dial and Band Men's Stainless Steel Watch-FS5525,1,BLR5,SELLABLE,UNDELIVERABLE_REFUSED,LPNBLR5P8461607,
2026-06-09T06:02:28+00:00,408-3158496-6486731,FBO67811,B06VV5QB6Q,X001Q1TZWJ,"Fossil Analog Black Dial Men's Watch-FS5308 Stainless Steel, Black Strap",1,BLR5,SELLABLE,UNDELIVERABLE_REFUSED,LPNBLR5P8623674,
2026-06-09T05:46:41+00:00,403-7498545-0816350,FBS75262,B0183NW5H6,X002I2P8VR,Fossil Analog Black Dial Men's Watch-FS5164,1,BLR5,SELLABLE,APPAREL_TOO_LARGE,LPNBLR5P6944812,Size is too big for my wrist
2026-06-09T04:01:49+00:00,408-9808404-3934703,FBO67811,B06VV5QB6Q,X001Q1TZWJ,"Fossil Analog Black Dial Men's Watch-FS5308 Stainless Steel, Black Strap",1,BLR5,SELLABLE,UNDELIVERABLE_UNKNOWN,LPNBLR5P8461409,
2026-06-08T16:21:56+00:00,408-9020581-0417166,FBA80093,B00H2ZDX00,X002J9G82H,Fossil End of Season Dean Analog Off-White Dial Men's Watch - FS4867,1,BLR5,SELLABLE,UNDELIVERABLE_REFUSED,LPNBLR5P8865169,
2026-06-08T14:50:12+00:00,171-9353708-1980327,FBO67811,B06VV5QB6Q,X001Q1TZWJ,"Fossil Analog Black Dial Men's Watch-FS5308 Stainless Steel, Black Strap",1,BLR5,SELLABLE,UNDELIVERABLE_REFUSED,LPNBLR5P8865109,
2026-06-08T14:14:06+00:00,402-7987905-7615564,FBO67811,B06VV5QB6Q,X001Q1TZWJ,"Fossil Analog Black Dial Men's Watch-FS5308 Stainless Steel, Black Strap",1,BLR5,SELLABLE,UNDELIVERABLE_UNKNOWN,LPNBLR5O0799936,
2026-06-08T13:48:34+00:00,407-2369947-5985120,FBO66963,B00AG37H8Y,X001Q1V7N9,"Fossil Analog White Dial Men's Watch-FS4795 Stainless Steel, Multicolor Strap",1,BLR5,SELLABLE,UNDELIVERABLE_REFUSED,LPNBLR5P8460842,
2026-06-08T13:38:00+00:00,171-3133502-6597954,FBS66974,B008AXYWHQ,X00284E6DB,Fossil Nate Chronograph Analog Black Dial Grey Band Men's Stainless Steel Watch - JR1401,1,BLR5,SELLABLE,NOT_COMPATIBLE,LPNBLR5P6128171,
2026-06-08T10:47:32+00:00,404-4793544-9580319,FBA79748,B0DSBSGK17,X0029WWIJL,Fossil Men Everett Multicolor Quartz Stainless Steel Green Dial Analog Watch FS6106,1,DEL2,SELLABLE,DID_NOT_LIKE_COLOR,LPNDEL2R69781048,
2026-06-08T10:33:48+00:00,171-7564221-5931511,FBS66636,B004D4S7AY,X002844YSN,Fossil Analog Gold Dial Women's Watch - ES2811,1,BOM4,CUSTOMER_DAMAGED,APPAREL_TOO_LARGE,LPNBOM4N41455489,
2026-06-08T09:36:50+00:00,403-1479970-1555569,FBS67860,B077SN2LNP,X00284BT4Z,Michael Kors Lexington Analog Black Dial Men's Watch-MK8603,1,DEL2,SELLABLE,DID_NOT_LIKE_COLOR,LPNDEL2R70371310,
2026-06-08T08:57:07+00:00,402-1134171-3323508,FBS79637,B0DC64BD5R,X00284BXJL,Fossil Sport Tourer Black Quartz Leather Watch FS6086,1,CCX1,SELLABLE,APPAREL_STYLE,LPNCCX1B5400098,Not matching on my wrist
2026-06-08T08:41:18+00:00,403-4155061-8449969,FBS66974,B008AXYWHQ,X00284E6DB,Fossil Nate Chronograph Analog Black Dial Grey Band Men's Stainless Steel Watch - JR1401,1,DEL2,SELLABLE,UNWANTED_ITEM,LPNDEL2R70819499,
2026-06-08T06:51:10+00:00,402-3524762-9305963,FBS66987,B017SN1OI8,X002844YM9,Fossil Analog Blue Dial Men's Watch - FS5151,1,BOM4,SELLABLE,ORDERED_WRONG_ITEM,LPNBOM4N40893733,
2026-06-08T06:19:18+00:00,408-3932770-3977962,FBA79349,B0D9KDQCCM,X0028X0MRL,Nexlev Portable Sewing Machine| 2 Speed Settings| Cordless| Battery operated| USB Type C cord for Plug-in| Quick Fix DIY|Portable & Compact| for all Fabrics| 1 Year Warranty| White,1,BOM4,CUSTOMER_DAMAGED,QUALITY_UNACCEPTABLE,LPNBOM4N40911350,
2026-06-08T06:00:03+00:00,407-7128279-7133919,FBA79525,B0D954M6YQ,X00241X19D,Fossil Neutra Silver Watch ES5357,1,DEL2,SELLABLE,APPAREL_STYLE,LPNDEL2R70329331,
2026-06-08T05:16:51+00:00,402-7159085-8989911,FBS66987,B017SN1OI8,X002844YM9,Fossil Analog Blue Dial Men's Watch - FS5151,1,BOM4,SELLABLE,UNDELIVERABLE_REFUSED,LPNBOM4N39565925,
2026-06-08T04:08:36+00:00,405-2493905-5840324,FBA80093,B00H2ZDX00,X002J9G82H,Fossil End of Season Dean Analog Off-White Dial Men's Watch - FS4867,1,DEL2,SELLABLE,UNDELIVERABLE_REFUSED,LPNDEL2R69780714,
2026-06-08T04:06:19+00:00,171-6343608-1961938,FBO66963,B00AG37H8Y,X001Q1V7N9,"Fossil Analog White Dial Men's Watch-FS4795 Stainless Steel, Multicolor Strap",1,DEL2,CUSTOMER_DAMAGED,DID_NOT_LIKE_COLOR,LPNDEL2R70329311,
2026-06-07T19:06:37+00:00,171-0705623-7882757,FBS66974,B008AXYWHQ,X00284E6DB,Fossil Nate Chronograph Analog Black Dial Grey Band Men's Stainless Steel Watch - JR1401,1,BLR5,SELLABLE,APPAREL_TOO_LARGE,LPNBLR5P7592973,
2026-06-07T12:18:27+00:00,405-3895737-6273127,FBA79349,B0D9KDQCCM,X0028X0MRL,Nexlev Portable Sewing Machine| 2 Speed Settings| Cordless| Battery operated| USB Type C cord for Plug-in| Quick Fix DIY|Portable & Compact| for all Fabrics| 1 Year Warranty| White,1,BLR5,CUSTOMER_DAMAGED,QUALITY_UNACCEPTABLE,LPNBLR5P6681819,
2026-06-07T12:02:33+00:00,402-8805663-0429161,FBS76941,B0BFXL8ZP9,X00284BSUZ,"Fossil Neutra Analog Green Dial Men's Watch-FS5963 Genuine Leather, Brown Strap",1,BOM4,SELLABLE,UNDELIVERABLE_UNKNOWN,LPNBOM4N40864228,
2026-06-07T11:44:29+00:00,171-0493367-7696312,FBA80093,B00H2ZDX00,X002J9G82H,Fossil End of Season Dean Analog Off-White Dial Men's Watch - FS4867,1,DEL2,SELLABLE,UNDELIVERABLE_REFUSED,LPNDEL2R70719574,
2026-06-07T11:15:26+00:00,404-8244560-6849950,FBA80093,B00H2ZDX00,X002J9G82H,Fossil End of Season Dean Analog Off-White Dial Men's Watch - FS4867,1,BLR5,SELLABLE,NEVER_ARRIVED,LPNBLR5P7421967,
2026-06-07T10:57:20+00:00,407-0227343-1445969,FBA79931,B0FTMMNCK7,X002FTW62R,Fossil Sloan Gold Quartz Stainless Steel Watch ES5444,1,BLR5,SELLABLE,APPAREL_TOO_LARGE,LPNBLR5P6425499,
2026-06-07T10:50:55+00:00,403-4966618-3207549,FBA80068,B0GF7JSSRF,X002IPTO5F,Fossil Neutra Gold Quartz Stainless Steel Watch FS6164,1,DEL2,SELLABLE,APPAREL_STYLE,LPNDEL2R69693869,Doesn&#39;t looks good on my hands
2026-06-07T10:37:39+00:00,402-2805067-5993959,FBS74721,B00AMWDOEK,X00284ALDF,Fossil Grant Chronograph Beige Dial Men's Watch - FS4735,1,DEL5,SELLABLE,UNDELIVERABLE_REFUSED,LPNDEL5S13053423,
2026-06-07T09:51:52+00:00,408-1793139-8724349,FBS66974,B008AXYWHQ,X00284E6DB,Fossil Nate Chronograph Analog Black Dial Grey Band Men's Stainless Steel Watch - JR1401,1,BLR5,SELLABLE,NEVER_ARRIVED,LPNBLR5P8396874,
2026-06-07T09:35:44+00:00,407-3221641-1963500,FBO66963,B00AG37H8Y,X001Q1V7N9,"Fossil Analog White Dial Men's Watch-FS4795 Stainless Steel, Multicolor Strap",1,DEL2,CUSTOMER_DAMAGED,FOUND_BETTER_PRICE,LPNDEL2R70719499,
2026-06-07T08:33:31+00:00,171-1211163-2900360,FBS70827,B07MM5MH6F,X002844YU1,"Fossil Watch, Black, Free Size, (FS5512)",1,DEL2,SELLABLE,APPAREL_STYLE,LPNDEL2R70719456,
2026-06-07T08:25:42+00:00,405-7209127-2373940,FBA79349,B0D9KDQCCM,X0028X0MRL,Nexlev Portable Sewing Machine| 2 Speed Settings| Cordless| Battery operated| USB Type C cord for Plug-in| Quick Fix DIY|Portable & Compact| for all Fabrics| 1 Year Warranty| White,1,BOM4,DEFECTIVE,QUALITY_UNACCEPTABLE,LPNBOM4N41477070,Not working properly
2026-06-07T08:16:05+00:00,408-8902852-3265136,FBA79349,B0D9KDQCCM,X0028X0MRL,Nexlev Portable Sewing Machine| 2 Speed Settings| Cordless| Battery operated| USB Type C cord for Plug-in| Quick Fix DIY|Portable & Compact| for all Fabrics| 1 Year Warranty| White,1,BOM4,SELLABLE,UNDELIVERABLE_REFUSED,LPNBOM4N40867786,
2026-06-07T07:49:58+00:00,403-8171737-7303540,FBS79637,B0DC64BD5R,X00284BXJL,Fossil Sport Tourer Black Quartz Leather Watch FS6086,1,DEL2,CUSTOMER_DAMAGED,DID_NOT_LIKE_COLOR,LPNDEL2R70273464,
2026-06-07T07:49:53+00:00,403-0930903-7599558,FBS79515,B0D8572WTJ,X00284AM9X,"Armani Exchange Stainless Steel Analog Black Dial Men's Watch-Ax4183, Band Color:Black",1,BLR5,SELLABLE,APPAREL_STYLE,LPNBLR5P9396360,
2026-06-07T03:39:23+00:00,407-6728434-2095546,FBS66987,B017SN1OI8,X002844YM9,Fossil Analog Blue Dial Men's Watch - FS5151,1,BLR5,SELLABLE,APPAREL_TOO_SMALL,LPNBLR5P8376183,Size is small
2026-06-06T21:17:30+00:00,402-6369348-6665161,FBA79937,B0FTK7KQ1P,X002FTXCR5,Fossil Machine Silver Quartz Stainless Steel Watch FS6144,1,BLR5,SELLABLE,UNDELIVERABLE_UNKNOWN,LPNBLR5P8444086,
2026-06-06T15:36:49+00:00,408-9168456-9341953,FBS74251,B01GZZYSRO,X00284B1LL,Emporio Armani Analog Blue Dial Men's Watch-Ar1979 - Stainless Steel,1,CCX1,SELLABLE,DEFECTIVE,LPNCCX1B4880774,Its a gift and the transparent covers on the face and the back of the dial are coming out already
2026-06-06T12:35:17+00:00,408-1455553-3393103,FBO70527,B00NVAWTLY,X001Q1Z6AJ,"Fossil Nate Analog Black Dial Men's Watch-JR1487 Genuine Leather, Brown Strap",1,BLR5,SELLABLE,QUALITY_UNACCEPTABLE,LPNBLR5P6147490,The dials are not moving. Also the instruction manual is missing. Looks like someone used it before. I need a new product.
2026-06-06T10:43:38+00:00,406-7694600-9541148,FBS79515,B0D8572WTJ,X00284AM9X,"Armani Exchange Stainless Steel Analog Black Dial Men's Watch-Ax4183, Band Color:Black",1,DEL2,SELLABLE,APPAREL_STYLE,LPNDEL2R70719113,
2026-06-06T10:24:16+00:00,407-3147051-7245913,FBS66974,B008AXYWHQ,X00284E6DB,Fossil Nate Chronograph Analog Black Dial Grey Band Men's Stainless Steel Watch - JR1401,1,BLR5,SELLABLE,UNDELIVERABLE_REFUSED,LPNBLR5P6147363,
2026-06-06T10:07:26+00:00,402-2518669-1917923,FBS66974,B008AXYWHQ,X00284E6DB,Fossil Nate Chronograph Analog Black Dial Grey Band Men's Stainless Steel Watch - JR1401,1,DEL2,CUSTOMER_DAMAGED,APPAREL_STYLE,LPNDEL2R70701934,
2026-06-06T08:18:26+00:00,408-2521200-8736306,FBK72029,B01MZWUN47,X001YVCULT,"Skagen Leather Analog Blue Color Small Dial Men Watch - Skw6355, Brown Band",1,BLR5,DEFECTIVE,QUALITY_UNACCEPTABLE,LPNBLR5P5316485,Back place of watch not placing back after removal.
2026-06-06T06:04:59+00:00,408-8074884-6173915,FBA79349,B0D9KDQCCM,X0028X0MRL,Nexlev Portable Sewing Machine| 2 Speed Settings| Cordless| Battery operated| USB Type C cord for Plug-in| Quick Fix DIY|Portable & Compact| for all Fabrics| 1 Year Warranty| White,1,BOM4,SELLABLE,UNDELIVERABLE_REFUSED,LPNBOM4N37594738,
2026-06-06T05:02:28+00:00,406-7981255-8010751,FBO70527,B00NVAWTLY,X001Q1Z6AJ,"Fossil Nate Analog Black Dial Men's Watch-JR1487 Genuine Leather, Brown Strap",1,BOM4,SELLABLE,SWITCHEROO,LPNBOM4N40592271,
2026-06-06T05:01:05+00:00,406-9137641-6931568,FBA79527,B0D936GPVL,X00241X17F,Fossil Harlow Gold Watch ES5361,1,DEL2,SELLABLE,UNDELIVERABLE_REFUSED,LPNDEL2R70174808,
2026-06-06T04:52:58+00:00,408-2202022-2357129,FBA79731,B0DSBQCZTK,X0029WZOYR,Armani Exchange Men Analogue Black Band Black Quartz Stainless Steel Watch AX2463,1,BOM4,SELLABLE,UNDELIVERABLE_REFUSED,LPNBOM4N39943610,
2026-06-06T04:32:11+00:00,403-4302297-3401145,FBS74721,B00AMWDOEK,X00284ALDF,Fossil Grant Chronograph Beige Dial Men's Watch - FS4735,1,DEL2,SELLABLE,UNDELIVERABLE_REFUSED,LPNDEL2R70819151,
2026-06-06T04:24:33+00:00,171-8969232-2289935,FBS66974,B008AXYWHQ,X00284E6DB,Fossil Nate Chronograph Analog Black Dial Grey Band Men's Stainless Steel Watch - JR1401,1,BOM4,CUSTOMER_DAMAGED,POOR_FIT,LPNBOM4N40819629,
2026-06-06T04:12:46+00:00,406-8860038-4629901,FBO70527,B00NVAWTLY,X001Q1Z6AJ,"Fossil Nate Analog Black Dial Men's Watch-JR1487 Genuine Leather, Brown Strap",1,BOM4,SELLABLE,APPAREL_TOO_LARGE,LPNBOM4N40898774,
2026-06-06T03:41:58+00:00,405-0267179-3978753,FBP74728,B078Y2PJL4,X001TN5VMR,"Fossil Stainless Steel Women Karli Rose Gold Dial Analog Watch Bq3181, Rose Gold Band",1,DEL2,SELLABLE,APPAREL_STYLE,LPNDEL2R70718984,Not as expected... doesn&#39;t look good on me
2026-06-06T03:18:10+00:00,402-1820204-0897926,FBS66974,B008AXYWHQ,X00284E6DB,Fossil Nate Chronograph Analog Black Dial Grey Band Men's Stainless Steel Watch - JR1401,1,BLR5,SELLABLE,UNDELIVERABLE_REFUSED,LPNBLR5P6510015,
2026-06-05T15:27:41+00:00,404-9970344-0521943,FBA79748,B0DSBSGK17,X0029WWIJL,Fossil Men Everett Multicolor Quartz Stainless Steel Green Dial Analog Watch FS6106,1,BLR5,SELLABLE,APPAREL_STYLE,LPNBLR5P7682876,
2026-06-05T14:58:12+00:00,402-4417392-7277140,FBS66974,B008AXYWHQ,X00284E6DB,Fossil Nate Chronograph Analog Black Dial Grey Band Men's Stainless Steel Watch - JR1401,1,BLR5,SELLABLE,DEFECTIVE,LPNBLR5P6529192,band is looks stained also band looks  like used product  kindly replace new one
2026-06-05T12:50:08+00:00,171-9932070-6619554,FBS79413,B07T1X96CL,X00284EZ5F,"Diesel Leather Analog Multicolor Dial Men's Watch-Dz4667, Band Color -Black",1,CCX1,SELLABLE,UNDELIVERABLE_REFUSED,LPNCCX1B5400119,
2026-06-05T09:56:37+00:00,402-7975092-0889156,FBO66963,B00AG37H8Y,X001Q1V7N9,"Fossil Analog White Dial Men's Watch-FS4795 Stainless Steel, Multicolor Strap",1,DEL2,SELLABLE,APPAREL_TOO_SMALL,LPNDEL2R70719103,Small size not fit in my hand
2026-06-05T09:06:35+00:00,403-0116284-3536357,FBA79528,B0D93652ZY,X00241X1HP,Fossil Harlow Two Tone Watch ES5362,1,BOM4,SELLABLE,DEFECTIVE,LPNBOM4N40909249,The box inside the packet was not sealed pack
2026-06-05T07:55:41+00:00,402-0109536-7468342,FBO66963,B00AG37H8Y,X001Q1V7N9,"Fossil Analog White Dial Men's Watch-FS4795 Stainless Steel, Multicolor Strap",1,DEL2,CUSTOMER_DAMAGED,SWITCHEROO,LPNDEL2R70719106,
2026-06-05T07:04:25+00:00,171-1046417-9200332,FBA79528,B0D93652ZY,X00241X1HP,Fossil Harlow Two Tone Watch ES5362,1,BLR5,SELLABLE,SWITCHEROO,LPNBLR5P6635556,
2026-06-05T06:08:23+00:00,402-6482021-9034729,FBS66974,B008AXYWHQ,X00284E6DB,Fossil Nate Chronograph Analog Black Dial Grey Band Men's Stainless Steel Watch - JR1401,1,DEL2,SELLABLE,UNWANTED_ITEM,LPNDEL2R70272480,
2026-06-05T05:46:03+00:00,407-7159994-8726707,FBS66974,B008AXYWHQ,X00284E6DB,Fossil Nate Chronograph Analog Black Dial Grey Band Men's Stainless Steel Watch - JR1401,1,BLR5,SELLABLE,UNDELIVERABLE_REFUSED,LPNBLR5P6695738,
2026-06-05T05:42:40+00:00,405-5977331-4766746,FBA79731,B0DSBQCZTK,X0029WZOYR,Armani Exchange Men Analogue Black Band Black Quartz Stainless Steel Watch AX2463,1,BLR5,SELLABLE,APPAREL_STYLE,LPNBLR5P8402856,Dial is big and it’s not looking good
2026-06-05T04:54:51+00:00,404-9694532-7873119,FBA79883,B0FCVRKB8C,X002E9FUNP,Fossil Grant Multicolor Quartz Stainless Steel Watch FS6132,1,DEL2,SELLABLE,UNDELIVERABLE_REFUSED,LPNDEL2R70170113,
2026-06-05T04:31:11+00:00,171-8016126-6460369,FBA79800,B0DT2Q1R2H,X002BEBBF9,Emporio Armani Black Quartz Leather Watch AR11666,1,DEL2,SELLABLE,QUALITY_UNACCEPTABLE,LPNDEL2R70701872,
2026-06-05T04:28:24+00:00,408-1793352-5761916,FBS66974,B008AXYWHQ,X00284E6DB,Fossil Nate Chronograph Analog Black Dial Grey Band Men's Stainless Steel Watch - JR1401,1,BLR5,CUSTOMER_DAMAGED,FOUND_BETTER_PRICE,LPNBLR5P7115890,
2026-06-05T04:06:01+00:00,403-2123750-3773935,FBO67811,B06VV5QB6Q,X001Q1TZWJ,"Fossil Analog Black Dial Men's Watch-FS5308 Stainless Steel, Black Strap",1,BOM4,CUSTOMER_DAMAGED,DID_NOT_LIKE_COLOR,LPNBOM4N40746179,
2026-06-05T03:55:24+00:00,407-3423692-4605908,FBA79349,B0D9KDQCCM,X0028X0MRL,Nexlev Portable Sewing Machine| 2 Speed Settings| Cordless| Battery operated| USB Type C cord for Plug-in| Quick Fix DIY|Portable & Compact| for all Fabrics| 1 Year Warranty| White,1,DEL2,CUSTOMER_DAMAGED,QUALITY_UNACCEPTABLE,LPNDEL2R69813434,
2026-06-04T22:17:14+00:00,405-8342737-1137957,FBA79349,B0D9KDQCCM,X0028X0MRL,Nexlev Portable Sewing Machine| 2 Speed Settings| Cordless| Battery operated| USB Type C cord for Plug-in| Quick Fix DIY|Portable & Compact| for all Fabrics| 1 Year Warranty| White,1,BLR5,SELLABLE,UNDELIVERABLE_REFUSED,LPNBLR5P6916063,
2026-06-04T19:55:51+00:00,402-8385055-1393167,FBP74728,B078Y2PJL4,X001TN5VMR,"Fossil Stainless Steel Women Karli Rose Gold Dial Analog Watch Bq3181, Rose Gold Band",1,CCX1,CUSTOMER_DAMAGED,QUALITY_UNACCEPTABLE,LPNCCX1B5219245,
2026-06-04T18:45:14+00:00,405-6022988-4497917,FBS66974,B008AXYWHQ,X00284E6DB,Fossil Nate Chronograph Analog Black Dial Grey Band Men's Stainless Steel Watch - JR1401,1,BLR5,SELLABLE,APPAREL_TOO_LARGE,LPNBLR5P7337942,Too big
2026-06-04T17:33:57+00:00,402-7522694-4286765,FBA79641,B0DJ2VFZWN,X00266RGFB,Fossil Men's Minimalist Brown Analog Quartz Leather Watch FS6094,1,BLR5,SELLABLE,UNDELIVERABLE_REFUSED,LPNBLR5P7400027,
2026-06-04T11:48:02+00:00,404-8055353-1485137,FBO70527,B00NVAWTLY,X001Q1Z6AJ,"Fossil Nate Analog Black Dial Men's Watch-JR1487 Genuine Leather, Brown Strap",1,BLR5,SELLABLE,DID_NOT_LIKE_COLOR,LPNBLR5P8417900,Strap looks bit dull or old
2026-06-04T08:41:39+00:00,402-0385747-0746727,FBA79731,B0DSBQCZTK,X0029WZOYR,Armani Exchange Men Analogue Black Band Black Quartz Stainless Steel Watch AX2463,1,BLR5,CUSTOMER_DAMAGED,APPAREL_STYLE,LPNBLR5P6555104,
2026-06-04T08:38:44+00:00,402-9771597-0807503,FBA80093,B00H2ZDX00,X002J9G82H,Fossil End of Season Dean Analog Off-White Dial Men's Watch - FS4867,1,BOM4,SELLABLE,QUALITY_UNACCEPTABLE,LPNBOM4N40558843,
2026-06-04T06:36:11+00:00,408-9909118-7914701,FBO67803,B01487C7CO,X001Q1WUY9,Fossil Analog Brown Dial Men's Leather Band Watch - ME3098,1,BOM4,DEFECTIVE,QUALITY_UNACCEPTABLE,LPNBOM4N40748325,Itam defective and use product
2026-06-04T06:14:39+00:00,402-7075369-8424349,FBS66974,B008AXYWHQ,X00284E6DB,Fossil Nate Chronograph Analog Black Dial Grey Band Men's Stainless Steel Watch - JR1401,1,BLR5,CUSTOMER_DAMAGED,APPAREL_TOO_LARGE,LPNBLR5P8405564,
2026-06-04T05:44:41+00:00,171-0380991-3939530,FBS66974,B008AXYWHQ,X00284E6DB,Fossil Nate Chronograph Analog Black Dial Grey Band Men's Stainless Steel Watch - JR1401,1,BLR5,SELLABLE,UNDELIVERABLE_REFUSED,LPNBLR5P6903742,
2026-06-04T04:45:53+00:00,171-3784341-0145158,FBS66974,B008AXYWHQ,X00284E6DB,Fossil Nate Chronograph Analog Black Dial Grey Band Men's Stainless Steel Watch - JR1401,1,BOM4,CUSTOMER_DAMAGED,APPAREL_TOO_LARGE,LPNBOM4N40558626,
2026-06-04T04:45:34+00:00,406-2580640-9601160,FBA79349,B0D9KDQCCM,X0028X0MRL,Nexlev Portable Sewing Machine| 2 Speed Settings| Cordless| Battery operated| USB Type C cord for Plug-in| Quick Fix DIY|Portable & Compact| for all Fabrics| 1 Year Warranty| White,1,BOM4,SELLABLE,QUALITY_UNACCEPTABLE,LPNBOM4N40559118,Performance not better
2026-06-04T04:38:47+00:00,404-7160476-0159530,FBA79349,B0D9KDQCCM,X0028X0MRL,Nexlev Portable Sewing Machine| 2 Speed Settings| Cordless| Battery operated| USB Type C cord for Plug-in| Quick Fix DIY|Portable & Compact| for all Fabrics| 1 Year Warranty| White,1,DEL2,CUSTOMER_DAMAGED,QUALITY_UNACCEPTABLE,LPNDEL2R69909771,
2026-06-04T04:09:58+00:00,405-5376878-2183554,FBO70527,B00NVAWTLY,X001Q1Z6AJ,"Fossil Nate Analog Black Dial Men's Watch-JR1487 Genuine Leather, Brown Strap",1,CCX1,SELLABLE,UNDELIVERABLE_REFUSED,LPNCCX1B5408840,
2026-06-04T03:28:03+00:00,403-7473212-7462760,FBS79310,B0CRSQDJJ5,X002844XBB,"Michael Kors Analog Green Dial Men's Stainless Steel Watch-Mk9152, Band Color:Silver",1,BLR5,SELLABLE,UNDELIVERABLE_REFUSED,LPNBLR5P6903567,
2026-06-03T19:02:27+00:00,402-2080516-3491505,FBS66974,B008AXYWHQ,X00284E6DB,Fossil Nate Chronograph Analog Black Dial Grey Band Men's Stainless Steel Watch - JR1401,1,BLR5,SELLABLE,UNDELIVERABLE_REFUSED,LPNBLR5P6426382,
2026-06-03T15:23:16+00:00,405-0906216-4070708,FBS66974,B008AXYWHQ,X00284E6DB,Fossil Nate Chronograph Analog Black Dial Grey Band Men's Stainless Steel Watch - JR1401,1,BLR5,SELLABLE,APPAREL_TOO_LARGE,LPNBLR5P8399234,
2026-06-03T13:41:24+00:00,406-9025026-2053919,FBS67801,B00HVBJ6W4,X00284BSYV,Fossil Riley Analog White & Beige Dial Women's Watch -ES3466,1,BLR5,SELLABLE,SWITCHEROO,LPNBLR5P7970035,
2026-06-03T12:00:01+00:00,407-9963321-4858724,FBA79530,B0D9369MTM,X00241S2UL,Fossil Harlow Brown Watch ES5364,1,DEL2,CUSTOMER_DAMAGED,APPAREL_STYLE,LPNDEL2R70701726,
2026-06-03T11:23:30+00:00,402-9687833-8991544,FBS66974,B008AXYWHQ,X00284E6DB,Fossil Nate Chronograph Analog Black Dial Grey Band Men's Stainless Steel Watch - JR1401,1,BOM4,SELLABLE,UNDELIVERABLE_UNKNOWN,LPNBOM4N40560075,
2026-06-03T10:43:54+00:00,404-5969276-5087553,FBA79758,B0DP5KBJ7H,X0029WZF2X,Michael Kors Panorama Gold Quartz Stainless Steel Watch MK9195,1,DEL2,SELLABLE,UNWANTED_ITEM,LPNDEL2R70599673,
2026-06-03T10:10:26+00:00,402-2458324-1458765,FBA79529,B0D9362N4Q,X00241S2SN,Fossil Harlow Silver Watch ES5363,1,DEL2,SELLABLE,UNDELIVERABLE_REFUSED,LPNDEL2R70003071,
2026-06-03T09:42:05+00:00,407-0018033-8610710,FBO69556,B002LZUAFM,X001Q1V8SX,Emporio Armani Mens Chronograph Stainless Steel Watch (Black_Free Size),1,DEL2,SELLABLE,QUALITY_UNACCEPTABLE,LPNDEL2R69948779,
2026-06-03T08:33:28+00:00,405-0322079-4381119,FBO66963,B00AG37H8Y,X001Q1V7N9,"Fossil Analog White Dial Men's Watch-FS4795 Stainless Steel, Multicolor Strap",1,DEL2,SELLABLE,UNDELIVERABLE_REFUSED,LPNDEL2R69943495,
2026-06-03T07:57:19+00:00,402-0590742-5488331,FBS66987,B017SN1OI8,X002844YM9,Fossil Analog Blue Dial Men's Watch - FS5151,1,DEL2,CUSTOMER_DAMAGED,DEFECTIVE,LPNDEL2R70141885,
2026-06-03T07:42:50+00:00,408-7033772-5201936,FBA79349,B0D9KDQCCM,X0028X0MRL,Nexlev Portable Sewing Machine| 2 Speed Settings| Cordless| Battery operated| USB Type C cord for Plug-in| Quick Fix DIY|Portable & Compact| for all Fabrics| 1 Year Warranty| White,1,DEL2,CUSTOMER_DAMAGED,QUALITY_UNACCEPTABLE,LPNDEL2R69854947,
2026-06-03T07:03:29+00:00,408-7942691-4281134,FBO67811,B06VV5QB6Q,X001Q1TZWJ,"Fossil Analog Black Dial Men's Watch-FS5308 Stainless Steel, Black Strap",1,DEL2,SELLABLE,APPAREL_TOO_LARGE,LPNDEL2R69948629,Large size and not clean.. look like any one use this
2026-06-03T04:59:46+00:00,406-3107355-5158704,FBS79040,B0CCHKHCTD,X00284BTDL,Emporio Armani Analog Gray Dial Men's Ceramic Watch-Ar70010,1,DEL2,SELLABLE,FOUND_BETTER_PRICE,LPNDEL2R70599312,
2026-06-03T04:42:40+00:00,402-4578097-6320348,FBS66974,B008AXYWHQ,X00284E6DB,Fossil Nate Chronograph Analog Black Dial Grey Band Men's Stainless Steel Watch - JR1401,1,HYD8,SELLABLE,APPAREL_TOO_LARGE,LPNHYD8EI53978,
2026-06-03T04:37:14+00:00,402-6531431-9526721,FBS79627,B0DKJHSD8R,X00284AM3J,Armani Exchange Analog Gray Dial Men's Stainless Steel Watch-AX4184,1,DEL2,SELLABLE,UNDELIVERABLE_UNKNOWN,LPNDEL2R70016279,
2026-06-03T04:09:08+00:00,408-1525581-7501943,FBS70769,B07M7P7VLX,X00284ALD5,Fossil Women's Analog Watch (Black),1,BLR5,SELLABLE,QUALITY_UNACCEPTABLE,LPNBLR5P8614507,The chronograph is not working
2026-06-03T04:06:17+00:00,407-4883353-9733154,FBA79929,B0FTMLYC74,X002FTZ7NR,Fossil Carlie Multicolor Quartz Stainless Steel Watch ES5439,1,BLR5,SELLABLE,UNDELIVERABLE_REFUSED,LPNBLR5P6694272,
2026-06-02T16:50:30+00:00,171-2449062-4168323,FBS67801,B00HVBJ6W4,X00284BSYV,Fossil Riley Analog White & Beige Dial Women's Watch -ES3466,1,BLR5,DAMAGED,UNDELIVERABLE_REFUSED,LPNBLR5P7681916,
2026-06-02T13:05:43+00:00,404-0744369-8597132,FBO70527,B00NVAWTLY,X001Q1Z6AJ,"Fossil Nate Analog Black Dial Men's Watch-JR1487 Genuine Leather, Brown Strap",1,BLR5,SELLABLE,UNDELIVERABLE_REFUSED,LPNBLR5P7685277,
2026-06-02T12:47:15+00:00,407-6389978-0681950,FBA79731,B0DSBQCZTK,X0029WZOYR,Armani Exchange Men Analogue Black Band Black Quartz Stainless Steel Watch AX2463,1,DEL2,SELLABLE,UNDELIVERABLE_REFUSED,LPNDEL2R69901609,
2026-06-02T12:47:04+00:00,402-0642259-2021135,FBS79637,B0DC64BD5R,X00284BXJL,Fossil Sport Tourer Black Quartz Leather Watch FS6086,1,CCX1,SELLABLE,DID_NOT_LIKE_COLOR,LPNCCX1B1982589,Did not like the color and the overall style
2026-06-02T12:08:31+00:00,408-8323297-2489142,FBA79746,B0DSBQDZNV,X0029WY6K5,Fossil Men Everett Silver Quartz Stainless Steel Blue Dial Analog Watch FS6104,1,BLR5,CUSTOMER_DAMAGED,QUALITY_UNACCEPTABLE,LPNBLR5P7744442,
2026-06-02T11:28:54+00:00,403-2112133-1233965,FBA79349,B0D9KDQCCM,X0028X0MRL,Nexlev Portable Sewing Machine| 2 Speed Settings| Cordless| Battery operated| USB Type C cord for Plug-in| Quick Fix DIY|Portable & Compact| for all Fabrics| 1 Year Warranty| White,1,BLR5,CUSTOMER_DAMAGED,NOT_COMPATIBLE,LPNBLR5P7556919,
2026-06-02T11:21:09+00:00,406-6301129-8859544,FBS74257,B079XB5RXH,X00284BSYB,Michael Kors Ritz Analogue Women's Watch (Rose Gold Dial Rose Gold Colored Strap),1,BOM4,SELLABLE,UNDELIVERABLE_REFUSED,LPNBOM4N41034468,
2026-06-02T11:03:08+00:00,408-0211952-4502752,FBA78013,B0BQ34TRDX,X001Q7B2B5,Fossil Raquel Analog White Dial Women's Watch-Es5271 - Stainless Steel,1,DEL2,SELLABLE,APPAREL_STYLE,LPNDEL2R69805327,Small dial than expected
2026-06-02T11:03:08+00:00,408-0211952-4502752,FBA79631,B0DJ2WKCPD,X00266RWJV,Fossil Women's Harlow Pink Quartz Analog Stainless Steel Watch ES5386,1,DEL2,SELLABLE,APPAREL_STYLE,LPNDEL2R69805326,Band size looks very big on me
2026-06-02T10:58:05+00:00,407-6234267-2745920,FBS66974,B008AXYWHQ,X00284E6DB,Fossil Nate Chronograph Analog Black Dial Grey Band Men's Stainless Steel Watch - JR1401,1,BOM4,SELLABLE,APPAREL_TOO_LARGE,LPNBOM4N40836575,Dial is little bit big in compare to wrist
2026-06-02T10:34:51+00:00,404-6759777-3016329,FBS79638,B0DC674ZNR,X00284BTTZ,Fossil Sport Tourer Black Quartz Silicone Watch FS6087,1,BLR5,SELLABLE,POOR_FIT,LPNBLR5P7684930,Size did not fit my hand
2026-06-02T10:05:07+00:00,402-0166095-0592325,FBA72564,B07LDJJ4JP,X0014OD9OX,Saregama Carvaan Mini 2.0 Tamil- Music Player with Bluetooth/FM/AM/AUX (Sunset Red),1,BLR5,SELLABLE,UNDELIVERABLE_REFUSED,LPNBLR5P6928806,
2026-06-02T07:40:45+00:00,403-4678491-6033112,FBO75077,B08QVCPDVT,X001Q1WV3T,Fossil Neutra Silver Watch FS5792,1,CCX1,SELLABLE,FOUND_BETTER_PRICE,LPNCCX1B5397857,
2026-06-02T07:02:55+00:00,403-5785150-0957901,FBA80093,B00H2ZDX00,X002J9G82H,Fossil End of Season Dean Analog Off-White Dial Men's Watch - FS4867,1,BOM4,SELLABLE,DEFECTIVE,LPNBOM4N41034223,
2026-06-02T05:57:50+00:00,171-5812173-7678739,FBS67801,B00HVBJ6W4,X00284BSYV,Fossil Riley Analog White & Beige Dial Women's Watch -ES3466,1,CCX1,SELLABLE,UNDELIVERABLE_REFUSED,LPNCCX1B4612169,
