snapshot-date,sku,fnsku,asin,product-name,condition,available,fc-transfer,pending-removal-quantity,inv-age-0-to-90-days,inv-age-91-to-180-days,inv-age-181-to-270-days,inv-age-271-to-365-days,inv-age-365-plus-days,currency,qty-to-be-charged-ltsf-5-mo,projected-ltsf-5-mo,qty-to-be-charged-ltsf-12-mo,estimated-ltsf-next-charge,units-shipped-t7,units-shipped-t30,units-shipped-t60,units-shipped-t90,alert,your-price,sales-price,lowest-price-new-plus-shipping,lowest-price-used,recommended-action,healthy-inventory-level,recommended-sales-price,recommended-sale-duration-days,recommended-removal-quantity,estimated-cost-savings-of-recommended-actions,sell-through,item-volume,volume-unit-measurement,storage-type,storage-volume,marketplace,product-group,sales-rank,days-of-supply,estimated-excess-quantity,weeks-of-cover-t30,weeks-of-cover-t90,featuredoffer-price,sales-shipped-last-7-days,sales-shipped-last-30-days,sales-shipped-last-60-days,sales-shipped-last-90-days,inv-age-0-to-30-days,inv-age-31-to-60-days,inv-age-61-to-90-days,inv-age-91-to-150-days,inv-age-151-to-180-days,inv-age-181-to-330-days,inv-age-331-to-365-days,estimated-storage-cost-next-month,inbound-quantity,inbound-working,inbound-shipped,inbound-received,Total Reserved Quantity,unfulfillable-quantity,Inventory age snapshot date,Inventory Supply at FBA,Reserved FC Processing,Reserved Customer Order,Total Days of Supply (including units from open shipments)
2026-07-16,FBA79730,X0029X1643,B0DSBN63D1,,New,5,0,0,5,0,0,0,0,INR,0,0.0,0,0.0,0,1,2,5,Low traffic,10847.0,0.0,10847.0,0.0,NoRestockExcessActionRequired,0,0.0,0,0,35944.68,1.33,7.28E-4,cubic meter,,0.003641,IN,,18934,,0,20,13,10847.0,0.0,9192.37,18384.74,44648.29,0,4,1,0,0,0,0,5.88,0,0,0,0,0,0,2026-07-14,5,0,0,
2026-07-16,FBA79754,X0029WXVCJ,B0DSBQYVSM,,New,12,0,0,3,9,0,0,0,INR,1,40.29,0,0.0,1,5,6,8,,14495.0,0.0,14495.0,0.0,NoRestockExcessActionRequired,0,14490.0,52,0,121132.41,0.52,0.00175,cubic meter,,0.020995,IN,,3594,,12,9,19,14495.0,12283.9,61419.5,73702.55,98268.66,2,1,0,9,0,0,0,338.26,0,0,0,0,0,0,2026-07-14,12,0,0,
2026-07-16,FBA79865,X002E9H8IF,B0FFDSN4S1,,New,1,0,0,1,1,0,0,0,INR,0,0.0,0,0.0,0,1,2,2,Low traffic,12596.0,0.0,12596.0,0.0,NoRestockExcessActionRequired,0,0.0,0,0,6097.45,0.8,7.34E-4,cubic meter,,7.34E-4,IN,,27174,,1,8,13,12596.0,0.0,10674.58,21350.0,21350.0,1,0,0,1,0,0,0,1.16,1,1,0,0,0,0,2026-07-14,2,0,0,
2026-07-16,FBS79498,X00284ALX5,B0D9363BB2,,New,2,0,0,2,1,0,0,0,INR,1,102.48,0,0.0,1,1,1,1,Low traffic,18494.0,0.0,18494.0,0.0,NoRestockExcessActionRequired,0,0.0,0,0,22879.7,0.31,0.004451,cubic meter,,0.008902,IN,,11580,,2,8,26,18494.0,15672.88,15672.88,15672.88,15672.88,0,2,0,0,1,0,0,186.28,0,0,0,0,1,1,2026-07-14,2,1,0,
2026-07-16,FBA79324,X001ZBCE6J,B0CRCZ8TGK,,New,24,0,0,24,0,0,0,0,INR,0,0.0,0,0.0,0,0,1,15,Low traffic,11995.0,0.0,11995.0,0.0,NoRestockExcessActionRequired,24,0.0,0,0,22.1,0.8,0.001845,cubic meter,,0.044292,IN,,17680,,0,,20,11995.0,0.0,0.0,10163.56,152453.4,0,12,12,0,0,0,0,66.14,0,0,0,0,0,0,2026-07-14,24,0,0,
2026-07-16,FBA79418,X002164W7V,B0CYMWQCKL,,New,4,0,0,4,0,0,0,0,INR,0,0.0,0,0.0,0,4,5,9,Low traffic,14494.0,0.0,14494.0,0.0,CreateShippingPlan,0,14490.0,52,0,36546.93,1.64,0.001038,cubic meter,,0.004153,IN,,14369,,0,4,5,14494.0,0.0,49132.21,61414.41,110546.61,3,0,1,0,0,0,0,6.7,0,0,0,0,0,0,2026-07-14,4,0,0,
2026-07-16,FBS79335,X00284BTGX,B0CRD1DRXG,,New,11,0,0,4,7,0,0,0,INR,0,0.0,0,0.0,0,5,8,12,,21994.0,0.0,21994.0,0.0,NoRestockExcessActionRequired,4,0.0,0,0,27291.26,0.8,0.001845,cubic meter,,0.020298,IN,,11792,,7,8,11,21994.0,0.0,93197.47,149114.41,223670.33,1,3,0,7,0,0,0,31.75,0,0,0,0,0,0,2026-07-14,11,0,0,
2026-07-16,FBA79145,X001WI622R,B0CJ6ZW8F6,,New,8,0,0,8,0,0,0,0,INR,0,0.0,0,0.0,0,4,6,9,,11994.0,0.0,11994.0,0.0,NoRestockExcessActionRequired,0,11990.0,52,0,63148.6,1.0,0.001295,cubic meter,,0.010356,IN,,3543,,0,9,13,11994.0,0.0,40657.62,60984.74,91475.42,3,2,3,0,0,0,0,16.72,1,1,0,0,0,0,2026-07-14,9,0,0,
2026-07-16,FBA79867,X002E9HHJ5,B0FFDM5QJX,,New,3,0,0,3,0,0,0,0,INR,0,0.0,0,0.0,1,3,3,3,Low traffic,12597.0,0.0,12597.0,0.0,NoRestockExcessActionRequired,0,0.0,0,0,12274.83,0.63,7.21E-4,cubic meter,,0.002164,IN,,15523,,0,4,13,12597.0,10675.42,32026.26,32026.26,32026.26,1,2,0,0,0,0,0,45.32,0,0,0,0,0,0,2026-07-14,3,0,0,
2026-07-16,FBA79871,X002E9F71F,B0FFD8Q4K6,,New,1,0,0,0,0,1,0,0,INR,0,0.0,0,0.0,0,0,0,0,Low traffic,12495.0,0.0,12495.0,0.0,Advertise listing,0,12490.0,52,0,6616.19,0.0,7.21E-4,cubic meter,,7.21E-4,IN,,41035,,1,,,12495.0,0.0,0.0,0.0,0.0,0,0,0,0,0,1,0,15.06,0,0,0,0,0,0,2026-07-14,1,0,0,
2026-07-16,FBA79926,X002FTL9KH,B0FRWJ5N3P,,New,3,0,0,3,0,2,0,0,INR,2,47.2,0,0.0,0,0,0,0,Low traffic,15994.0,0.0,15994.0,0.0,Advertise listing,0,0.0,0,0,23607.96,0.0,7.21E-4,cubic meter,,0.002164,IN,,47968,,3,,,15994.0,0.0,0.0,0.0,0.0,0,3,0,0,0,2,0,45.3,0,0,0,0,2,0,2026-07-14,3,2,0,
2026-07-16,FBA79755,X0029WYD6H,B0DSBRWZ8N,,New,17,0,0,15,2,0,0,0,INR,0,0.0,0,0.0,1,5,6,12,Low traffic,12994.0,0.0,12994.0,0.0,NoRestockExcessActionRequired,4,12990.0,52,0,23376.53,0.68,6.42E-4,cubic meter,,0.010906,IN,,10938,,13,13,18,12994.0,11011.86,55059.3,66070.32,132141.48,2,5,8,2,0,0,0,17.19,0,0,0,0,0,0,2026-07-14,17,0,0,
2026-07-16,FBA79886,X002E9F79H,B0FKBW8L5H,,New,2,0,0,0,0,0,2,0,INR,1,23.6,0,0.0,,,,,Low traffic,16395.0,0.0,16395.0,0.0,Create removal order,0,0.0,0,0,4693.39,0.0,8.28E-4,cubic meter,,0.001655,IN,,,,2,,,16395.0,,,,,0,0,0,0,0,2,0,34.7,0,0,0,0,0,0,2026-07-14,2,0,0,
2026-07-16,FBS67801,X00284BSYV,B00HVBJ6W4,,New,412,1,0,420,0,0,0,0,INR,0,0.0,0,0.0,45,190,330,499,,9447.0,0.0,9447.0,0.0,NoRestockExcessActionRequired,413,0.0,0,0,0.0,1.74,0.001406,cubic meter,,0.57936,IN,,1103,,0,9,11,9447.0,301860.07,1319662.51,2352365.76,3651597.31,334,86,0,0,0,0,0,790.68,16,0,15,1,1,1,2026-07-14,429,1,0,
2026-07-16,FBA79741,X0029WWSZF,B0DSBPPPJ9,,New,2,0,0,2,0,0,0,0,INR,0,0.0,0,0.0,2,3,5,5,Low traffic,12947.0,0.0,12947.0,0.0,CreateShippingPlan,0,0.0,0,0,6797.37,1.82,6.21E-4,cubic meter,,0.001242,IN,,6866,,0,2,5,12947.0,21944.06,32916.09,54860.16,54860.16,2,0,0,0,0,0,0,13.97,0,0,0,0,0,0,2026-07-14,2,0,0,
2026-07-16,FBA79931,X002FTW62R,B0FTMMNCK7,,New,12,0,0,12,0,0,0,0,INR,0,0.0,0,0.0,3,7,13,16,Low traffic,15994.0,0.0,15994.0,0.0,NoRestockExcessActionRequired,3,15990.0,48,0,48538.45,1.36,0.001785,cubic meter,,0.021421,IN,,4835,,0,6,9,15994.0,40662.72,94879.68,176201.7,216864.42,9,2,1,0,0,0,0,33.47,0,0,0,0,0,0,2026-07-14,12,0,0,
2026-07-16,FBS79421,X00284BTNV,B0CZ8ZKPJ9,,New,9,0,0,9,0,0,0,0,INR,0,0.0,0,0.0,4,9,19,26,Low traffic,11196.0,0.0,11196.0,0.0,CreateShippingPlan,9,0.0,0,0,86.88,2.36,7.05E-4,cubic meter,,0.006345,IN,,2863,,0,4,4,11196.0,37952.56,85393.26,178920.42,242626.38,9,0,0,0,0,0,0,9.35,0,0,0,0,1,0,2026-07-14,9,0,1,
2026-07-16,FBA80062,X002IPZ9WR,B0GDHZ3899,,New,1,0,0,0,1,0,0,0,INR,0,0.0,0,0.0,,,,,Low traffic,18495.0,0.0,18495.0,0.0,Advertise listing,0,0.0,0,0,549.18,0.0,9.13E-4,cubic meter,,9.13E-4,IN,,,,1,,,18495.0,,,,,0,0,0,1,0,0,0,19.05,0,0,0,0,0,0,2026-07-14,1,0,0,
2026-07-16,FBS79556,X00284EZ91,B0D955YGX7,,New,6,0,0,5,0,0,0,0,INR,0,0.0,0,0.0,2,8,11,18,Low traffic,14697.0,0.0,14697.0,0.0,CreateShippingPlan,0,0.0,0,0,50761.81,6.0,7.78E-4,cubic meter,,0.004668,IN,,11770,,0,3,4,14697.0,24910.16,99640.64,137005.88,224191.44,5,0,0,0,0,0,0,7.35,0,0,0,0,0,0,2026-07-14,6,0,0,
2026-07-16,FBA72563,X0014OCBZL,B07RMH1BMS,,New,12,0,0,0,32,0,0,0,INR,31,731.6,0,0.0,5,10,24,46,Low traffic,2490.0,0.0,2490.0,0.0,CreateShippingPlan,12,0.0,0,0,0.0,0.88,8.74E-4,cubic meter,,0.010483,IN,,23931,,0,4,3,2490.0,10529.65,21044.9,50587.23,97010.91,0,0,0,3,29,0,0,36.32,0,0,0,0,20,0,2026-07-14,12,20,0,
2026-07-16,FBA79526,X00241X1IT,B0D9574DPS,,New,7,1,0,3,5,0,0,0,INR,0,0.0,0,0.0,2,8,11,12,Low traffic,10796.0,0.0,10796.0,0.0,CreateShippingPlan,0,0.0,0,0,61531.72,0.83,0.00183,cubic meter,,0.01281,IN,,10328,,8,3,7,10796.0,18297.46,73187.29,100633.06,112066.12,1,0,2,5,0,0,0,58.74,0,0,0,0,0,0,2026-07-14,8,0,0,
2026-07-16,FBA79928,X002FTTD5F,B0FTMRC37L,,New,8,0,0,8,0,0,0,0,INR,0,0.0,0,0.0,4,10,17,21,Low traffic,11995.0,0.0,11995.0,0.0,CreateShippingPlan,0,0.0,0,0,64976.6,3.65,0.001785,cubic meter,,0.014281,IN,,7532,,0,3,4,11995.0,40661.01,101652.54,172809.32,213470.36,8,0,0,0,0,0,0,23.05,0,0,0,0,0,0,2026-07-14,8,0,0,
2026-07-16,FBA79750,X0029WZOS3,B0DSBPT3J3,,New,8,0,0,9,0,0,0,0,INR,0,0.0,0,0.0,0,0,4,6,Low traffic,14494.0,0.0,14494.0,0.0,NoRestockExcessActionRequired,0,0.0,0,0,56869.73,0.96,6.58E-4,cubic meter,,0.005266,IN,,15628,,0,,17,14494.0,0.0,0.0,49130.5,73698.3,3,0,6,0,0,0,0,8.5,0,0,0,0,1,0,2026-07-14,8,0,1,
2026-07-16,FBA79748,X0029WWIJL,B0DSBSGK17,,New,30,0,0,30,0,0,0,0,INR,0,0.0,0,0.0,3,16,36,47,,15994.0,0.0,15994.0,0.0,NoRestockExcessActionRequired,30,0.0,0,0,0.0,1.48,0.001801,cubic meter,,0.054029,IN,,4675,,0,8,9,15994.0,40662.72,216867.84,487939.83,637033.04,15,11,4,0,0,0,0,78.35,4,0,4,0,0,0,2026-07-14,34,0,0,
2026-07-16,FBA80045,X002IPG9UX,B0GF7GZ4K7,,New,3,2,0,4,0,0,0,0,INR,0,0.0,0,0.0,1,9,11,12,Low traffic,10122.0,0.0,10122.0,0.0,CreateShippingPlan,0,0.0,0,0,32405.4,2.82,5.81E-4,cubic meter,,0.001743,IN,,8862,,0,3,7,10122.0,8005.93,72053.38,88065.25,99501.69,4,0,0,0,0,0,0,15.93,4,3,1,0,0,0,2026-07-14,9,0,0,
2026-07-16,FBA77981,X001Q74M5X,B0BQZG6C28,,New,1,0,0,0,0,0,0,1,INR,0,0.0,0,0.0,,,,,Low traffic,13197.0,0.0,13197.0,0.0,Create removal order,0,0.0,0,0,4330.68,0.0,0.003151,cubic meter,,0.003151,IN,,,,1,,,13197.0,,,,,0,0,0,0,0,0,0,126.99,0,0,0,0,0,0,2026-07-14,1,0,0,
2026-07-16,FBA80026,X002IPB1XX,B0GDXN1QGR,,New,6,0,0,0,6,0,0,0,INR,0,0.0,0,0.0,0,0,0,1,Low traffic,19995.0,0.0,19995.0,0.0,Advertise listing,0,19990.0,52,0,45334.75,0.16,7.21E-4,cubic meter,,0.004327,IN,,50500,,6,,78,19995.0,0.0,0.0,0.0,14826.27,0,0,0,6,0,0,0,90.68,0,0,0,0,0,0,2026-07-14,6,0,0,
2026-07-16,FBA79555,X00241X1L1,B0D9564Z9T,,New,1,0,0,1,0,0,0,0,INR,0,0.0,0,0.0,2,4,5,7,Low traffic,9597.0,0.0,9597.0,0.0,CreateShippingPlan,,,0,0,,2.33,7.52E-4,cubic meter,,7.52E-4,IN,,10315,,0,2,3,9597.0,16266.1,32532.2,40666.1,61001.7,1,0,0,0,0,0,0,,1,1,0,0,0,0,2026-07-14,2,0,0,
2026-07-16,FBA74835,X001FZ7WMV,B08V3TK36Z,,New,1,0,0,1,0,0,0,0,INR,0,0.0,0,0.0,0,3,3,3,Low traffic,19595.0,0.0,19595.0,0.0,NoRestockExcessActionRequired,,,0,0,,12.0,0.001937,cubic meter,,0.001937,IN,,16153,,0,4,13,19597.0,0.0,47449.16,47449.16,47449.16,1,0,0,0,0,0,0,,2,1,1,0,0,0,2026-07-14,3,0,0,
2026-07-16,FBA79030,X001UXYRM1,B0C7WKTMFC,,New,6,0,0,4,0,2,0,0,INR,2,47.2,0,0.0,0,0,1,3,Low traffic,20495.0,0.0,20495.0,0.0,NoRestockExcessActionRequired,0,20490.0,52,0,72174.7,0.5,7.6E-4,cubic meter,,0.004559,IN,,26734,,6,,26,20495.0,0.0,0.0,17368.64,52104.24,0,3,1,0,0,2,0,51.45,0,0,0,0,0,0,2026-07-14,6,0,0,
2026-07-16,FBA79863,X002E9F6VB,B0FFJ939GQ,,New,3,0,0,3,0,0,0,0,INR,0,0.0,0,0.0,0,0,1,2,Low traffic,15994.0,0.0,15994.0,0.0,NoRestockExcessActionRequired,0,0.0,0,0,26660.38,1.14,0.001038,cubic meter,,0.003115,IN,,29492,,0,,19,15994.0,0.0,0.0,13554.24,27108.48,2,1,0,0,0,0,0,25.12,0,0,0,0,0,0,2026-07-14,3,0,0,
2026-07-16,FBA79924,X002FTVSYJ,B0FRV4KDN4,,New,2,0,0,0,3,0,0,0,INR,2,83.54,0,0.0,0,0,0,0,Low traffic,15994.0,0.0,15994.0,0.0,Advertise listing,0,0.0,0,0,16448.01,0.0,0.001814,cubic meter,,0.003629,IN,,38260,,2,,,15994.0,0.0,0.0,0.0,0.0,0,0,0,1,2,0,0,75.85,0,0,0,0,1,0,2026-07-14,2,1,0,
2026-07-16,FBA80036,X002IPBUST,B07SXDRFK2,,New,4,0,0,0,4,0,0,0,INR,0,0.0,0,0.0,,,,,Low traffic,20495.0,0.0,20495.0,0.0,Advertise listing,0,0.0,0,0,7623.88,0.0,9.59E-4,cubic meter,,0.003837,IN,,,,4,,,20495.0,,,,,0,0,0,4,0,0,0,80.31,0,0,0,0,0,0,2026-07-14,4,0,0,
2026-07-16,FBS79424,X00284BO5T,B0CZ9BTN24,,New,3,0,0,3,0,0,0,0,INR,0,0.0,0,0.0,0,0,0,0,Low traffic,18495.0,0.0,18495.0,0.0,Advertise listing,0,0.0,0,0,39841.94,0.0,9.52E-4,cubic meter,,0.002857,IN,,47167,,0,,,18495.0,0.0,0.0,0.0,0.0,0,0,3,0,0,0,0,4.61,0,0,0,0,0,0,2026-07-14,3,0,0,
2026-07-16,FBA79889,X002E9HB3H,B0FKBVB3YH,,New,2,0,0,1,0,1,0,0,INR,1,41.45,0,0.0,0,0,1,2,Low traffic,16097.0,0.0,16097.0,0.0,NoRestockExcessActionRequired,0,0.0,0,0,8175.48,0.89,0.0018,cubic meter,,0.0036,IN,,32496,,2,,13,16097.0,0.0,0.0,13641.53,33128.82,0,1,0,0,0,1,0,33.92,0,0,0,0,0,0,2026-07-14,2,0,0,
2026-07-16,FBS79513,X00284AM6V,B0D853Y52R,,New,9,0,0,9,0,0,0,0,INR,0,0.0,0,0.0,0,1,5,13,Low traffic,15993.0,0.0,15993.0,0.0,NoRestockExcessActionRequired,0,0.0,0,0,28511.88,1.53,7.25E-4,cubic meter,,0.006529,IN,,7768,,0,36,9,15993.0,0.0,13553.39,67766.93,176199.15,2,5,2,0,0,0,0,41.53,0,0,0,0,0,0,2026-07-14,9,0,0,
2026-07-16,FBS79504,X00284BTH7,B0D935TWSR,,New,2,0,0,0,2,0,0,0,INR,0,0.0,0,0.0,0,1,2,2,Low traffic,16796.0,0.0,16796.0,0.0,NoRestockExcessActionRequired,0,0.0,0,0,21099.45,0.62,0.001038,cubic meter,,0.002077,IN,,24642,,2,8,13,16796.0,0.0,14233.9,30840.68,30840.68,0,0,0,2,0,0,0,3.35,0,0,0,0,0,0,2026-07-14,2,0,0,
2026-07-16,FBA79757,X0029WZAFF,B0DSBQ8JV7,,New,1,0,0,0,0,0,1,0,INR,0,0.0,0,0.0,0,1,1,1,Low traffic,14347.0,0.0,14347.0,0.0,NoRestockExcessActionRequired,0,0.0,0,0,10671.84,0.57,0.001953,cubic meter,,0.001953,IN,,71675,,1,4,13,14347.0,0.0,12158.47,12158.47,12158.47,0,0,0,0,0,1,0,40.77,0,0,0,0,0,0,2026-07-14,1,0,0,
2026-07-16,FBA79868,X002E9IE9R,B0FFD4KBM7,,New,11,0,0,11,0,0,0,0,INR,0,0.0,0,0.0,0,0,3,7,Low traffic,12494.0,0.0,12494.0,0.0,NoRestockExcessActionRequired,0,0.0,0,0,93951.42,1.0,0.001786,cubic meter,,0.019648,IN,,22302,,0,,20,12494.0,0.0,0.0,27531.35,65651.68,0,8,3,0,0,0,0,31.72,0,0,0,0,0,0,2026-07-14,11,0,0,
2026-07-16,FBA80070,X002IPSPHD,B0GF7BLQ27,,New,5,0,0,5,0,0,0,0,INR,0,0.0,0,0.0,1,10,15,16,Low traffic,14995.0,0.0,14995.0,0.0,NoRestockExcessActionRequired,0,0.0,0,0,34796.49,6.4,0.00175,cubic meter,,0.00875,IN,,8958,,0,4,8,14995.0,12707.63,127076.27,190614.42,203322.05,5,0,0,0,0,0,0,14.12,6,5,1,0,0,0,2026-07-14,11,0,0,
2026-07-16,FBS79425,X00284BO59,B0CZ9HTWNC,,New,4,0,0,0,4,0,0,0,INR,3,70.8,0,0.0,1,1,1,2,Low traffic,12947.0,0.0,12946.0,0.0,NoRestockExcessActionRequired,0,0.0,0,0,38550.8,0.4,9.56E-4,cubic meter,,0.003826,IN,,9899,,4,16,26,12946.0,10970.34,10970.34,10970.34,21941.53,0,0,0,0,4,0,0,80.11,0,0,0,0,0,0,2026-07-14,4,0,0,
2026-07-16,FBS79432,X00284BTOP,B0CZ8X8CBD,,New,3,0,0,0,4,1,0,0,INR,4,94.4,0,0.0,0,0,0,0,Low traffic,18396.0,0.0,18396.0,0.0,Advertise listing,0,0.0,0,0,24941.21,0.0,5.81E-4,cubic meter,,0.001743,IN,,36420,,3,,,18396.0,0.0,0.0,0.0,0.0,0,0,0,0,4,1,0,36.49,0,0,0,0,2,0,2026-07-14,3,2,0,
2026-07-16,FBA80229,X002MRB70T,B07SYSQJDN,,New,0,2,0,2,0,0,0,0,INR,0,0.0,0,0.0,,,,,Low traffic,20495.0,0.0,20495.0,0.0,NoRestockExcessActionRequired,,,0,0,,0.0,9.01E-4,cubic meter,,0.0,IN,,,,0,,,20495.0,,,,,2,0,0,0,0,0,0,,0,0,0,0,0,0,2026-07-14,2,0,0,
2026-07-16,FBA80035,X002IPF9HH,B07SV6Q9QX,,New,2,0,0,2,0,0,0,0,INR,0,0.0,0,0.0,,,,,Low traffic,24495.0,0.0,24495.0,0.0,Advertise listing,0,0.0,0,0,3064.5,0.0,9.57E-4,cubic meter,,0.001914,IN,,,,0,,,24495.0,,,,,0,0,2,0,0,0,0,3.09,0,0,0,0,0,0,2026-07-14,2,0,0,
2026-07-16,FBA79916,X002FTZJCV,B0FTL6QH21,,New,2,0,0,2,0,0,0,0,INR,0,0.0,0,0.0,0,4,6,7,Low traffic,19995.0,0.0,19995.0,0.0,CreateShippingPlan,0,0.0,0,0,21502.59,3.5,0.001815,cubic meter,,0.00363,IN,,12578,,0,3,5,19995.0,0.0,67779.68,101669.52,118614.44,2,0,0,0,0,0,0,5.85,1,1,0,0,0,0,2026-07-14,3,0,0,
2026-07-16,FBA80051,X002IPE9YL,B0GF7BSTKP,,New,3,0,0,3,0,0,0,0,INR,0,0.0,0,0.0,,,,,Low traffic,20495.0,0.0,20495.0,0.0,Advertise listing,0,0.0,0,0,4935.97,0.0,8.93E-4,cubic meter,,0.002679,IN,,,,0,,,20495.0,,,,,0,0,3,0,0,0,0,4.32,0,0,0,0,0,0,2026-07-14,3,0,0,
2026-07-16,FBA80065,X002IPHK8X,B0GDJLX2MP,,New,2,0,0,1,1,0,0,0,INR,0,0.0,0,0.0,,,,,Low traffic,18495.0,0.0,18495.0,0.0,Advertise listing,0,0.0,0,0,2383.69,0.0,9.41E-4,cubic meter,,0.001882,IN,,,,2,,,18495.0,,,,,1,0,0,1,0,0,0,21.24,0,0,0,0,0,0,2026-07-14,2,0,0,
2026-07-16,FBA80060,X002IPTBX5,B0GDJNQ5K8,,New,2,0,0,2,0,0,0,0,INR,0,0.0,0,0.0,0,0,1,2,Low traffic,14495.0,0.0,14495.0,0.0,NoRestockExcessActionRequired,0,0.0,0,0,2023.26,1.0,9.41E-4,cubic meter,,0.001882,IN,,46905,,0,,13,14495.0,0.0,0.0,12283.9,24567.8,0,0,2,0,0,0,0,21.24,0,0,0,0,0,0,2026-07-14,2,0,0,
2026-07-16,FBS79426,X00284BTLD,B0CZ93JG5X,,New,2,0,0,2,0,0,0,0,INR,0,0.0,0,0.0,0,0,1,2,Low traffic,20495.0,0.0,20495.0,0.0,CreateShippingPlan,0,0.0,0,0,22962.71,0.89,0.001815,cubic meter,,0.003631,IN,,25645,,0,,13,20495.0,0.0,0.0,17368.64,34737.28,0,1,1,0,0,0,0,5.85,0,0,0,0,0,0,2026-07-14,2,0,0,
2026-07-16,FBS79224,X00284AM4D,B0CFBCTN93,,New,13,0,0,13,0,0,0,0,INR,0,0.0,0,0.0,0,1,2,6,,20995.0,0.0,20995.0,0.0,NoRestockExcessActionRequired,5,20990.0,48,0,28481.74,0.73,0.001815,cubic meter,,0.023592,IN,,9611,,0,52,28,20995.0,0.0,17792.37,35584.74,106750.84,0,9,4,0,0,0,0,37.24,0,0,0,0,0,0,2026-07-14,13,0,0,
2026-07-16,FBS66640,X00284BSJV,B00AFTTQ8I,,New,10,0,0,9,0,0,0,0,INR,0,0.0,0,0.0,12,53,87,105,,9096.0,0.0,9096.0,0.0,CreateShippingPlan,10,0.0,0,0,0.0,4.16,0.00186,cubic meter,,0.018604,IN,,2269,,0,2,4,9096.0,92505.89,408554.12,683880.32,882093.8,9,0,0,0,0,0,0,18.12,25,18,7,0,2,2,2026-07-14,35,0,2,
2026-07-16,FBA79631,X00266RWJV,B0DJ2WKCPD,,New,12,0,0,12,0,0,0,0,INR,0,0.0,0,0.0,1,4,11,21,Low traffic,13495.0,0.0,13495.0,0.0,CreateShippingPlan,4,0.0,0,0,19932.95,1.95,0.00162,cubic meter,,0.01944,IN,,4401,,0,12,7,13495.0,11436.44,45745.76,125790.67,240146.62,2,9,1,0,0,0,0,30.32,0,0,0,0,1,0,2026-07-14,12,1,0,
2026-07-16,FBA79478,X0028X7USZ,B0DB5W4TCP,,New,2,0,0,2,0,0,0,0,INR,0,0.0,0,0.0,0,0,0,1,Low conversion,1699.0,0.0,1649.0,0.0,CreateShippingPlan,2,0.0,0,0,0.0,0.8,0.033431,cubic meter,,0.066861,IN,,1547,,0,,26,1748.0,0.0,0.0,0.0,1524.58,0,2,0,0,0,0,0,27.18,0,0,0,0,0,0,2026-07-14,2,0,0,
2026-07-16,FBA72564,X0014OD9OX,B07LDJJ4JP,,New,12,0,0,2,43,0,0,0,INR,41,967.6,0,0.0,4,16,73,86,Low traffic,2490.0,0.0,2490.0,0.0,CreateShippingPlan,12,0.0,0,0,0.0,0.96,9.21E-4,cubic meter,,0.011053,IN,,5985,,0,3,1,2490.0,8437.28,33751.67,154030.21,181462.31,0,2,0,2,41,0,0,93.07,0,0,0,0,33,1,2026-07-14,12,30,3,
2026-07-16,FBA79885,X002E9CGYV,B0FJ2RND61,,New,13,0,0,13,0,0,0,0,INR,0,0.0,0,0.0,2,4,10,20,,19994.0,0.0,19994.0,0.0,NoRestockExcessActionRequired,13,0.0,0,0,0.0,1.45,5.77E-4,cubic meter,,0.007497,IN,,3259,,0,14,9,19994.0,33888.14,67777.12,169442.37,338883.02,0,11,2,0,0,0,0,9.94,1,0,1,0,0,0,2026-07-14,14,0,0,
2026-07-16,FBS75146,X002844WTT,B079DC27J5,,New,15,0,0,17,0,0,0,0,INR,0,0.0,0,0.0,0,3,8,12,Low traffic,12994.0,0.0,12994.0,0.0,NoRestockExcessActionRequired,0,12990.0,52,0,108992.21,1.45,5.83E-4,cubic meter,,0.008748,IN,,15670,,0,20,16,12994.0,0.0,33035.58,88091.52,132135.6,10,7,0,0,0,0,0,14.13,0,0,0,0,2,0,2026-07-14,15,0,2,
2026-07-16,FBS77066,X00284BX23,B07QSK7DHR,,New,3,0,0,3,0,0,0,0,INR,0,0.0,0,0.0,0,0,2,4,Low traffic,16494.0,0.0,16494.0,0.0,NoRestockExcessActionRequired,0,16490.0,52,0,18851.31,1.45,8.3E-4,cubic meter,,0.00249,IN,,31550,,0,,9,16494.0,0.0,0.0,27955.09,55911.02,1,2,0,0,0,0,0,4.01,0,0,0,0,0,0,2026-07-14,3,0,0,
2026-07-16,FBA79945,X002FTRP2D,B0FTL71V28,,New,2,0,0,2,0,0,0,0,INR,0,0.0,0,0.0,0,1,3,4,Low traffic,14495.0,0.0,14495.0,0.0,CreateShippingPlan,0,0.0,0,0,12900.14,1.78,0.001816,cubic meter,,0.003631,IN,,21817,,0,8,6,14495.0,0.0,12283.9,36851.7,49135.6,2,0,0,0,0,0,0,40.79,0,0,0,0,0,0,2026-07-14,2,0,0,
2026-07-16,FBA80028,X002IPBVFV,B0GDJ5HLRJ,,New,2,0,0,0,3,0,0,0,INR,0,0.0,0,0.0,0,0,1,1,Low traffic,12495.0,0.0,12495.0,0.0,NoRestockExcessActionRequired,0,0.0,0,0,1882.28,0.29,7.21E-4,cubic meter,,0.001442,IN,,54751,,2,,26,12495.0,0.0,0.0,10588.98,10588.98,0,0,0,3,0,0,0,30.18,0,0,0,0,1,0,2026-07-14,2,0,1,
2026-07-16,FBA79497,X00241X1LB,B0D936FLK4,,New,4,0,0,0,0,0,0,4,INR,0,0.0,3,143.44,0,0,0,0,Low traffic,19994.0,0.0,19994.0,0.0,Create removal order,0,0.0,0,0,34541.37,0.0,0.001038,cubic meter,,0.004153,IN,,77833,,4,,,19994.0,0.0,0.0,0.0,0.0,0,0,0,0,0,0,0,167.3,0,0,0,0,0,0,2026-07-14,4,0,0,
2026-07-16,FBA80050,X002IPBHGT,B0GF6XC1KP,,New,3,0,0,0,3,0,0,0,INR,0,0.0,0,0.0,,,,,Low traffic,18495.0,0.0,18495.0,0.0,Advertise listing,0,0.0,0,0,4604.61,0.0,8.12E-4,cubic meter,,0.002435,IN,,,,3,,,18495.0,,,,,0,0,0,3,0,0,0,50.94,0,0,0,0,0,0,2026-07-14,3,0,0,
2026-07-16,FBA80225,X002MRH89D,B0GTC9PS5Z,,New,0,2,0,2,0,0,0,0,INR,0,0.0,0,0.0,,,,,Low traffic,15494.0,0.0,15494.0,0.0,NoRestockExcessActionRequired,,,0,0,,0.0,0.001425,cubic meter,,0.0,IN,,,,0,,,15494.0,,,,,2,0,0,0,0,0,0,,0,0,0,0,0,0,2026-07-14,2,0,0,
2026-07-16,FBA79756,X0029WTIKD,B0DP5HM2ZR,,New,3,0,0,1,2,0,0,0,INR,0,0.0,0,0.0,0,1,2,2,Low traffic,12947.0,0.0,12947.0,0.0,NoRestockExcessActionRequired,0,0.0,0,0,15588.78,0.5,7.85E-4,cubic meter,,0.002355,IN,,23017,,3,12,19,12947.0,0.0,10972.04,21944.07,21944.07,0,1,0,2,0,0,0,18.93,0,0,0,0,0,0,2026-07-14,3,0,0,
2026-07-16,FBS79649,X00284AMCP,B0DJ2W8W79,,New,8,0,0,0,8,0,0,0,INR,1,23.6,0,0.0,0,0,5,7,Low traffic,20495.0,0.0,20495.0,0.0,NoRestockExcessActionRequired,0,0.0,0,0,100885.38,0.64,7.86E-4,cubic meter,,0.006288,IN,,19329,,8,,14,20495.0,0.0,0.0,86843.2,121580.48,0,0,0,8,0,0,0,25.24,0,0,0,0,0,0,2026-07-14,8,0,0,
2026-07-16,FBA79874,X002E9HB0Z,B0FJ2SSSZR,,New,3,0,0,2,1,0,0,0,INR,0,0.0,0,0.0,2,2,3,4,Low traffic,11197.0,0.0,11197.0,0.0,NoRestockExcessActionRequired,0,0.0,0,0,19375.03,0.94,5.77E-4,cubic meter,,0.00173,IN,,10362,,3,6,9,11197.0,18977.96,18977.96,28466.94,37955.92,0,2,0,1,0,0,0,25.04,0,0,0,0,0,0,2026-07-14,3,0,0,
2026-07-16,FBS74257,X00284BSYB,B079XB5RXH,,New,21,0,0,21,0,0,0,0,INR,0,0.0,0,0.0,1,7,16,30,,24494.0,0.0,24494.0,0.0,NoRestockExcessActionRequired,21,0.0,0,0,0.0,1.54,0.001771,cubic meter,,0.0372,IN,,7572,,0,12,9,24494.0,20757.62,145303.36,332115.23,622716.89,13,4,4,0,0,0,0,53.91,0,0,0,0,0,0,2026-07-14,21,0,0,
2026-07-16,FBS79031,X002844ZQ9,B0C89RHY4W,,New,8,0,0,7,1,0,0,0,INR,0,0.0,0,0.0,0,0,1,5,Low traffic,15994.0,0.0,15994.0,0.0,NoRestockExcessActionRequired,0,15990.0,52,0,35495.17,0.71,5.75E-4,cubic meter,,0.004597,IN,,27028,,10,,26,15994.0,0.0,0.0,13553.39,67770.35,0,3,4,1,0,0,0,7.42,2,0,2,0,0,0,2026-07-14,10,0,0,
2026-07-16,FBA79633,X00266GL6B,B0DJ2XHK2N,,New,23,1,0,21,0,0,0,0,INR,0,0.0,0,0.0,17,70,78,92,,11994.0,0.0,11994.0,0.0,NoRestockExcessActionRequired,24,0.0,0,0,0.0,11.15,0.001845,cubic meter,,0.042446,IN,,1693,,0,7,18,11994.0,172794.92,711511.74,792833.75,935147.3,21,0,0,0,0,0,0,20.46,109,90,19,0,2,1,2026-07-14,133,2,0,
2026-07-16,FBA80226,X002MRMKXH,B07SV6HR8T,,New,0,2,0,2,0,0,0,0,INR,0,0.0,0,0.0,,,,,Low traffic,13995.0,0.0,13995.0,0.0,NoRestockExcessActionRequired,,,0,0,,0.0,9.37E-4,cubic meter,,0.0,IN,,,,0,,,13995.0,,,,,2,0,0,0,0,0,0,,0,0,0,0,0,0,2026-07-14,2,0,0,
2026-07-16,FBA79934,X002FTVTL1,B0FTKNBJY4,,New,4,0,0,4,0,0,0,0,INR,0,0.0,0,0.0,1,1,4,4,Low traffic,11995.0,0.0,11995.0,0.0,NoRestockExcessActionRequired,0,0.0,0,0,23132.37,1.0,0.0018,cubic meter,,0.007199,IN,,5473,,0,16,13,11995.0,10165.26,10165.26,40659.32,40659.32,3,1,0,0,0,0,0,150.74,0,0,0,0,0,0,2026-07-14,4,0,0,
2026-07-16,FBA79496,X00241X1GV,B0D936CMG1,,New,1,0,0,1,0,0,0,0,INR,0,0.0,0,0.0,0,1,1,1,Low traffic,13997.0,0.0,13997.0,0.0,NoRestockExcessActionRequired,0,0.0,0,0,8590.23,2.0,0.001187,cubic meter,,0.001187,IN,,22489,,0,4,13,13997.0,0.0,11861.86,11861.86,11861.86,1,0,0,0,0,0,0,47.74,0,0,0,0,0,0,2026-07-14,1,0,0,
2026-07-16,FBA79861,X002E9CNCL,B0FFJ2583H,,New,3,0,0,2,0,1,0,0,INR,1,28.41,0,0.0,0,0,1,1,Low traffic,18495.0,0.0,18495.0,0.0,NoRestockExcessActionRequired,0,0.0,0,0,17705.39,0.29,0.001234,cubic meter,,0.003703,IN,,34231,,3,,39,18495.0,0.0,0.0,15673.73,15673.73,0,2,0,0,0,1,0,77.5,0,0,0,0,0,0,2026-07-14,3,0,0,
2026-07-16,FBS79312,X00284AJ73,B0CRT23BD5,,New,4,0,0,3,1,0,0,0,INR,0,0.0,0,0.0,0,0,1,3,Low traffic,22994.0,0.0,22994.0,0.0,NoRestockExcessActionRequired,0,22990.0,52,0,29950.17,0.86,0.001801,cubic meter,,0.007204,IN,,34885,,4,,17,22994.0,0.0,0.0,19485.6,58458.48,0,3,0,1,0,0,0,11.63,0,0,0,0,0,0,2026-07-14,4,0,0,
2026-07-16,FBA79935,X002FTXNC9,B0FTK3KCY6,,New,3,0,0,3,0,2,0,0,INR,2,85.57,0,0.0,0,0,1,1,Low traffic,11995.0,0.0,11995.0,0.0,NoRestockExcessActionRequired,0,0.0,0,0,25708.22,0.25,0.001858,cubic meter,,0.005575,IN,,38411,,3,,39,11995.0,0.0,0.0,10165.25,10165.25,0,3,0,0,0,2,0,116.69,0,0,0,0,2,0,2026-07-14,3,2,0,
2026-07-16,FBS79412,X00284AM1L,B07T3ZLNM3,,New,3,0,0,3,0,0,0,0,INR,0,0.0,0,0.0,0,1,2,4,Low traffic,21495.0,0.0,21495.0,0.0,NoRestockExcessActionRequired,0,0.0,0,0,39828.31,1.23,0.001859,cubic meter,,0.005578,IN,,17912,,0,20,16,21495.0,0.0,18216.1,36432.2,72864.4,1,1,1,0,0,0,0,9.0,2,0,2,0,0,0,2026-07-14,5,0,0,
2026-07-16,FBS79292,X00284BXI7,B0CRCTQH2C,,New,1,0,0,0,0,0,0,1,INR,0,0.0,0,0.0,0,0,0,0,Low traffic,20495.0,0.0,20495.0,0.0,Create removal order,0,0.0,0,0,10265.91,0.0,7.7E-4,cubic meter,,7.7E-4,IN,,46586,,1,,,20495.0,0.0,0.0,0.0,0.0,0,0,0,0,0,0,0,30.92,0,0,0,0,0,0,2026-07-14,1,0,0,
2026-07-16,FBA79735,X0029WTKSX,B0DSBR8G7Y,,,0,0,0,1,0,0,0,0,INR,0,0.0,0,0.0,0,1,3,8,,0.0,0.0,0.0,0.0,CreateShippingPlan,,,0,0,,4.57,7.2E-4,cubic meter,,0.0,IN,,22158,,0,0,0,14495.0,0.0,12283.9,36851.7,98266.95,1,0,0,0,0,0,0,,0,0,0,0,1,0,2026-07-14,0,1,0,
2026-07-16,FBA80034,X002IPGEIP,B0GDXBGXH2,,New,3,0,0,0,3,0,0,0,INR,0,0.0,0,0.0,0,1,1,1,Low traffic,13495.0,0.0,13495.0,0.0,NoRestockExcessActionRequired,0,0.0,0,0,6088.19,0.27,7.21E-4,cubic meter,,0.002164,IN,,23953,,3,12,39,13495.0,0.0,11436.44,11436.44,11436.44,0,0,0,3,0,0,0,45.3,0,0,0,0,0,0,2026-07-14,3,0,0,
2026-07-16,FBA80042,X002IPBGLZ,B0GF715X4M,,New,5,0,0,6,0,0,0,0,INR,0,0.0,0,0.0,0,4,5,5,Low traffic,15995.0,0.0,15995.0,0.0,NoRestockExcessActionRequired,0,0.0,0,0,42488.44,1.54,0.001757,cubic meter,,0.008783,IN,,17890,,0,8,20,15995.0,0.0,54220.32,67775.4,67775.4,6,0,0,0,0,0,0,82.14,3,3,0,0,0,0,2026-07-14,8,0,0,
2026-07-16,FBS79522,X00284AJ6T,B07SZSVT1F,,New,2,0,0,2,1,0,0,0,INR,0,0.0,0,0.0,0,0,0,3,Low traffic,12297.0,0.0,12297.0,0.0,NoRestockExcessActionRequired,0,0.0,0,0,2079.58,0.92,9.47E-4,cubic meter,,0.001894,IN,,40548,,2,,8,12297.0,0.0,0.0,0.0,36470.34,0,1,1,1,0,0,0,3.05,0,0,0,0,1,0,2026-07-14,2,0,1,
2026-07-16,FBS79422,X00284EZ9L,B0CZ91YKMP,,New,3,0,0,1,2,0,0,0,INR,0,0.0,0,0.0,0,3,3,3,Low traffic,9597.0,0.0,9597.0,0.0,NoRestockExcessActionRequired,0,0.0,0,0,15555.33,0.63,5.81E-4,cubic meter,,0.001743,IN,,19241,,4,5,17,9597.0,0.0,24396.6,24396.6,24396.6,1,0,0,2,0,0,0,2.81,1,0,1,0,0,0,2026-07-14,4,0,0,
2026-07-16,FBA80052,X002IPFBEN,B0GF7CZ53H,,New,4,0,0,2,2,0,0,0,INR,0,0.0,0,0.0,0,1,1,2,Low traffic,22994.0,0.0,22994.0,0.0,NoRestockExcessActionRequired,0,0.0,0,0,68983.43,0.53,0.002175,cubic meter,,0.008699,IN,,,,4,16,26,22994.0,0.0,19487.29,19487.29,38974.57,1,1,0,2,0,0,0,140.25,0,0,0,0,0,0,2026-07-14,4,0,0,
2026-07-16,FBA79525,X00241X19D,B0D954M6YQ,,New,4,0,0,6,0,0,0,0,INR,0,0.0,0,0.0,2,5,9,17,Low traffic,9446.0,0.0,9446.0,0.0,CreateShippingPlan,1,0.0,0,0,494.83,3.58,0.0018,cubic meter,,0.007201,IN,,9490,,0,4,4,9446.0,16011.86,40027.1,72048.28,131519.45,6,0,0,0,0,0,0,9.46,2,0,2,0,2,0,2026-07-14,6,1,1,
2026-07-16,FBA80243,X002MRGT57,B0GTC998R6,,New,0,2,0,2,0,0,0,0,INR,0,0.0,0,0.0,,,,,Low traffic,16495.0,0.0,16495.0,0.0,NoRestockExcessActionRequired,,,0,0,,0.0,7.6E-4,cubic meter,,0.0,IN,,,,0,,,16495.0,,,,,2,0,0,0,0,0,0,,0,0,0,0,0,0,2026-07-14,2,0,0,
2026-07-16,FBA79921,X002FTXMTN,B0FRVG8SR6,,New,6,0,0,5,0,1,0,0,INR,1,23.6,0,0.0,0,2,2,3,Low traffic,13996.0,0.0,13996.0,0.0,NoRestockExcessActionRequired,0,0.0,0,0,11020.46,0.41,7.21E-4,cubic meter,,0.004327,IN,,31777,,6,12,26,13996.0,0.0,23723.72,23723.72,40668.64,0,5,0,0,0,1,0,62.83,0,0,0,0,0,1,2026-07-14,6,0,0,
2026-07-16,FBA79919,X002FTXGZD,B0FTMMBT5P,,New,2,0,0,0,0,2,0,0,INR,1,31.97,0,0.0,0,0,0,1,Low traffic,17495.0,0.0,17495.0,0.0,NoRestockExcessActionRequired,0,0.0,0,0,13135.47,0.44,0.001389,cubic meter,,0.002777,IN,,44800,,2,,26,17495.0,0.0,0.0,0.0,14826.28,0,0,0,0,0,2,0,58.05,0,0,0,0,0,0,2026-07-14,2,0,0,
2026-07-16,FBA80039,X002IPES6P,B0GDZM3K6W,,New,6,0,0,6,0,0,0,0,INR,0,0.0,0,0.0,0,0,0,3,Low traffic,19995.0,0.0,19995.0,0.0,NoRestockExcessActionRequired,0,0.0,0,0,61493.68,0.8,0.001786,cubic meter,,0.010716,IN,,36584,,0,,26,19995.0,0.0,0.0,0.0,50834.76,0,6,0,0,0,0,0,86.39,0,0,0,0,0,0,2026-07-14,6,0,0,
2026-07-16,FBA79343,X001ZLT3PJ,B0CSK63BKG,,New,1,0,0,0,0,1,0,0,INR,0,0.0,0,0.0,0,1,2,2,Low traffic,10797.0,0.0,10797.0,0.0,CreateShippingPlan,0,0.0,0,0,5390.11,0.89,7.45E-4,cubic meter,,7.45E-4,IN,,28299,,1,4,6,10797.0,0.0,9150.0,18300.0,18300.0,0,0,0,0,0,1,0,15.55,0,0,0,0,0,0,2026-07-14,1,0,0,
2026-07-16,FBA80236,X002MRJZS5,B0GF7N3S44,,New,0,3,0,3,0,0,0,0,INR,0,0.0,0,0.0,,,,,Low traffic,24495.0,0.0,24495.0,0.0,NoRestockExcessActionRequired,,,0,0,,0.0,8.22E-4,cubic meter,,0.0,IN,,,,0,,,24495.0,,,,,3,0,0,0,0,0,0,,0,0,0,0,0,0,2026-07-14,3,0,0,
2026-07-16,FBS79340,X00284B1V1,B0CRCYMKY8,,New,3,0,0,2,1,0,0,0,INR,0,0.0,0,0.0,1,1,1,1,Low traffic,12946.0,0.0,12946.0,0.0,NoRestockExcessActionRequired,0,0.0,0,0,9274.88,0.27,7.61E-4,cubic meter,,0.002284,IN,,7155,,3,12,39,12946.0,10972.03,10972.03,10972.03,10972.03,0,2,0,1,0,0,0,62.49,0,0,0,0,0,0,2026-07-14,3,0,0,
2026-07-16,FBS79524,X002844ZYL,B07T1X89FZ,,New,3,0,0,0,2,0,1,0,INR,0,0.0,1,87.0,0,0,0,0,Low traffic,21494.0,0.0,21494.0,0.0,Create removal order,0,21490.0,33,0,48651.19,0.0,0.00189,cubic meter,,0.005669,IN,,54681,,3,,,21494.0,0.0,0.0,0.0,0.0,0,0,0,2,0,0,1,81.95,0,0,0,0,0,0,2026-07-14,3,0,0,
2026-07-16,FBA80244,X002MRN0IB,B0GTC4D5NP,,New,0,2,0,2,0,0,0,0,INR,0,0.0,0,0.0,,,,,Low traffic,14995.0,0.0,14995.0,0.0,NoRestockExcessActionRequired,,,0,0,,0.0,7.6E-4,cubic meter,,0.0,IN,,,,0,,,14995.0,,,,,2,0,0,0,0,0,0,,0,0,0,0,0,0,2026-07-14,2,0,0,
2026-07-16,FBS79514,X00284B1RZ,B0D854LDQM,,New,11,0,0,12,0,0,0,0,INR,0,0.0,0,0.0,2,10,16,22,Low traffic,15995.0,0.0,15995.0,0.0,CreateShippingPlan,6,0.0,0,0,5548.93,1.06,7.21E-4,cubic meter,,0.007934,IN,,7768,,0,4,6,15995.0,27110.16,135550.8,216881.28,298211.76,1,2,9,0,0,0,0,12.26,0,0,0,0,1,0,2026-07-14,11,1,0,
2026-07-16,FBS79651,X00284BO8B,B0DJ2WP1M5,,New,4,0,0,1,3,0,0,0,INR,0,0.0,0,0.0,1,1,3,4,Low traffic,20495.0,0.0,20495.0,0.0,NoRestockExcessActionRequired,0,0.0,0,0,41038.06,0.73,7.86E-4,cubic meter,,0.003143,IN,,14476,,4,16,13,20495.0,13894.92,13894.92,41684.76,59053.4,0,1,0,3,0,0,0,50.59,0,0,0,0,0,0,2026-07-14,4,0,0,
2026-07-16,FBS79048,X00284BX9L,B0CCHHGG9B,,New,5,0,0,3,1,1,0,0,INR,1,23.91,0,0.0,0,0,1,2,Low traffic,15994.0,0.0,15994.0,0.0,NoRestockExcessActionRequired,0,0.0,0,0,37207.47,0.5,0.001038,cubic meter,,0.005192,IN,,27719,,5,,32,15994.0,0.0,0.0,13554.24,27108.48,2,1,0,1,0,1,0,68.67,0,0,0,0,0,0,2026-07-14,5,0,0,
2026-07-16,FBA78457,X001R0RF21,B088NYP2LX,,New,1,0,0,0,0,0,0,1,INR,0,0.0,0,0.0,,,,,Low traffic,3299.0,0.0,3299.0,0.0,Create removal order,0,0.0,0,0,1710.36,0.0,0.001238,cubic meter,,0.001238,IN,,,,1,,,3299.0,,,,,0,0,0,0,0,0,0,49.91,0,0,0,0,0,0,2026-07-14,1,0,0,
2026-07-16,FBS79645,X00284BO8L,B0DJ2WNH1Y,,New,2,0,0,0,1,1,0,0,INR,1,23.6,0,0.0,0,1,1,2,Low traffic,22995.0,0.0,22995.0,0.0,NoRestockExcessActionRequired,0,0.0,0,0,21224.95,0.67,7.7E-4,cubic meter,,0.001539,IN,,22045,,2,8,13,22995.0,0.0,19487.29,19487.29,38974.58,0,0,0,1,0,1,0,17.3,0,0,0,0,0,0,2026-07-14,2,0,0,
2026-07-16,FBS74952,X00284ALN5,B09CSXR4TR,,New,4,0,0,1,5,0,0,0,INR,4,174.12,0,0.0,0,1,4,6,Low traffic,16494.0,0.0,16494.0,0.0,NoRestockExcessActionRequired,0,0.0,0,0,45802.18,0.73,0.001891,cubic meter,,0.007563,IN,,19792,,4,16,8,16494.0,0.0,13977.96,55913.54,83869.48,0,1,0,1,4,0,0,121.68,0,0,0,0,2,0,2026-07-14,4,2,0,
2026-07-16,FBS79152,X002844ZRN,B0CHXTNMNX,,New,7,0,0,7,0,0,0,0,INR,0,0.0,0,0.0,0,1,5,9,Low traffic,19995.0,0.0,19995.0,0.0,NoRestockExcessActionRequired,0,0.0,0,0,96760.37,1.38,0.002725,cubic meter,,0.019074,IN,,19751,,0,28,10,19995.0,0.0,16944.92,84724.6,152504.28,4,0,3,0,0,0,0,30.79,0,0,0,0,0,0,2026-07-14,7,0,0,
2026-07-16,FBS66987,X002844YM9,B017SN1OI8,,New,616,1,0,617,0,0,0,0,INR,0,0.0,0,0.0,21,89,188,227,,9097.0,0.0,9097.0,0.0,NoRestockExcessActionRequired,340,0.0,0,0,139026.44,0.88,0.001757,cubic meter,,1.082192,IN,,1367,,0,27,35,9097.0,145350.02,619978.73,1321506.49,1602339.43,405,212,0,0,0,0,0,1701.7,0,0,0,0,1,0,2026-07-14,617,0,1,
2026-07-16,FBA79801,X002BEH3TR,B0DT31Q99D,,New,6,0,0,6,0,0,2,0,INR,2,122.98,0,0.0,,,,,Low traffic,13996.0,0.0,13996.0,0.0,Create removal order,0,0.0,0,0,21190.6,0.0,0.002671,cubic meter,,0.016025,IN,,,,6,,,13996.0,,,,,1,5,0,0,0,2,0,129.22,0,0,0,0,2,0,2026-07-14,6,2,0,
2026-07-16,FBA78013,X001Q7B2B5,B0BQ34TRDX,,New,12,0,0,12,0,0,0,0,INR,0,0.0,0,0.0,0,1,6,7,Low traffic,13495.0,0.0,13495.0,0.0,NoRestockExcessActionRequired,0,13490.0,52,0,106823.3,1.4,0.00186,cubic meter,,0.022325,IN,,20072,,0,48,22,13495.0,0.0,11436.44,68615.25,80050.84,12,0,0,0,0,0,0,72.04,0,0,0,0,0,0,2026-07-14,12,0,0,
2026-07-16,FBS79523,X00284BO9P,B07T1X8TKH,,New,4,0,0,1,3,0,0,0,INR,0,0.0,0,0.0,0,2,2,2,Low traffic,14345.0,0.0,14345.0,0.0,NoRestockExcessActionRequired,0,0.0,0,0,42870.01,0.4,0.002738,cubic meter,,0.01095,IN,,20116,,4,8,26,14345.0,0.0,24313.56,24313.56,24313.56,0,1,0,3,0,0,0,70.41,0,0,0,0,0,0,2026-07-14,4,0,0,
2026-07-16,FBA79920,X002FTXMS9,B0FRVZCYH9,,New,7,0,0,5,0,7,0,0,INR,7,165.2,0,0.0,0,0,0,0,Low traffic,16493.0,0.0,16493.0,0.0,Create removal order,0,0.0,0,0,59714.86,0.0,7.21E-4,cubic meter,,0.005049,IN,,37790,,7,,,16493.0,0.0,0.0,0.0,0.0,0,5,0,0,0,7,0,105.81,0,0,0,0,5,0,2026-07-14,7,5,0,
2026-07-16,FBA80055,X002IPU5N5,B0GF7C1MPD,,New,3,0,0,1,2,0,0,0,INR,0,0.0,0,0.0,0,0,2,2,Low traffic,16495.0,0.0,16495.0,0.0,NoRestockExcessActionRequired,0,0.0,0,0,4300.25,0.62,8.19E-4,cubic meter,,0.002458,IN,,30582,,3,,19,16495.0,0.0,0.0,27957.63,27957.63,1,0,0,2,0,0,0,51.44,0,0,0,0,0,0,2026-07-14,3,0,0,
2026-07-16,FBP74728,X001TN5VMR,B078Y2PJL4,,New,57,0,0,58,0,0,0,0,INR,0,0.0,0,0.0,19,29,86,297,,8396.0,0.0,8396.0,0.0,CreateShippingPlan,57,0.0,0,0,0.0,1.86,0.001846,cubic meter,,0.1052,IN,,130,,0,7,2,8396.0,119951.71,183993.26,537746.75,1911108.83,4,26,28,0,0,0,0,42.41,0,0,0,0,1,0,2026-07-14,57,1,0,
2026-07-16,FBA79891,X002E9IE3X,B0FJZZ4X7Q,,New,2,0,0,2,0,0,2,0,INR,2,47.2,0,0.0,,,,,Low traffic,18396.0,0.0,18396.0,0.0,Create removal order,0,0.0,0,0,2864.28,0.0,7.6E-4,cubic meter,,0.00152,IN,,,,2,,,18396.0,,,,,0,2,0,0,0,2,0,31.76,0,0,0,0,2,0,2026-07-14,2,2,0,
2026-07-16,FBS79628,X00284BTLX,B0DKJBJBX6,,New,7,0,0,7,0,0,0,0,INR,0,0.0,0,0.0,0,0,4,7,Low traffic,19995.0,0.0,19995.0,0.0,NoRestockExcessActionRequired,0,0.0,0,0,75378.77,0.97,0.001526,cubic meter,,0.010685,IN,,21093,,0,,13,19995.0,0.0,0.0,67779.68,118614.44,1,1,5,0,0,0,0,17.24,0,0,0,0,0,0,2026-07-14,7,0,0,
2026-07-16,FBO74415,X001Q1WUU3,B08QTW81S9,,New,3,0,0,3,0,0,0,0,INR,0,0.0,0,0.0,1,2,2,2,Low traffic,13493.0,0.0,13493.0,0.0,NoRestockExcessActionRequired,0,0.0,0,0,29645.67,0.62,0.001861,cubic meter,,0.005582,IN,,10834,,0,6,19,13493.0,11434.75,22871.19,22871.19,22871.19,0,0,3,0,0,0,0,9.0,0,0,0,0,0,0,2026-07-14,3,0,0,
2026-07-16,FBA80247,X002MRBLBJ,B0GTC5JGY7,,New,0,2,0,2,0,0,0,0,INR,0,0.0,0,0.0,,,,,Low traffic,22995.0,0.0,22995.0,0.0,NoRestockExcessActionRequired,,,0,0,,0.0,7.77E-4,cubic meter,,0.0,IN,,,,0,,,22995.0,,,,,2,0,0,0,0,0,0,,0,0,0,0,0,0,2026-07-14,2,0,0,
2026-07-16,FBS79143,X00284ALTJ,B0CJ6ZHK1S,,New,6,0,0,3,3,0,0,0,INR,0,0.0,0,0.0,1,3,4,9,Low traffic,15994.0,0.0,15994.0,0.0,CreateShippingPlan,0,0.0,0,0,52901.47,1.06,5.99E-4,cubic meter,,0.003596,IN,,4989,,6,8,8,15994.0,13554.24,40662.72,54216.96,121988.16,0,3,0,3,0,0,0,52.09,0,0,0,0,0,0,2026-07-14,6,0,0,
2026-07-16,FBA80073,X002IPU6RP,B0GF71BBKV,,New,4,0,0,2,2,0,0,0,INR,0,0.0,0,0.0,0,0,0,0,Low traffic,12495.0,0.0,12495.0,0.0,Advertise listing,0,0.0,0,0,28501.77,0.0,7.6E-4,cubic meter,,0.003041,IN,,51900,,4,,,12495.0,0.0,0.0,0.0,0.0,0,0,2,2,0,0,0,34.19,0,0,0,0,0,0,2026-07-14,4,0,0,
2026-07-16,FBA79501,X00241X1J3,B0D935VW9J,,New,3,0,0,1,2,0,0,0,INR,0,0.0,0,0.0,0,1,2,2,Low traffic,18897.0,0.0,18897.0,0.0,NoRestockExcessActionRequired,0,0.0,0,0,45202.6,0.53,0.004296,cubic meter,,0.012887,IN,,15037,,3,12,19,18897.0,0.0,16014.4,32028.81,32028.81,0,1,0,2,0,0,0,103.58,0,0,0,0,0,0,2026-07-14,3,0,0,
2026-07-16,FBS74251,X00284B1LL,B01GZZYSRO,,New,5,0,0,4,1,0,0,0,INR,0,0.0,0,0.0,0,3,6,7,Low traffic,19596.0,0.0,19596.0,0.0,CreateShippingPlan,0,0.0,0,0,64478.84,0.88,0.001264,cubic meter,,0.00632,IN,,14733,,6,8,11,19596.0,0.0,49820.34,99641.53,116248.31,0,2,2,1,0,0,0,10.2,1,0,1,0,0,0,2026-07-14,6,0,0,
2026-07-16,FBA80027,X002IPB237,B0GDJXGF4H,,New,5,0,0,0,5,0,0,0,INR,0,0.0,0,0.0,0,1,2,2,Low traffic,19995.0,0.0,19995.0,0.0,NoRestockExcessActionRequired,0,0.0,0,0,70652.74,0.32,7.21E-4,cubic meter,,0.003606,IN,,15046,,5,20,32,19995.0,0.0,16944.92,33889.84,33889.84,0,0,0,5,0,0,0,75.55,0,0,0,0,0,0,2026-07-14,5,0,0,
2026-07-16,FBA79799,X002BEA1PZ,B0DT2XZNK5,,New,2,0,0,2,0,0,0,0,INR,0,0.0,0,0.0,0,1,2,2,Low traffic,13997.0,0.0,13997.0,0.0,NoRestockExcessActionRequired,0,0.0,0,0,10555.99,0.8,0.001202,cubic meter,,0.002404,IN,,26318,,0,12,19,13997.0,0.0,11861.86,23723.72,23723.72,2,0,0,0,0,0,0,50.28,1,0,1,0,0,0,2026-07-14,3,0,0,
2026-07-16,FBA80246,X002MRNXNX,B0CJJXL9TJ,,New,0,2,0,2,0,0,0,0,INR,0,0.0,0,0.0,,,,,Low traffic,22995.0,0.0,22995.0,0.0,NoRestockExcessActionRequired,,,0,0,,0.0,0.001292,cubic meter,,0.0,IN,,,,0,,,,,,,,2,0,0,0,0,0,0,,0,0,0,0,0,0,2026-07-14,2,0,0,
2026-07-16,FBA79896,X002E9HB9B,B0FK1995CB,,New,4,0,0,2,2,0,0,0,INR,0,0.0,0,0.0,0,0,1,1,Low traffic,24493.0,0.0,24493.0,0.0,NoRestockExcessActionRequired,0,0.0,0,0,7872.23,0.27,7.6E-4,cubic meter,,0.003041,IN,,34382,,5,,65,24493.0,0.0,0.0,20756.78,20756.78,0,1,1,2,0,0,0,4.9,1,0,1,0,0,0,2026-07-14,5,0,0,
2026-07-16,FBA79860,X002E9IHKN,B0FFHXRJNS,,New,1,0,0,1,0,0,0,0,INR,0,0.0,0,0.0,1,3,3,3,Low traffic,7998.0,0.0,7998.0,0.0,CreateShippingPlan,0,0.0,0,0,2236.48,1.09,0.001038,cubic meter,,0.001038,IN,,11228,,0,1,4,7998.0,6777.97,20333.9,20333.9,20333.9,0,1,0,0,0,0,0,21.77,0,0,0,0,0,0,2026-07-14,1,0,0,
2026-07-16,FBA79800,X002BEBBF9,B0DT2Q1R2H,,New,7,0,0,7,0,0,0,0,INR,0,0.0,0,0.0,0,2,6,9,Low traffic,15995.0,0.0,15995.0,0.0,NoRestockExcessActionRequired,0,0.0,0,0,78451.24,1.12,0.001212,cubic meter,,0.008483,IN,,8368,,0,14,10,15995.0,0.0,27110.16,81330.48,121995.72,1,3,3,0,0,0,0,24.53,0,0,0,0,0,0,2026-07-14,7,0,0,
2026-07-16,FBS79545,X00284B1S9,B0D955VQ4S,,New,2,0,0,0,0,1,1,0,INR,1,23.6,0,0.0,,,,,Low traffic,25897.0,0.0,25896.0,0.0,Create removal order,0,0.0,0,0,19415.85,0.0,8.21E-4,cubic meter,,0.001643,IN,,75604,,2,,,25896.0,,,,,0,0,0,0,0,1,1,50.19,0,0,0,0,0,0,2026-07-14,2,0,0,
2026-07-16,FBS79423,X00284AJ91,B0CZ94B6QL,,New,3,0,0,2,1,0,0,0,INR,1,42.15,0,0.0,0,0,0,0,Low traffic,18495.0,0.0,18495.0,0.0,Advertise listing,0,0.0,0,0,19581.65,0.0,0.00183,cubic meter,,0.005491,IN,,33160,,3,,,18495.0,0.0,0.0,0.0,0.0,0,1,1,1,0,0,0,44.27,0,0,0,0,0,0,2026-07-14,3,0,0,
2026-07-16,FBS79638,X00284BTTZ,B0DC674ZNR,,New,9,1,0,12,0,0,0,0,INR,0,0.0,0,0.0,5,18,31,40,,8697.0,0.0,8697.0,0.0,CreateShippingPlan,10,0.0,0,0,0.03,4.85,5.99E-4,cubic meter,,0.005389,IN,,7524,,0,2,4,8697.0,36849.17,132654.27,232150.06,304624.65,12,0,0,0,0,0,0,81.59,4,3,1,0,2,0,2026-07-14,14,2,0,
2026-07-16,FBA80031,X002IPGHHX,B0GF7J5Y4W,,New,9,0,0,0,9,0,0,0,INR,0,0.0,0,0.0,0,1,1,3,Low traffic,14495.0,0.0,14495.0,0.0,NoRestockExcessActionRequired,0,0.0,0,0,84232.42,0.29,0.001958,cubic meter,,0.017626,IN,,15165,,9,36,39,14495.0,0.0,12283.9,12283.9,36851.7,0,0,0,9,0,0,0,369.19,0,0,0,0,0,0,2026-07-14,9,0,0,
2026-07-16,FBA79854,X002E9F0JT,B0FFJ6T8YY,,New,6,0,0,6,0,0,0,0,INR,0,0.0,0,0.0,0,0,1,1,Low traffic,19995.0,0.0,19995.0,0.0,NoRestockExcessActionRequired,0,0.0,0,0,54940.29,0.31,0.001372,cubic meter,,0.008232,IN,,36715,,0,,78,19995.0,0.0,0.0,16944.92,16944.92,1,5,0,0,0,0,0,30.16,0,0,0,0,0,0,2026-07-14,6,0,0,
2026-07-16,FBS79558,X00284BXHX,B0D9573TBX,,New,6,0,0,6,0,0,0,0,INR,0,0.0,0,0.0,3,11,19,26,Low traffic,12248.0,0.0,12248.0,0.0,CreateShippingPlan,0,0.0,0,0,49917.1,11.56,7.87E-4,cubic meter,,0.004722,IN,,3545,,0,2,3,12248.0,31138.98,114176.26,197213.54,269871.16,6,0,0,0,0,0,0,7.57,1,0,1,0,0,0,2026-07-14,7,0,0,
2026-07-16,FBA80041,X002IPBGCT,B0GF72VQSX,,New,3,0,0,3,0,0,0,0,INR,0,0.0,0,0.0,1,3,3,3,Low traffic,15995.0,0.0,15995.0,0.0,NoRestockExcessActionRequired,,,0,0,,0.92,4.24E-4,cubic meter,,0.001272,IN,,5009,,0,5,17,15995.0,13555.08,40665.24,40665.24,40665.24,1,0,2,0,0,0,0,,1,1,0,0,0,0,2026-07-14,4,0,0,
2026-07-16,FBA79942,X002FTXD2J,B0FQ7WTM8P,,New,4,0,0,1,3,0,0,0,INR,0,0.0,0,0.0,0,0,2,3,Low traffic,20495.0,0.0,20495.0,0.0,NoRestockExcessActionRequired,0,0.0,0,0,44403.61,0.67,7.6E-4,cubic meter,,0.003041,IN,,28336,,4,,17,20495.0,0.0,0.0,34737.28,52105.92,1,0,0,3,0,0,0,34.22,0,0,0,0,0,0,2026-07-14,4,0,0,
2026-07-16,FBA80224,X002MRJY2R,B0GTC9238R,,New,0,2,0,2,0,0,0,0,INR,0,0.0,0,0.0,,,,,Low traffic,14495.0,0.0,14495.0,0.0,NoRestockExcessActionRequired,,,0,0,,0.0,7.12E-4,cubic meter,,0.0,IN,,,,0,,,14495.0,,,,,2,0,0,0,0,0,0,,0,0,0,0,0,0,2026-07-14,2,0,0,
2026-07-16,FBA79947,X002FU17YT,B0FS6N1YT5,,New,2,0,0,2,0,0,0,0,INR,0,0.0,0,0.0,0,1,1,3,Low traffic,15995.0,0.0,15995.0,0.0,NoRestockExcessActionRequired,0,0.0,0,0,17044.14,1.71,0.001815,cubic meter,,0.00363,IN,,26932,,0,8,8,15995.0,0.0,13555.08,13555.08,40665.24,0,1,1,0,0,0,0,5.85,0,0,0,0,0,0,2026-07-14,2,0,0,
2026-07-16,FBA79723,X0029WXV3D,B0DT2QDBS3,,New,5,0,0,5,0,0,0,0,INR,0,0.0,0,0.0,1,2,6,9,Low traffic,15994.0,0.0,15994.0,0.0,CreateShippingPlan,0,0.0,0,0,43619.99,1.29,0.001201,cubic meter,,0.006004,IN,,22355,,0,10,7,15994.0,13554.24,27108.48,81327.12,121992.36,0,2,3,0,0,0,0,9.69,0,0,0,0,0,0,2026-07-14,5,0,0,
2026-07-16,FBS77988,X00284AJ69,B0BR5DZQSN,,New,3,0,0,1,2,0,0,0,INR,1,25.32,0,0.0,0,0,1,2,Low conversion,23494.0,0.0,23494.0,0.0,NoRestockExcessActionRequired,0,0.0,0,0,40106.12,0.67,0.0011,cubic meter,,0.003299,IN,,28985,,3,,19,23494.0,0.0,0.0,19910.17,39820.33,1,0,0,1,1,0,0,47.79,0,0,0,0,0,0,2026-07-14,3,0,0,
2026-07-16,FBA79943,X002FTRJJ7,B0FQ8BFNPN,,New,1,0,0,1,0,1,0,0,INR,1,41.45,0,0.0,0,0,1,1,Low traffic,20495.0,0.0,20495.0,0.0,NoRestockExcessActionRequired,0,0.0,0,0,3283.35,0.44,0.0018,cubic meter,,0.0018,IN,,42212,,1,,13,20495.0,0.0,0.0,17368.64,17368.64,0,1,0,0,0,1,0,37.74,0,0,0,0,0,0,2026-07-14,1,0,0,
2026-07-16,FBS79521,X00284BO4Z,B07T62VK1C,,New,4,0,0,0,4,0,0,0,INR,1,42.11,0,0.0,0,0,0,1,Low traffic,15196.0,0.0,15196.0,0.0,Advertise listing,0,0.0,0,0,34387.12,0.24,0.001829,cubic meter,,0.007316,IN,,45453,,4,,52,15196.0,0.0,0.0,0.0,12877.96,0,0,0,3,1,0,0,47.02,0,0,0,0,0,0,2026-07-14,4,0,0,
2026-07-16,FBA79520,X00241X18T,B0D858SPK4,,New,1,0,0,0,0,0,0,1,INR,0,0.0,0,0.0,0,0,0,0,Low traffic,13596.0,0.0,13596.0,0.0,Advertise listing,0,0.0,0,0,5656.7,0.0,7.21E-4,cubic meter,,7.21E-4,IN,,38750,,1,,,13596.0,0.0,0.0,0.0,0.0,0,0,0,0,0,0,0,28.97,0,0,0,0,0,0,2026-07-14,1,0,0,
2026-07-16,FBS79512,X00284BTJF,B0D84YY632,,New,31,0,0,32,0,0,0,0,INR,0,0.0,0,0.0,1,4,7,12,Low traffic,15994.0,0.0,15994.0,0.0,NoRestockExcessActionRequired,1,0.0,0,0,87132.52,0.41,7.21E-4,cubic meter,,0.022358,IN,,10588,,0,31,33,15994.0,13554.24,54216.96,94877.13,162646.63,0,22,10,0,0,0,0,132.77,0,0,0,0,0,0,2026-07-14,31,0,0,
2026-07-16,FBS73952,X00284AOPP,B00EVZ83J0,,New,3,0,0,3,0,0,0,0,INR,0,0.0,0,0.0,4,12,18,32,,8047.0,0.0,8047.0,0.0,CreateShippingPlan,3,0.0,0,0,0.0,5.57,0.001741,cubic meter,,0.005224,IN,,695,,0,1,1,8073.0,25328.82,75011.91,111056.01,204579.74,2,1,0,0,0,0,0,2.12,0,0,0,0,1,0,2026-07-14,3,1,0,
2026-07-16,FBA79855,X002E9CWA9,B0FFJQBHGH,,New,1,0,0,0,1,0,0,0,INR,0,0.0,0,0.0,0,1,2,4,Low traffic,19995.0,0.0,19995.0,0.0,NoRestockExcessActionRequired,0,19990.0,52,0,10051.45,1.45,0.001219,cubic meter,,0.001219,IN,,18754,,2,16,13,19995.0,0.0,16944.92,33889.84,67777.98,0,0,0,1,0,0,0,1.96,3,2,1,0,0,0,2026-07-14,4,0,0,
2026-07-16,FBA80030,X002IPD45B,B0GDWZZD4K,,New,8,0,0,0,8,0,0,0,INR,0,0.0,0,0.0,0,0,2,2,Low traffic,12995.0,0.0,12995.0,0.0,Advertise listing,0,0.0,0,0,11673.91,0.22,7.21E-4,cubic meter,,0.00577,IN,,42784,,8,,52,12995.0,0.0,0.0,22025.42,22025.42,0,0,0,8,0,0,0,120.93,0,0,0,0,0,0,2026-07-14,8,0,0,
2026-07-16,FBS79647,X00284AJA5,B0DJ2XDV59,,New,1,0,0,0,1,0,0,0,INR,0,0.0,0,0.0,0,2,2,3,Low traffic,8248.0,0.0,8248.0,0.0,CreateShippingPlan,0,0.0,0,0,5438.47,1.09,0.001845,cubic meter,,0.001845,IN,,23643,,1,2,4,8248.0,0.0,13979.66,13979.66,20969.49,0,0,0,0,1,0,0,38.46,0,0,0,0,0,0,2026-07-14,1,0,0,
2026-07-16,FBA79530,X00241S2UL,B0D9369MTM,,New,17,0,0,19,0,0,0,0,INR,0,0.0,0,0.0,3,6,12,23,,11994.0,0.0,11994.0,0.0,NoRestockExcessActionRequired,17,0.0,0,0,227.06,1.11,0.001875,cubic meter,,0.031873,IN,,2420,,0,11,9,11994.0,30493.21,60986.42,121959.31,233730.53,2,1,16,0,0,0,0,48.87,0,0,0,0,1,0,2026-07-14,17,1,0,
2026-07-16,FBA80228,X002MRHHZD,B07SYFYGR6,,New,0,2,0,2,0,0,0,0,INR,0,0.0,0,0.0,,,,,Low traffic,22495.0,0.0,22495.0,0.0,NoRestockExcessActionRequired,,,0,0,,0.0,9.47E-4,cubic meter,,0.0,IN,,,,0,,,22495.0,,,,,2,0,0,0,0,0,0,,0,0,0,0,0,0,2026-07-14,2,0,0,
2026-07-16,FBO66963,X001Q1V7N9,B00AG37H8Y,,New,89,0,0,95,0,0,0,0,INR,0,0.0,0,0.0,29,137,291,431,,14494.0,0.0,14494.0,0.0,CreateShippingPlan,89,0.0,0,0,0.0,1.81,0.001846,cubic meter,,0.164272,IN,,684,,0,3,3,14494.0,356208.58,1682778.48,3574278.36,5293851.39,19,22,54,0,0,0,0,141.3,25,0,25,0,4,0,2026-07-14,114,2,2,
2026-07-16,FBS79630,X00284B1TX,B0DJ2YM76K,,New,1,0,0,0,1,0,0,0,INR,0,0.0,0,0.0,0,1,1,2,Low traffic,11197.0,0.0,11197.0,0.0,CreateShippingPlan,0,0.0,0,0,6413.62,1.0,0.00183,cubic meter,,0.00183,IN,,25545,,1,4,6,11197.0,0.0,9488.98,9488.98,18977.96,0,0,0,1,0,0,0,2.94,0,0,0,0,0,0,2026-07-14,1,0,0,
2026-07-16,FBA80043,X002IPDA7D,B0GF78NM4J,,New,8,0,0,0,8,0,0,0,INR,0,0.0,0,0.0,,,,,Low traffic,15993.0,0.0,15993.0,0.0,Advertise listing,0,0.0,0,0,20753.04,0.0,0.001816,cubic meter,,0.014526,IN,,,,8,,,15993.0,,,,,0,0,0,8,0,0,0,304.27,0,0,0,0,0,0,2026-07-14,8,0,0,
2026-07-16,FBA79888,X002E9F6TD,B0FKBWS861,,New,2,0,0,1,0,0,1,0,INR,1,23.6,0,0.0,0,1,1,1,Low traffic,16097.0,0.0,16097.0,0.0,NoRestockExcessActionRequired,0,0.0,0,0,5040.96,0.36,8.19E-4,cubic meter,,0.001639,IN,,,,2,8,26,16097.0,0.0,13641.53,13641.53,13641.53,1,0,0,0,0,1,0,34.35,0,0,0,0,0,0,2026-07-14,2,0,0,
2026-07-16,FBA80061,X002IPU4E5,B0GFD7N73D,,New,1,0,0,1,0,0,0,0,INR,0,0.0,0,0.0,0,2,4,4,Low traffic,18495.0,0.0,18495.0,0.0,CreateShippingPlan,0,0.0,0,0,11757.01,2.0,9.6E-4,cubic meter,,9.6E-4,IN,,23478,,0,2,3,18495.0,0.0,31347.46,62694.92,62694.92,1,0,0,0,0,0,0,20.01,0,0,0,0,0,0,2026-07-14,1,0,0,
2026-07-16,FBA80063,X002IPTYPZ,B0GDK6QPGC,,New,3,0,0,1,2,0,0,0,INR,0,0.0,0,0.0,0,0,0,0,Low traffic,19995.0,0.0,19995.0,0.0,Advertise listing,0,0.0,0,0,39649.15,0.0,0.001801,cubic meter,,0.005403,IN,,45237,,3,,,19995.0,0.0,0.0,0.0,0.0,0,0,1,2,0,0,0,43.32,0,0,0,0,0,0,2026-07-14,3,0,0,
2026-07-16,FBS79541,X00284BTRR,B0D955BY7N,,New,4,0,0,0,3,0,1,0,INR,0,0.0,1,47.2,0,0,0,0,Low traffic,20494.0,0.0,20494.0,0.0,Create removal order,0,20490.0,52,0,7238.04,0.0,8.13E-4,cubic meter,,0.003252,IN,,46770,,4,,,20494.0,0.0,0.0,0.0,0.0,0,0,0,3,0,0,1,36.57,0,0,0,0,0,0,2026-07-14,4,0,0,
2026-07-16,FBS70769,X00284ALD5,B07M7P7VLX,,New,1,0,0,2,0,0,0,0,INR,0,0.0,0,0.0,5,24,56,86,Low traffic,9447.0,0.0,9447.0,0.0,CreateShippingPlan,1,0.0,0,0,0.0,2.67,0.001953,cubic meter,,0.001953,IN,,7857,,0,0,0,9447.0,35453.37,173831.25,407139.66,633586.27,2,0,0,0,0,0,0,0.79,4,0,4,0,1,0,2026-07-14,5,1,0,
2026-07-16,FBA79733,X0029WWGN9,B0DSBS17RY,,New,4,0,0,4,0,0,0,0,INR,0,0.0,0,0.0,2,7,8,11,Low traffic,14494.0,0.0,14494.0,0.0,CreateShippingPlan,0,0.0,0,0,37538.28,1.19,6.54E-4,cubic meter,,0.002618,IN,,4698,,0,3,7,14494.0,24566.1,85983.06,98266.96,135116.12,0,0,4,0,0,0,0,4.22,2,2,0,0,0,0,2026-07-14,6,0,0,
2026-07-16,FBA79884,X002E9HHS1,B0FCVFDZP7,,New,10,0,0,10,0,0,0,0,INR,0,0.0,0,0.0,0,1,3,6,Low traffic,14495.0,0.0,14495.0,0.0,NoRestockExcessActionRequired,0,0.0,0,0,69100.97,0.86,7.06E-4,cubic meter,,0.007063,IN,,17803,,0,40,21,14495.0,0.0,12283.9,36851.7,73703.4,1,7,2,0,0,0,0,11.4,0,0,0,0,0,0,2026-07-14,10,0,0,
2026-07-16,FBO75320,X001Q1WD19,B09NC2NFR9,,New,4,0,0,4,0,0,0,0,INR,0,0.0,0,0.0,2,4,7,8,Low traffic,11994.0,0.0,11994.0,0.0,CreateShippingPlan,0,0.0,0,0,32840.36,1.14,0.001936,cubic meter,,0.007746,IN,,10354,,0,4,6,11994.0,20328.82,40658.48,71152.53,81317.78,0,1,3,0,0,0,0,12.49,0,0,0,0,0,0,2026-07-14,4,0,0,
2026-07-16,FBA79527,X00241X17F,B0D936GPVL,,New,72,0,0,72,0,0,0,0,INR,0,0.0,0,0.0,4,20,45,66,,13494.0,0.0,13494.0,0.0,NoRestockExcessActionRequired,72,0.0,0,0,0.0,1.17,0.001845,cubic meter,,0.132857,IN,,2857,,0,16,16,13494.0,45742.39,228711.9,514592.43,754728.88,49,12,11,0,0,0,0,199.66,10,0,10,0,0,2,2026-07-14,82,0,0,
2026-07-16,FBA80047,X002IPF1RP,B0GF74WKKN,,New,4,0,0,0,4,0,0,0,INR,0,0.0,0,0.0,,,,,Low traffic,15994.0,0.0,15994.0,0.0,Advertise listing,0,0.0,0,0,6089.44,0.0,8.29E-4,cubic meter,,0.003314,IN,,,,5,,,15994.0,,,,,0,0,0,4,0,0,0,5.35,1,0,1,0,0,0,2026-07-14,5,0,0,
2026-07-16,FBA79759,X0029X16CZ,B0DP5J7VF3,,New,2,0,0,2,0,0,0,0,INR,0,0.0,0,0.0,0,1,3,4,Low traffic,11498.0,0.0,11498.0,0.0,CreateShippingPlan,0,0.0,0,0,8843.5,1.6,7.6E-4,cubic meter,,0.00152,IN,,19705,,0,8,6,11498.0,0.0,9744.07,29232.21,38976.28,1,0,1,0,0,0,0,2.45,0,0,0,0,0,0,2026-07-14,2,0,0,
2026-07-16,FBA79753,X0029WWINH,B0DSBSD26P,,New,19,0,0,16,4,0,0,0,INR,0,0.0,0,0.0,4,12,27,37,Low traffic,14494.0,0.0,14494.0,0.0,CreateShippingPlan,19,0.0,0,0,0.0,1.17,0.001831,cubic meter,,0.034784,IN,,7453,,0,8,8,14494.0,49132.22,147396.66,331634.8,454461.09,7,0,9,4,0,0,0,14.61,5,4,1,0,0,0,2026-07-14,24,0,0,
2026-07-16,FBA79158,X001WIB7W7,B0CHXTV16D,,New,3,0,0,3,0,0,0,0,INR,0,0.0,0,0.0,3,6,8,11,Low traffic,10496.0,0.0,10496.0,0.0,CreateShippingPlan,0,0.0,0,0,21080.52,4.0,0.001876,cubic meter,,0.005628,IN,,4662,,0,2,3,10496.0,26686.44,53371.2,74127.14,105261.05,3,0,0,0,0,0,0,9.08,0,0,0,0,0,0,2026-07-14,3,0,0,
2026-07-16,FBA80248,X002MRHYZ1,B0GTC9239V,,New,0,2,0,2,0,0,0,0,INR,0,0.0,0,0.0,,,,,Low traffic,26995.0,0.0,26995.0,0.0,NoRestockExcessActionRequired,,,0,0,,0.0,7.6E-4,cubic meter,,0.0,IN,,,,0,,,26995.0,,,,,2,0,0,0,0,0,0,,0,0,0,0,0,0,2026-07-14,2,0,0,
2026-07-16,FBA80029,X002IPGHCD,B0GDHZ5QH8,,New,4,0,0,0,4,0,0,0,INR,0,0.0,0,0.0,,,,,Low traffic,12495.0,0.0,12495.0,0.0,Advertise listing,0,0.0,0,0,5056.72,0.0,7.21E-4,cubic meter,,0.002885,IN,,,,4,,,12495.0,,,,,0,0,0,4,0,0,0,60.43,0,0,0,0,0,0,2026-07-14,4,0,0,
2026-07-16,FBA79746,X0029WY6K5,B0DSBQDZNV,,New,21,0,0,21,0,0,0,0,INR,0,0.0,0,0.0,5,11,15,26,Low traffic,15994.0,0.0,15994.0,0.0,NoRestockExcessActionRequired,0,0.0,0,0,182766.32,1.76,6.55E-4,cubic meter,,0.013759,IN,,4184,,0,8,11,15994.0,67771.2,149096.64,203310.2,352407.62,5,16,0,0,0,0,0,22.22,1,0,1,0,0,0,2026-07-14,22,0,0,
2026-07-16,FBA80059,X002IPU4BX,B0GDJJBCRP,,New,4,0,0,2,2,0,0,0,INR,0,0.0,0,0.0,0,0,0,2,Low traffic,14495.0,0.0,14495.0,0.0,NoRestockExcessActionRequired,0,0.0,0,0,39374.94,0.57,0.001831,cubic meter,,0.007323,IN,,60639,,4,,26,14495.0,0.0,0.0,0.0,24567.8,0,2,0,2,0,0,0,82.65,0,0,0,0,0,0,2026-07-14,4,0,0,
2026-07-16,FBO66627,X001Q1Z7ET,B007NM84PQ,,New,26,1,0,18,9,0,0,0,INR,0,0.0,0,0.0,4,9,17,35,,11994.0,0.0,11994.0,0.0,NoRestockExcessActionRequired,27,0.0,0,0,0.0,0.98,0.001366,cubic meter,,0.035507,IN,,5862,,0,12,10,11994.0,40657.61,91479.66,172788.99,355741.54,3,2,13,9,0,0,0,49.75,1,0,1,0,1,0,2026-07-14,28,1,0,
2026-07-16,FBA79803,X002BE9GZL,B07T62XNWY,,New,2,0,0,1,2,0,0,0,INR,1,56.83,0,0.0,0,0,0,0,Low traffic,17994.0,0.0,17994.0,0.0,Advertise listing,0,0.0,0,0,28139.76,0.0,0.002468,cubic meter,,0.004937,IN,,67964,,2,,,17994.0,0.0,0.0,0.0,0.0,0,1,0,1,1,0,0,55.52,0,0,0,0,1,0,2026-07-14,2,1,0,
2026-07-16,FBS70827,X002844YU1,B07MM5MH6F,,New,22,0,0,21,0,0,0,0,INR,0,0.0,0,0.0,3,10,19,26,Low traffic,12994.0,0.0,12994.0,0.0,NoRestockExcessActionRequired,2,12990.0,52,0,49286.49,1.58,0.00192,cubic meter,,0.042229,IN,,3476,,0,10,12,12994.0,33035.58,110118.6,209219.46,286299.96,20,1,0,0,0,0,0,67.9,3,0,3,0,0,0,2026-07-14,25,0,0,
2026-07-16,FBA79932,X002FTXHDJ,B0FTML3VHG,,New,19,0,0,19,0,0,0,0,INR,0,0.0,0,0.0,3,15,23,38,,13494.0,0.0,13494.0,0.0,NoRestockExcessActionRequired,19,0.0,0,0,0.0,2.17,0.0018,cubic meter,,0.034195,IN,,6216,,0,6,8,13494.0,34306.78,171533.94,263019.54,434566.14,11,8,0,0,0,0,0,47.01,5,5,0,0,0,0,2026-07-14,24,0,0,
2026-07-16,FBS66995,X00284B1KR,B00PW3J8LM,,New,5,0,0,5,0,0,0,0,INR,0,0.0,0,0.0,0,3,5,7,Low traffic,19494.0,0.0,19494.0,0.0,NoRestockExcessActionRequired,0,0.0,0,0,58166.3,0.93,5.83E-4,cubic meter,,0.002916,IN,,14848,,0,9,13,19494.0,0.0,49561.02,82600.85,115641.53,0,0,5,0,0,0,0,4.7,2,2,0,0,0,0,2026-07-14,7,0,0,
2026-07-16,FBA80071,X002IPPF7L,B0GF785MMZ,,New,3,0,0,1,2,0,0,0,INR,0,0.0,0,0.0,0,2,3,3,Low traffic,14995.0,0.0,14995.0,0.0,NoRestockExcessActionRequired,0,0.0,0,0,6064.43,0.67,0.001742,cubic meter,,0.005226,IN,,22852,,3,6,13,14995.0,0.0,25415.26,38122.89,38122.89,1,0,0,2,0,0,0,109.36,0,0,0,0,0,1,2026-07-14,3,0,0,
2026-07-16,FBA79880,X002E9HTB1,B0FJ2SQTNR,,New,5,0,0,3,2,0,0,0,INR,1,23.6,0,0.0,0,0,1,2,Low traffic,15994.0,0.0,15994.0,0.0,NoRestockExcessActionRequired,0,0.0,0,0,41166.27,0.44,5.7E-4,cubic meter,,0.002851,IN,,33969,,5,,32,15994.0,0.0,0.0,13554.24,27108.48,0,3,0,1,1,0,0,26.66,0,0,0,0,0,0,2026-07-14,5,0,0,
2026-07-16,FBA80227,X002MRJZN5,B07SW9C6ZH,,New,0,2,0,2,0,0,0,0,INR,0,0.0,0,0.0,,,,,Low traffic,15495.0,0.0,15495.0,0.0,NoRestockExcessActionRequired,,,0,0,,0.0,9.76E-4,cubic meter,,0.0,IN,,,,0,,,15495.0,,,,,2,0,0,0,0,0,0,,0,0,0,0,0,0,2026-07-14,2,0,0,
2026-07-16,FBA79930,X002FTXN65,B0FS5QZRYB,,New,18,1,0,20,0,0,0,0,INR,0,0.0,0,0.0,3,7,9,22,Low traffic,11994.0,0.0,11994.0,0.0,NoRestockExcessActionRequired,19,0.0,0,0,0.0,1.11,0.00183,cubic meter,,0.032944,IN,,4397,,0,10,10,11994.0,30493.21,71150.83,91479.63,223627.93,0,10,10,0,0,0,0,47.84,0,0,0,0,0,0,2026-07-14,19,0,0,
2026-07-16,FBA79857,X002E9HB7N,B0FFJG71QJ,,New,2,0,0,2,0,0,2,0,INR,2,47.81,0,0.0,,,,,Low traffic,19995.0,0.0,19995.0,0.0,Create removal order,0,19990.0,9,0,5055.77,0.0,0.001038,cubic meter,,0.002077,IN,,,,2,,,19995.0,,,,,0,2,0,0,0,2,0,43.55,0,0,0,0,2,0,2026-07-14,2,2,0,
2026-07-16,FBA80053,X002IPGAG1,B0GF73VZZ2,,New,4,0,0,4,0,0,0,0,INR,0,0.0,0,0.0,1,1,1,1,Low traffic,22995.0,0.0,22995.0,0.0,Advertise listing,0,0.0,0,0,7405.59,0.29,7.6E-4,cubic meter,,0.003041,IN,,8699,,0,16,52,22995.0,19487.28,19487.28,19487.28,19487.28,0,0,4,0,0,0,0,4.9,0,0,0,0,0,0,2026-07-14,4,0,0,
2026-07-16,FBA79918,X002FTL993,B0FTMKHR8H,,New,3,0,0,3,0,0,0,0,INR,0,0.0,0,0.0,0,0,1,1,Low traffic,15995.0,0.0,15995.0,0.0,NoRestockExcessActionRequired,0,0.0,0,0,36874.86,0.36,0.00183,cubic meter,,0.005489,IN,,,,0,,39,15995.0,0.0,0.0,13555.08,13555.08,1,2,0,0,0,0,0,79.65,0,0,0,0,0,0,2026-07-14,3,0,0,
2026-07-16,FBA79796,X002BECSOR,B0DT2ZQV18,,New,3,0,0,1,1,0,0,0,INR,0,0.0,0,0.0,0,2,4,4,Low traffic,11097.0,0.0,11097.0,0.0,NoRestockExcessActionRequired,0,0.0,0,0,19544.13,0.89,0.001212,cubic meter,,0.003636,IN,,15660,,3,6,9,11097.0,0.0,18808.48,37616.96,37616.96,0,0,1,1,0,0,0,5.86,0,0,0,0,0,0,2026-07-14,3,0,0,
2026-07-16,FBS79540,X00284AM43,B0D955B6SX,,New,1,0,0,0,0,2,0,0,INR,1,23.6,0,0.0,0,0,0,0,Low traffic,18494.0,0.0,18494.0,0.0,Advertise listing,0,0.0,0,0,4503.88,0.0,7.96E-4,cubic meter,,7.96E-4,IN,,40857,,1,,,18494.0,0.0,0.0,0.0,0.0,0,0,0,0,0,2,0,16.6,0,0,0,0,1,0,2026-07-14,1,1,0,
2026-07-16,FBA77972,X001Q74MGR,B0BQZH3LGP,,New,8,0,0,5,0,0,0,0,INR,0,0.0,0,0.0,2,10,19,21,Low traffic,12247.0,0.0,12247.0,0.0,CreateShippingPlan,0,0.0,0,0,56184.09,5.6,7.19E-4,cubic meter,,0.005749,IN,,,,0,4,6,12247.0,19274.57,102305.07,194227.95,223880.49,5,0,0,0,0,0,0,9.26,2,0,2,0,0,0,2026-07-14,10,0,0,
2026-07-16,FBA79925,X002FTVT0R,B0FRVBBDM9,,New,5,0,0,6,0,0,0,0,INR,0,0.0,0,0.0,3,15,26,29,Low traffic,9447.0,0.0,9447.0,0.0,CreateShippingPlan,0,0.0,0,0,26285.85,7.25,7.21E-4,cubic meter,,0.003606,IN,,7301,,0,2,4,9447.0,24017.79,120088.97,225306.75,259616.07,6,0,0,0,0,0,0,5.82,4,4,0,0,1,0,2026-07-14,9,1,0,
2026-07-16,FBS66636,X002844YSN,B004D4S7AY,,New,195,0,0,197,0,0,0,0,INR,0,0.0,0,0.0,7,27,82,128,,13494.0,0.0,13494.0,0.0,NoRestockExcessActionRequired,195,0.0,0,0,0.0,1.59,0.002883,cubic meter,,0.562212,IN,,5065,,0,28,19,13494.0,80049.17,308761.1,937718.79,1463756.14,183,14,0,0,0,0,0,843.13,0,0,0,0,0,0,2026-07-14,195,0,0,
2026-07-16,FBA80025,X002IPEUYP,B0GDJPJKSG,,New,5,0,0,5,0,0,0,0,INR,0,0.0,0,0.0,3,6,10,18,Low traffic,17494.0,0.0,17494.0,0.0,CreateShippingPlan,2,0.0,0,0,1441.6,3.27,7.21E-4,cubic meter,,0.003606,IN,,9162,,0,3,3,17494.0,44476.26,88954.22,148259.31,266869.54,3,2,0,0,0,0,0,5.25,0,0,0,0,0,0,2026-07-14,5,0,0,
2026-07-16,FBS69548,X00284E6D1,B012R0UNAW,,New,2,0,0,1,1,0,0,0,INR,0,0.0,0,0.0,2,4,5,7,,32494.0,0.0,32494.0,0.0,CreateShippingPlan,0,32490.0,48,0,40447.78,1.22,0.001173,cubic meter,,0.002346,IN,,7430,,2,2,3,32495.0,55074.58,110149.14,137686.42,192759.3,0,0,1,1,0,0,0,3.78,0,0,0,0,0,0,2026-07-14,2,0,0,
2026-07-16,FBA79760,X0029WZAG9,B0DP5JYG31,,New,3,0,0,3,0,0,0,0,INR,0,0.0,0,0.0,1,2,3,4,Low traffic,11497.0,0.0,11497.0,0.0,NoRestockExcessActionRequired,0,0.0,0,0,21905.19,0.8,7.6E-4,cubic meter,,0.002281,IN,,16058,,0,6,9,11497.0,9743.22,19487.28,29231.35,38975.41,0,0,3,0,0,0,0,3.67,0,0,0,0,0,0,2026-07-14,3,0,0,
2026-07-16,FBA79882,X002E9CN8Z,B0FCVPBY7Y,,New,41,0,0,45,0,0,0,0,INR,0,0.0,0,0.0,18,111,126,185,,14494.0,0.0,14494.0,0.0,NoRestockExcessActionRequired,41,0.0,0,0,0.0,3.41,0.001757,cubic meter,,0.072023,IN,,972,,0,7,14,14494.0,221094.97,1363438.49,1547696.99,2272447.09,23,22,0,0,0,0,0,103.4,171,150,21,0,4,0,2026-07-14,212,1,3,
2026-07-16,FBA79529,X00241S2SN,B0D9362N4Q,,New,20,2,0,23,0,0,0,0,INR,0,0.0,0,0.0,3,8,18,28,Low traffic,13494.0,0.0,13494.0,0.0,NoRestockExcessActionRequired,8,0.0,0,0,8508.46,1.75,6.03E-4,cubic meter,,0.012056,IN,,4522,,0,10,9,13494.0,34309.32,91491.52,205850.01,320205.96,13,10,0,0,0,0,0,134.63,0,0,0,0,1,0,2026-07-14,22,1,0,
2026-07-16,FBA80220,X002MRKD1N,B0GDKG6QRV,,New,0,2,0,2,0,0,0,0,INR,0,0.0,0,0.0,,,,,Low traffic,19495.0,0.0,19495.0,0.0,NoRestockExcessActionRequired,,,0,0,,0.0,0.00202,cubic meter,,0.0,IN,,,,0,,,19495.0,,,,,2,0,0,0,0,0,0,,0,0,0,0,0,0,2026-07-14,2,0,0,
2026-07-16,FBA79890,X002E9F6YX,B0FJZZ6J3R,,New,2,0,0,2,0,0,2,0,INR,2,47.2,0,0.0,,,,,Low traffic,18396.0,0.0,18396.0,0.0,Create removal order,0,0.0,0,0,4916.91,0.0,7.6E-4,cubic meter,,0.00152,IN,,,,2,,,18396.0,,,,,0,2,0,0,0,2,0,31.83,0,0,0,0,2,0,2026-07-14,2,2,0,
2026-07-16,FBA79948,X002FTXT6J,B0FTL6L4WG,,New,3,0,0,2,0,1,0,0,INR,1,41.1,0,0.0,0,0,0,0,Low traffic,17147.0,0.0,17147.0,0.0,Create removal order,0,0.0,0,0,35071.5,0.0,0.001785,cubic meter,,0.005355,IN,,,,3,,,17147.0,0.0,0.0,0.0,0.0,0,1,1,0,0,1,0,43.17,0,0,0,0,0,0,2026-07-14,3,0,0,
2026-07-16,FBK67928,X001YV9KIZ,B001J1772I,,New,1,0,0,1,0,0,0,0,INR,0,0.0,0,0.0,1,2,3,4,Low traffic,13994.0,0.0,13994.0,0.0,CreateShippingPlan,0,0.0,0,0,1789.09,3.2,0.002704,cubic meter,,0.002704,IN,,10247,,0,2,3,13995.0,11859.32,23718.64,35577.96,47437.28,0,1,0,0,0,0,0,56.56,0,0,0,0,0,0,2026-07-14,1,0,0,
2026-07-16,FBA80095,X002JE5GOD,B0CHXGWVZJ,,New,19,0,0,17,0,0,0,0,INR,0,0.0,0,0.0,3,14,27,40,,17494.0,0.0,17494.0,0.0,CreateShippingPlan,19,0.0,0,0,0.0,4.44,0.001845,cubic meter,,0.03506,IN,,2840,,0,6,7,17494.0,44476.26,207555.88,400288.04,593029.56,17,0,0,0,0,0,0,45.21,3,0,3,0,0,0,2026-07-14,22,0,0,
2026-07-16,FBA79743,X0029X0YU5,B0DSBQWH32,,New,3,0,0,3,0,0,0,0,INR,0,0.0,0,0.0,0,1,5,6,Low traffic,12946.0,0.0,12946.0,0.0,CreateShippingPlan,0,0.0,0,0,15744.76,2.67,5.92E-4,cubic meter,,0.001777,IN,,17241,,0,12,6,12946.0,0.0,10971.19,59559.32,75232.2,3,0,0,0,0,0,0,25.65,0,0,0,0,0,0,2026-07-14,3,0,0,
2026-07-16,FBA80048,X002IPFBAR,B0GF71CV69,,New,4,0,0,0,4,0,0,0,INR,0,0.0,0,0.0,,,,,Low traffic,15995.0,0.0,15995.0,0.0,Advertise listing,0,0.0,0,0,6011.0,0.0,8.03E-4,cubic meter,,0.003212,IN,,,,5,,,15995.0,,,,,0,0,0,4,0,0,0,5.18,1,0,1,0,0,0,2026-07-14,5,0,0,
2026-07-16,FBA79898,X002E9H6I7,B07T2XY7V5,,New,2,0,0,0,0,0,2,0,INR,1,23.6,0,0.0,,,,,Low traffic,21495.0,0.0,21495.0,0.0,Create removal order,0,0.0,0,0,5024.14,0.0,9.17E-4,cubic meter,,0.001835,IN,,,,2,,,21495.0,,,,,0,0,0,0,0,2,0,38.45,0,0,0,0,0,0,2026-07-14,2,0,0,
2026-07-16,FBA79305,X001ZASDVF,B0CR5PZRNY,,New,3,0,0,0,6,0,1,0,INR,5,119.53,0,0.0,0,0,0,1,Low traffic,26994.0,0.0,26994.0,0.0,NoRestockExcessActionRequired,0,0.0,0,0,40471.48,0.14,0.001038,cubic meter,,0.003115,IN,,41566,,3,,39,26994.0,0.0,0.0,0.0,22876.28,0,0,0,2,4,1,0,25.04,0,0,0,0,4,0,2026-07-14,3,3,1,
2026-07-16,FBS79637,X00284BXJL,B0DC64BD5R,,New,2,0,0,3,0,0,0,0,INR,0,0.0,0,0.0,2,17,31,40,,8697.0,0.0,8697.0,0.0,CreateShippingPlan,2,0.0,0,0,0.0,4.44,5.81E-4,cubic meter,,0.001162,IN,,,,0,2,3,8697.0,14738.98,125290.7,233385.63,307090.74,3,0,0,0,0,0,0,0.55,10,8,2,0,0,0,2026-07-14,12,0,0,
2026-07-16,FBS79311,X00284ALW1,B0CRCZYDY6,,New,3,0,0,1,2,0,0,0,INR,0,0.0,0,0.0,0,0,0,1,Low traffic,24495.0,0.0,24495.0,0.0,NoRestockExcessActionRequired,0,0.0,0,0,40642.35,0.33,0.002627,cubic meter,,0.007882,IN,,40063,,3,,39,24495.0,0.0,0.0,0.0,20758.48,0,0,1,2,0,0,0,12.72,0,0,0,0,0,0,2026-07-14,3,0,0,
2026-07-16,FBA79341,X001ZLT331,B0CSK4ZCQH,,New,2,0,0,1,1,0,0,0,INR,1,23.6,0,0.0,0,0,1,1,Low traffic,13197.0,0.0,13197.0,0.0,NoRestockExcessActionRequired,0,0.0,0,0,11908.36,0.4,7.87E-4,cubic meter,,0.001574,IN,,32815,,2,,26,13197.0,0.0,0.0,11183.9,11183.9,1,0,0,0,1,0,0,32.93,0,0,0,0,0,0,2026-07-14,2,0,0,
2026-07-16,FBA80046,X002IPBH6T,B0GF7BR5NH,,New,8,0,0,8,0,0,0,0,INR,0,0.0,0,0.0,2,6,9,12,Low traffic,12995.0,0.0,12995.0,0.0,NoRestockExcessActionRequired,0,0.0,0,0,69294.8,1.78,0.001724,cubic meter,,0.01379,IN,,6645,,0,6,9,12995.0,22025.42,66076.27,99114.41,132152.55,8,0,0,0,0,0,0,155.64,1,0,1,0,0,1,2026-07-14,9,0,0,
2026-07-16,FBA80222,X002MRIN4H,B0GHJMFM23,,New,0,1,0,1,0,0,0,0,INR,0,0.0,0,0.0,,,,,Low traffic,18495.0,0.0,18495.0,0.0,NoRestockExcessActionRequired,,,0,0,,0.0,0.001038,cubic meter,,0.0,IN,,,,0,,,18495.0,,,,,1,0,0,0,0,0,0,,0,0,0,0,0,0,2026-07-14,1,0,0,
2026-07-16,FBA79892,X002E9G0R5,B0FK237HV4,,New,3,0,0,2,0,0,1,0,INR,1,23.6,0,0.0,0,0,1,1,Low traffic,22995.0,0.0,22995.0,0.0,NoRestockExcessActionRequired,0,0.0,0,0,34641.57,0.4,7.6E-4,cubic meter,,0.002281,IN,,32400,,3,,39,22995.0,0.0,0.0,19487.28,19487.28,2,0,0,0,0,1,0,47.68,0,0,0,0,0,0,2026-07-14,3,0,0,
2026-07-16,FBA80072,X002IPSPJ1,B0GF6W4YCD,,New,4,0,0,0,4,0,0,0,INR,0,0.0,0,0.0,,,,,Low traffic,14495.0,0.0,14495.0,0.0,Advertise listing,0,0.0,0,0,9151.79,0.0,0.001875,cubic meter,,0.007499,IN,,,,4,,,14495.0,,,,,0,0,0,4,0,0,0,156.98,0,0,0,0,0,0,2026-07-14,4,0,0,
2026-07-16,FBA79495,X00241X1GB,B0DB1J1HST,,New,4,0,0,1,3,0,0,0,INR,0,0.0,0,0.0,0,0,0,0,Low traffic,19994.0,0.0,19994.0,0.0,Advertise listing,0,0.0,0,0,25553.35,0.0,0.001038,cubic meter,,0.004153,IN,,48227,,4,,,19995.0,0.0,0.0,0.0,0.0,0,1,0,3,0,0,0,46.73,0,0,0,0,0,0,2026-07-14,4,0,0,
2026-07-16,FBS69614,X002844Z73,B00944CXEY,,New,1,0,0,1,0,0,0,0,INR,0,0.0,0,0.0,1,12,16,23,,12297.0,0.0,12297.0,0.0,CreateShippingPlan,0,0.0,0,0,6902.5,4.84,9.43E-4,cubic meter,,9.43E-4,IN,,2464,,0,2,3,12297.0,10420.34,125044.08,170197.47,255289.87,1,0,0,0,0,0,0,1.52,5,4,1,0,0,1,2026-07-14,6,0,0,
2026-07-16,FBS79632,X00284AJD7,B0DJ2Y1BG6,,New,6,0,0,1,5,0,0,0,INR,0,0.0,0,0.0,0,2,3,4,Low traffic,15994.0,0.0,15994.0,0.0,NoRestockExcessActionRequired,0,0.0,0,0,55645.48,0.5,5.81E-4,cubic meter,,0.003487,IN,,14700,,6,12,19,15994.0,0.0,27109.32,40664.4,54219.48,0,0,1,5,0,0,0,39.28,0,0,0,0,0,0,2026-07-14,6,0,0,
2026-07-16,FBA79727,X0029WZEN3,B0DT381WY9,,New,2,0,0,2,0,0,0,0,INR,0,0.0,0,0.0,0,7,10,10,Low traffic,11097.0,0.0,11097.0,0.0,NoRestockExcessActionRequired,0,0.0,0,0,12179.88,3.64,0.001178,cubic meter,,0.002356,IN,,3510,,0,4,9,11097.0,0.0,65824.56,94037.28,94037.28,2,0,0,0,0,0,0,3.8,5,4,1,0,0,1,2026-07-14,7,0,0,
2026-07-16,FBS79336,X002844ZU5,B0CRD7DH79,,New,3,0,0,3,0,0,0,0,INR,0,0.0,0,0.0,0,2,5,6,Low traffic,11997.0,0.0,11997.0,0.0,CreateShippingPlan,0,0.0,0,0,18578.39,2.18,6.88E-4,cubic meter,,0.002064,IN,,17960,,0,6,6,11997.0,0.0,18977.96,51510.16,60999.14,3,0,0,0,0,0,0,29.9,0,0,0,0,0,0,2026-07-14,3,0,0,
2026-07-16,FBA79795,X002BEH5F9,B0DT3F8L97,,New,3,0,0,1,1,0,0,1,INR,0,0.0,1,54.32,0,0,0,0,Low traffic,15995.0,0.0,15995.0,0.0,Create removal order,0,0.0,0,0,30935.24,0.0,0.00118,cubic meter,,0.003539,IN,,67785,,3,,,15995.0,0.0,0.0,0.0,0.0,0,1,0,1,0,0,0,96.8,0,0,0,0,0,0,2026-07-14,3,0,0,
2026-07-16,FBA79761,X0029WYPWJ,B0DP5J526J,,New,3,0,0,2,1,2,0,0,INR,2,47.2,0,0.0,0,0,0,0,Low traffic,12297.0,0.0,12297.0,0.0,Advertise listing,0,0.0,0,0,15995.02,0.0,7.6E-4,cubic meter,,0.002281,IN,,37731,,3,,,12297.0,0.0,0.0,0.0,0.0,0,1,1,1,0,2,0,32.97,0,0,0,0,2,0,2026-07-14,3,2,0,
2026-07-16,FBO67803,X001Q1WUY9,B01487C7CO,,New,26,0,0,26,0,0,0,0,INR,0,0.0,0,0.0,2,7,16,26,,19994.0,0.0,19994.0,0.0,NoRestockExcessActionRequired,9,19990.0,48,0,64818.8,1.02,0.001815,cubic meter,,0.04719,IN,,7567,,0,14,13,19994.0,33888.13,118608.47,271098.3,440535.58,6,13,7,0,0,0,0,319.33,0,0,0,0,0,1,2026-07-14,26,0,0,
2026-07-16,FBA79634,X00266T7NF,B0DJ2Z6JSW,,New,5,0,0,2,2,0,0,1,INR,0,0.0,1,47.2,0,0,0,0,Low traffic,16493.0,0.0,16493.0,0.0,Create removal order,0,0.0,0,0,59404.01,0.0,5.81E-4,cubic meter,,0.002906,IN,,74874,,5,,,16493.0,0.0,0.0,0.0,0.0,0,2,0,2,0,0,0,72.08,0,0,0,0,0,0,2026-07-14,5,0,0,
2026-07-16,FBS79618,X00284AJDH,B0DJ2XCDJ1,,New,2,0,0,2,0,0,0,0,INR,0,0.0,0,0.0,0,1,1,1,Low traffic,24495.0,0.0,24495.0,0.0,CreateShippingPlan,0,0.0,0,0,30155.94,0.8,0.001271,cubic meter,,0.002542,IN,,30123,,0,8,26,24495.0,0.0,20758.47,20758.47,20758.47,1,1,0,0,0,0,0,4.1,0,0,0,0,0,0,2026-07-14,2,0,0,
2026-07-16,FBS76490,X00284BX2X,B08HGVDKFH,,New,2,0,0,0,3,0,0,0,INR,2,120.93,0,0.0,,,,,Low traffic,15995.0,0.0,15995.0,0.0,Advertise listing,0,15990.0,9,0,7363.36,0.0,0.002626,cubic meter,,0.005252,IN,,,,2,,,15995.0,,,,,0,0,0,0,3,0,0,110.03,0,0,0,0,1,0,2026-07-14,2,1,0,
2026-07-16,FBS79515,X00284AM9X,B0D8572WTJ,,New,11,0,0,11,0,0,0,0,INR,0,0.0,0,0.0,0,6,10,19,Low traffic,15994.0,0.0,15994.0,0.0,NoRestockExcessActionRequired,11,0.0,0,0,0.0,1.38,0.001891,cubic meter,,0.020804,IN,,12042,,0,8,8,15994.0,0.0,81325.44,135539.0,257523.74,3,8,0,0,0,0,0,29.86,1,0,1,0,0,0,2026-07-14,12,0,0,
2026-07-16,FBS79557,X002844XBL,B0D955NZTN,,New,3,0,0,3,0,0,0,0,INR,0,0.0,0,0.0,3,9,14,17,Low traffic,9797.0,0.0,9797.0,0.0,CreateShippingPlan,0,0.0,0,0,17637.41,5.67,8.04E-4,cubic meter,,0.002412,IN,,3160,,0,1,2,9797.0,24910.16,74730.49,118322.86,149461.84,3,0,0,0,0,0,0,66.04,0,0,0,0,0,1,2026-07-14,3,0,0,
2026-07-16,FBA79349,X0028X0MRL,B0D9KDQCCM,,New,1,0,0,2,0,0,0,0,INR,0,0.0,0,0.0,0,9,77,118,Low traffic,999.0,0.0,999.0,0.0,CreateShippingPlan,2,0.0,0,0,0.0,2.41,0.002231,cubic meter,,0.002231,IN,,100668,,0,0,0,1039.0,0.0,8562.82,73259.78,112268.15,2,0,0,0,0,0,0,1.81,0,0,0,0,1,0,2026-07-14,1,0,1,
2026-07-16,FBA80235,X002MRJZTJ,B0GF71S5WW,,New,0,3,0,3,0,0,0,0,INR,0,0.0,0,0.0,,,,,Low traffic,24495.0,0.0,24495.0,0.0,NoRestockExcessActionRequired,,,0,0,,0.0,8.11E-4,cubic meter,,0.0,IN,,,,0,,,24495.0,,,,,3,0,0,0,0,0,0,,0,0,0,0,0,0,2026-07-14,3,0,0,
2026-07-16,FBA80044,X002IPBH05,B0GF78441L,,New,6,0,0,6,0,0,0,0,INR,0,0.0,0,0.0,1,1,3,6,Low traffic,15994.0,0.0,15994.0,0.0,NoRestockExcessActionRequired,1,0.0,0,0,8234.51,1.04,5.77E-4,cubic meter,,0.00346,IN,,34355,,0,24,13,15994.0,13554.24,13554.24,40662.72,81327.96,2,1,3,0,0,0,0,38.96,0,0,0,0,0,0,2026-07-14,6,0,0,
2026-07-16,FBA79866,X002E9HASX,B0FFDLZV1H,,New,6,0,0,1,5,0,0,0,INR,2,47.2,0,0.0,0,0,0,1,Low traffic,17994.0,0.0,17994.0,0.0,NoRestockExcessActionRequired,0,0.0,0,0,51181.91,0.17,7.21E-4,cubic meter,,0.004327,IN,,31649,,6,,78,17994.0,0.0,0.0,0.0,15250.0,0,0,1,5,0,0,0,34.82,0,0,0,0,0,0,2026-07-14,6,0,0,
2026-07-16,FBA79858,X002E9CUWJ,B0FFJ4N8BK,,New,3,0,0,3,0,0,0,0,INR,0,0.0,0,0.0,1,4,6,6,Low traffic,19995.0,0.0,19995.0,0.0,CreateShippingPlan,0,0.0,0,0,40628.3,3.0,0.001038,cubic meter,,0.003115,IN,,15842,,0,3,6,19995.0,16944.92,67779.68,101669.52,101669.52,3,0,0,0,0,0,0,5.03,0,0,0,0,0,0,2026-07-14,3,0,0,
2026-07-16,FBA79738,X0029WTDRB,B0DSBN62LR,,New,6,0,0,6,0,0,0,0,INR,0,0.0,0,0.0,2,2,4,8,Low traffic,15994.0,0.0,15994.0,0.0,NoRestockExcessActionRequired,0,0.0,0,0,60581.97,1.28,0.001574,cubic meter,,0.009447,IN,,6700,,0,12,9,15994.0,27108.48,27108.48,54216.96,108433.92,0,1,5,0,0,0,0,15.25,0,0,0,0,0,0,2026-07-14,6,0,0,
2026-07-16,FBS69579,X002844Z41,B01MTYS3BW,,New,2,0,0,1,0,0,1,0,INR,1,45.32,0,0.0,0,1,1,1,,34995.0,0.0,34995.0,0.0,NoRestockExcessActionRequired,0,0.0,0,0,45354.26,0.5,0.001969,cubic meter,,0.003937,IN,,4006,,2,8,26,34995.0,0.0,29656.78,29656.78,29656.78,1,0,0,0,0,1,0,120.28,0,0,0,0,0,0,2026-07-14,2,0,0,
2026-07-16,FBS66633,X00284B1B1,B00AFTT8KE,,New,12,0,0,2,12,0,0,0,INR,0,0.0,0,0.0,1,5,9,12,Low traffic,12994.0,0.0,12994.0,0.0,NoRestockExcessActionRequired,4,0.0,0,0,21562.06,0.62,0.001921,cubic meter,,0.023049,IN,,4918,,8,9,13,12994.0,11011.86,55062.71,99111.01,132146.59,0,2,0,12,0,0,0,193.4,0,0,0,0,1,0,2026-07-14,12,0,1,
2026-07-16,FBA79724,X0029X1IM3,B0DT2ZS8T4,,New,3,0,0,2,1,0,0,0,INR,0,0.0,0,0.0,0,0,1,2,Low traffic,14697.0,0.0,14697.0,0.0,NoRestockExcessActionRequired,0,0.0,0,0,32362.32,0.73,0.002613,cubic meter,,0.007838,IN,,45242,,3,,19,14697.0,0.0,0.0,14531.36,26986.44,0,2,0,1,0,0,0,63.19,0,0,0,0,0,0,2026-07-14,3,0,0,
2026-07-16,FBA79883,X002E9FUNP,B0FCVRKB8C,,New,15,0,0,15,0,0,0,0,INR,0,0.0,0,0.0,4,10,20,30,Low traffic,14494.0,0.0,14494.0,0.0,CreateShippingPlan,15,0.0,0,0,0.0,1.88,6.77E-4,cubic meter,,0.010151,IN,,2485,,0,6,7,14494.0,49132.22,122830.56,245661.94,368500.94,6,9,0,0,0,0,0,14.52,2,2,0,0,0,0,2026-07-14,17,0,0,
2026-07-16,FBS74721,X00284ALDF,B00AMWDOEK,,New,6,0,0,4,0,0,0,0,INR,0,0.0,0,0.0,9,36,50,58,,9097.0,0.0,9097.0,0.0,CreateShippingPlan,6,0.0,0,0,0.0,1.66,0.002933,cubic meter,,0.017598,IN,,2238,,0,1,3,9097.0,69380.5,277509.31,395343.2,483436.4,4,0,0,0,0,0,0,17.86,10,10,0,0,0,0,2026-07-14,16,0,0,
2026-07-16,FBA79944,X002FTXD5L,B0FS6JY8XW,,New,1,0,0,0,0,2,0,0,INR,1,41.8,0,0.0,,,,,Low traffic,14495.0,0.0,14495.0,0.0,Create removal order,0,0.0,0,0,2860.92,0.0,0.001815,cubic meter,,0.001815,IN,,,,1,,,14495.0,,,,,0,0,0,0,0,2,0,38.05,0,0,0,0,1,0,2026-07-14,1,1,0,
2026-07-16,FBO69544,X001Q1Y0UL,B01GZZZ328,,New,2,0,0,1,1,0,0,0,INR,0,0.0,0,0.0,0,3,4,4,Low traffic,14493.0,0.0,14493.0,0.0,NoRestockExcessActionRequired,0,0.0,0,0,15661.65,1.0,0.001211,cubic meter,,0.002422,IN,,17231,,3,5,13,14493.0,0.0,36846.6,49128.8,49128.8,1,0,0,1,0,0,0,3.91,2,1,1,0,0,0,2026-07-14,4,0,0,
2026-07-16,FBS79310,X002844XBB,B0CRSQDJJ5,,New,6,0,0,2,4,0,0,0,INR,0,0.0,0,0.0,0,0,1,3,Low traffic,22995.0,0.0,22995.0,0.0,NoRestockExcessActionRequired,0,22990.0,52,0,70492.8,0.48,7.6E-4,cubic meter,,0.004561,IN,,29883,,6,,26,22995.0,0.0,0.0,19486.44,58459.32,0,1,1,4,0,0,0,21.96,0,0,0,0,0,0,2026-07-14,6,0,0,
2026-07-16,FBA79879,X002E9FQC5,B0FCVBY986,,New,4,0,0,1,1,1,0,0,INR,1,23.6,0,0.0,0,1,1,2,Low traffic,13494.0,0.0,13494.0,0.0,NoRestockExcessActionRequired,0,13490.0,52,0,32230.84,0.38,6.2E-4,cubic meter,,0.002481,IN,,16090,,4,16,26,13494.0,0.0,11435.59,11435.59,22871.19,1,0,0,1,0,1,0,39.93,0,0,0,0,0,0,2026-07-14,4,0,0,
2026-07-16,FBA79859,X002E9FBC5,B0FFJQB51R,,New,2,0,0,2,0,2,0,0,INR,2,47.81,0,0.0,,,,,Low traffic,14796.0,0.0,14796.0,0.0,Create removal order,0,0.0,0,0,4760.78,0.0,0.001038,cubic meter,,0.002077,IN,,,,2,,,14796.0,,,,,0,2,0,0,0,2,0,43.55,0,0,0,0,2,0,2026-07-14,2,2,0,
2026-07-16,FBA79797,X002BEDP3F,B0DT322B7L,,New,4,0,0,1,4,0,0,1,INR,2,55.2,1,55.21,,,,,Low traffic,19995.0,0.0,19995.0,0.0,Create removal order,0,0.0,0,0,10296.93,0.0,0.001199,cubic meter,,0.004796,IN,,,,4,,,19995.0,,,,,0,1,0,2,2,0,0,54.14,0,0,0,0,2,0,2026-07-14,4,2,0,
2026-07-16,FBA79798,X002BECYE1,B0DT32JDPV,,New,4,0,0,1,4,0,0,1,INR,2,54.8,1,54.81,,,,,Low traffic,24494.0,0.0,24494.0,0.0,Create removal order,0,0.0,0,0,11575.75,0.0,0.00119,cubic meter,,0.004761,IN,,,,4,,,24494.0,,,,,0,1,0,2,2,0,0,53.74,0,0,0,0,2,0,2026-07-14,4,2,0,
2026-07-16,FBS74927,X002844ZCN,B0846Q1JT5,,New,10,0,0,3,7,0,0,0,INR,0,0.0,0,0.0,1,4,9,12,Low traffic,15494.0,0.0,15494.0,0.0,CreateShippingPlan,0,0.0,0,0,110844.56,0.84,0.001801,cubic meter,,0.01801,IN,,6781,,10,10,10,15494.0,13130.51,52522.02,118177.12,157571.2,2,1,0,7,0,0,0,133.31,0,0,0,0,0,0,2026-07-14,10,0,0,
2026-07-16,FBA80067,X002IPU4K9,B0GF7561XM,,New,12,0,0,12,0,0,0,0,INR,0,0.0,0,0.0,1,4,10,17,Low traffic,12995.0,0.0,12995.0,0.0,NoRestockExcessActionRequired,0,0.0,0,0,81272.37,2.19,5.77E-4,cubic meter,,0.006921,IN,,12261,,0,12,9,12995.0,11012.71,44050.87,110127.15,187216.15,7,5,0,0,0,0,0,11.16,0,0,0,0,0,0,2026-07-14,12,0,0,
2026-07-16,FBS76941,X00284BSUZ,B0BFXL8ZP9,,New,22,0,0,18,4,0,0,0,INR,0,0.0,0,0.0,1,4,15,26,,12995.0,0.0,12995.0,0.0,NoRestockExcessActionRequired,0,12990.0,52,0,210442.97,0.99,0.001861,cubic meter,,0.040937,IN,,3594,,23,23,11,12995.0,11012.72,44050.87,165177.16,286304.26,1,14,3,4,0,0,0,137.96,1,0,1,0,0,0,2026-07-14,23,0,0,
2026-07-16,FBA79895,X002E9CRCR,B0FKBV3N4Y,,New,2,0,0,1,0,0,1,0,INR,1,23.6,0,0.0,1,1,1,1,Low traffic,20495.0,0.0,20495.0,0.0,NoRestockExcessActionRequired,0,0.0,0,0,4698.26,0.4,8.3E-4,cubic meter,,0.00166,IN,,13430,,2,8,26,20495.0,17368.64,17368.64,17368.64,17368.64,1,0,0,0,0,1,0,34.79,0,0,0,0,0,0,2026-07-14,2,0,0,
2026-07-16,FBS79518,X002844XHF,B0D84YD59Y,,New,6,0,0,3,4,0,0,0,INR,2,47.2,0,0.0,0,2,3,3,Low traffic,12494.0,0.0,12494.0,0.0,NoRestockExcessActionRequired,0,0.0,0,0,48701.46,0.41,7.43E-4,cubic meter,,0.004458,IN,,14588,,6,12,26,12494.0,0.0,21176.28,31764.42,31764.42,1,2,0,4,0,0,0,78.99,0,0,0,0,0,0,2026-07-14,6,0,0,
2026-07-16,FBA79875,X002E9HHHR,B0FCVLFLGF,,New,4,0,0,0,4,0,0,0,INR,0,0.0,0,0.0,2,3,6,6,Low traffic,8997.0,0.0,8997.0,0.0,NoRestockExcessActionRequired,0,0.0,0,0,19567.97,0.77,5.81E-4,cubic meter,,0.002325,IN,,11212,,5,6,10,8997.0,14232.2,21348.3,42696.6,42696.6,0,0,0,4,0,0,0,3.75,1,0,1,0,0,0,2026-07-14,5,0,0,
2026-07-16,FBO70527,X001Q1Z6AJ,B00NVAWTLY,,New,234,2,0,236,0,0,0,0,INR,0,0.0,0,0.0,25,118,238,334,,10147.0,0.0,10147.0,0.0,NoRestockExcessActionRequired,236,0.0,0,0,0.0,1.61,0.001785,cubic meter,,0.417798,IN,,1427,,0,8,9,10147.0,175621.18,878234.2,1809369.17,2589421.9,162,74,0,0,0,0,0,612.74,14,0,14,0,1,1,2026-07-14,250,1,0,
2026-07-16,FBA79894,X002E9H8E9,B0FK1FC978,,New,2,0,0,1,0,0,1,0,INR,1,23.6,0,0.0,0,0,0,2,Low traffic,20495.0,0.0,20495.0,0.0,NoRestockExcessActionRequired,0,0.0,0,0,23722.41,1.0,7.6E-4,cubic meter,,0.00152,IN,,40969,,2,,13,20495.0,0.0,0.0,0.0,34737.28,0,1,0,0,0,1,0,17.14,0,0,0,0,0,0,2026-07-14,2,0,0,
2026-07-16,FBS79503,X00284BTHR,B0D935S1B3,,New,5,0,0,1,4,0,0,0,INR,2,47.81,0,0.0,0,1,3,3,Low traffic,16797.0,0.0,16797.0,0.0,NoRestockExcessActionRequired,0,0.0,0,0,10021.88,0.48,0.001038,cubic meter,,0.005192,IN,,20041,,5,20,21,16797.0,0.0,14233.9,45076.28,45076.28,0,1,0,2,2,0,0,68.59,0,0,0,0,0,0,2026-07-14,5,0,0,
2026-07-16,FBS79283,X00284ALQH,B0CR5RR8Z6,,New,1,0,0,1,0,0,0,0,INR,0,0.0,0,0.0,1,1,2,2,Low traffic,16095.0,0.0,16095.0,0.0,CreateShippingPlan,0,0.0,0,0,1132.73,0.62,0.001201,cubic meter,,0.001201,IN,,18029,,0,4,6,16097.0,13639.83,13639.83,27281.36,27281.36,0,1,0,0,0,0,0,1.94,0,0,0,0,0,0,2026-07-14,1,0,0,
2026-07-16,FBA79533,X00241X1BV,B0D933B79H,,New,4,0,0,2,1,1,0,0,INR,1,23.6,0,0.0,0,0,0,1,Low traffic,11994.0,0.0,11994.0,0.0,NoRestockExcessActionRequired,0,11990.0,52,0,16265.03,0.27,8.28E-4,cubic meter,,0.003313,IN,,14038,,4,,52,11994.0,0.0,0.0,0.0,10164.41,0,0,2,1,0,1,0,21.28,0,0,0,0,0,0,2026-07-14,4,0,0,
2026-07-16,FBA79222,X001X99QQJ,B0C77Q5TQ5,,New,4,0,0,3,1,0,0,0,INR,0,0.0,0,0.0,0,0,1,2,Low traffic,11995.0,0.0,11995.0,0.0,NoRestockExcessActionRequired,0,11990.0,48,0,70184.72,0.42,6.12E-4,cubic meter,,0.002448,IN,,22523,,4,,26,11995.0,0.0,0.0,10165.26,20329.66,0,2,1,1,0,0,0,567.95,0,0,0,0,0,0,2026-07-14,4,0,0,
2026-07-16,FBA80093,X002J9G82H,B00H2ZDX00,,New,734,2,0,741,0,0,0,0,INR,0,0.0,0,0.0,72,262,431,618,,10147.0,0.0,10147.0,0.0,NoRestockExcessActionRequired,736,0.0,0,0,0.0,1.21,0.001786,cubic meter,,1.31107,IN,,644,,0,11,15,10147.0,519515.23,1948064.81,3256321.82,4775889.16,388,296,57,0,0,0,0,1833.76,25,0,20,5,3,2,2026-07-14,761,2,1,
2026-07-16,FBA79877,X002E9CR6D,B0FCVHPY4B,,New,2,0,0,2,0,0,0,0,INR,0,0.0,0,0.0,0,4,6,6,Low traffic,8997.0,0.0,8997.0,0.0,NoRestockExcessActionRequired,0,0.0,0,0,10926.13,1.71,6.33E-4,cubic meter,,0.001265,IN,,14168,,0,5,10,8997.0,0.0,28464.4,42696.6,42696.6,2,0,0,0,0,0,0,26.47,3,3,0,0,0,0,2026-07-14,5,0,0,
2026-07-16,FBA80245,X002MRMTTH,B0CLH9H16G,,New,0,2,0,2,0,0,0,0,INR,0,0.0,0,0.0,,,,,Low traffic,22995.0,0.0,22995.0,0.0,NoRestockExcessActionRequired,,,0,0,,0.0,0.001533,cubic meter,,0.0,IN,,,,0,,,,,,,,2,0,0,0,0,0,0,,0,0,0,0,0,0,2026-07-14,2,0,0,
2026-07-16,FBA79927,X002FTXCG1,B0FRVZ29NP,,New,5,0,0,5,0,0,0,0,INR,0,0.0,0,0.0,0,2,7,8,Low traffic,17994.0,0.0,17994.0,0.0,NoRestockExcessActionRequired,0,17990.0,52,0,66491.0,1.45,0.003248,cubic meter,,0.016238,IN,,19586,,0,10,8,17994.0,0.0,30498.3,106741.51,121991.51,5,0,0,0,0,0,0,88.66,0,0,0,0,0,1,2026-07-14,5,0,0,
2026-07-16,FBA79749,X0029WYD8Z,B0DSBQN2B9,,New,3,0,0,2,1,0,0,0,INR,1,23.6,0,0.0,0,1,1,1,Low traffic,15994.0,0.0,15994.0,0.0,NoRestockExcessActionRequired,0,0.0,0,0,15910.95,0.31,5.81E-4,cubic meter,,0.001743,IN,,17931,,3,12,39,15994.0,0.0,13554.24,13554.24,13554.24,0,2,0,0,1,0,0,36.49,0,0,0,0,0,0,2026-07-14,3,0,0,
2026-07-16,FBA80249,X002MRBKQ5,B0GTBY2FK6,,New,0,2,0,2,0,0,0,0,INR,0,0.0,0,0.0,,,,,Low traffic,26995.0,0.0,26995.0,0.0,NoRestockExcessActionRequired,,,0,0,,0.0,7.6E-4,cubic meter,,0.0,IN,,,,0,,,26995.0,,,,,2,0,0,0,0,0,0,,0,0,0,0,0,0,2026-07-14,2,0,0,
2026-07-16,FBA80057,X002IPHLTB,B07SW9WNP5,,New,3,0,0,0,3,0,0,0,INR,0,0.0,0,0.0,0,0,0,0,Low traffic,20495.0,0.0,20495.0,0.0,Advertise listing,0,0.0,0,0,43633.27,0.0,9.68E-4,cubic meter,,0.002905,IN,,63203,,3,,,20495.0,0.0,0.0,0.0,0.0,0,0,0,3,0,0,0,60.79,0,0,0,0,0,0,2026-07-14,3,0,0,
2026-07-16,FBA79377,X0020JZVT7,B0CCHLL1ZJ,,New,4,0,0,0,2,0,0,2,INR,0,0.0,2,95.63,0,0,0,0,Low traffic,15045.0,0.0,15045.0,0.0,Create removal order,0,15042.0,9,0,6587.56,0.0,0.001038,cubic meter,,0.004153,IN,,48281,,4,,,15045.0,0.0,0.0,0.0,0.0,0,0,0,2,0,0,0,86.92,0,0,0,0,0,0,2026-07-14,4,0,0,
2026-07-16,FBS74358,X002GTDODV,B01KNMEVDG,,New,1,0,0,1,0,0,0,0,INR,0,0.0,0,0.0,0,2,8,8,,9096.0,0.0,9096.0,0.0,CreateShippingPlan,1,0.0,0,0,0.0,32.0,0.001816,cubic meter,,0.001816,IN,,349,,0,2,1,9096.0,0.0,14316.1,58368.63,58368.63,1,0,0,0,0,0,0,0.74,0,0,0,0,0,0,2026-07-14,1,0,0,
2026-07-16,FBS75326,X00284BSG9,B09SHQSHBF,,New,3,1,0,2,0,0,0,0,INR,0,0.0,0,0.0,0,12,19,20,,17247.0,0.0,17247.0,0.0,CreateShippingPlan,0,0.0,0,0,45857.19,1.54,0.001906,cubic meter,,0.005717,IN,,2491,,0,4,7,17247.0,0.0,163677.99,259163.6,278649.2,2,0,0,0,0,0,0,12.3,9,8,1,0,0,0,2026-07-14,13,0,0,
2026-07-16,FBS79317,X002844ZOV,B0CR5S175Y,,New,2,0,0,2,0,0,0,0,INR,0,0.0,0,0.0,0,0,0,0,Low traffic,17995.0,0.0,17995.0,0.0,Advertise listing,0,0.0,0,0,17040.09,0.0,7.21E-4,cubic meter,,0.001442,IN,,29615,,0,,,17995.0,0.0,0.0,0.0,0.0,1,0,1,0,0,0,0,16.21,0,0,0,0,0,0,2026-07-14,2,0,0,
2026-07-16,FBA79805,X002BE8LPH,B07T3ZPD9X,,New,2,0,0,1,1,0,0,0,INR,0,0.0,0,0.0,1,1,1,1,Low traffic,10847.0,0.0,10847.0,0.0,NoRestockExcessActionRequired,0,0.0,0,0,4107.47,0.31,9.46E-4,cubic meter,,0.001892,IN,,10189,,2,8,26,10847.0,9192.38,9192.38,9192.38,9192.38,0,1,0,1,0,0,0,21.36,0,0,0,0,0,0,2026-07-14,2,0,0,
2026-07-16,FBA80064,X002IPTC1B,B0GDJ33ZQP,,New,4,0,0,0,4,0,0,0,INR,0,0.0,0,0.0,0,0,0,1,Low traffic,19995.0,0.0,19995.0,0.0,Advertise listing,0,0.0,0,0,57270.87,0.24,9.69E-4,cubic meter,,0.003876,IN,,60363,,4,,52,19995.0,0.0,0.0,0.0,16944.92,0,0,0,4,0,0,0,81.13,0,0,0,0,0,0,2026-07-14,4,0,0,
2026-07-16,FBO70774,X001Q1U0E1,B07MFZ6S2Q,,New,21,0,0,20,0,0,0,0,INR,0,0.0,0,0.0,3,10,15,26,Low traffic,14494.0,0.0,14494.0,0.0,NoRestockExcessActionRequired,21,0.0,0,0,0.0,1.33,0.001921,cubic meter,,0.040351,IN,,6355,,0,8,10,14494.0,36849.17,122830.55,184241.55,319350.91,11,2,7,0,0,0,0,59.05,0,0,0,0,0,1,2026-07-14,21,0,0,
2026-07-16,FBA79641,X00266RGFB,B0DJ2VFZWN,,New,17,0,0,17,0,0,0,0,INR,0,0.0,0,0.0,5,11,17,27,Low traffic,7995.0,0.0,7995.0,0.0,NoRestockExcessActionRequired,17,0.0,0,0,0.0,1.5,5.81E-4,cubic meter,,0.009879,IN,,2814,,0,6,8,7995.0,33877.1,74529.62,115182.14,182936.34,4,11,2,0,0,0,0,14.29,0,0,0,0,0,0,2026-07-14,17,0,0,
2026-07-16,FBA80221,X002MRNY55,B0GDX6M95H,,New,0,2,0,2,0,0,0,0,INR,0,0.0,0,0.0,,,,,Low traffic,19495.0,0.0,19495.0,0.0,NoRestockExcessActionRequired,,,0,0,,0.0,9.98E-4,cubic meter,,0.0,IN,,,,0,,,19495.0,,,,,2,0,0,0,0,0,0,,0,0,0,0,0,0,2026-07-14,2,0,0,
2026-07-16,FBO74245,X001Q1V84R,B084CG2ZVZ,,New,7,0,0,5,2,0,0,0,INR,2,91.25,0,0.0,0,1,3,5,Low traffic,14494.0,0.0,14494.0,0.0,NoRestockExcessActionRequired,0,14490.0,52,0,72154.29,0.69,0.001982,cubic meter,,0.013872,IN,,12001,,7,28,18,14494.0,0.0,12283.06,36848.31,61413.56,1,1,3,0,2,0,0,175.45,0,0,0,0,0,0,2026-07-14,7,0,0,
2026-07-16,FBA79917,X002FTZ72N,B0FTKCRHPQ,,New,2,0,0,2,0,0,0,0,INR,0,0.0,0,0.0,0,0,1,2,Low traffic,12947.0,0.0,12947.0,0.0,NoRestockExcessActionRequired,0,0.0,0,0,12105.89,0.89,0.001845,cubic meter,,0.00369,IN,,20975,,0,,13,12947.0,0.0,0.0,10972.04,26645.77,0,2,0,0,0,0,0,41.64,0,0,0,0,0,0,2026-07-14,2,0,0,
2026-07-16,FBA79499,X00241X1BB,B0D936YHDH,,New,2,0,0,2,0,0,0,0,INR,0,0.0,0,0.0,0,1,3,3,Low traffic,13996.0,0.0,13996.0,0.0,NoRestockExcessActionRequired,0,0.0,0,0,12443.6,3.0,0.001347,cubic meter,,0.002694,IN,,15868,,0,8,8,13996.0,0.0,11861.02,35584.74,35584.74,2,0,0,0,0,0,0,4.35,0,0,0,0,0,0,2026-07-14,2,0,0,
2026-07-16,FBS79627,X00284AM3J,B0DKJHSD8R,,New,73,1,0,65,0,0,0,0,INR,0,0.0,0,0.0,6,29,64,99,,15993.0,0.0,15993.0,0.0,NoRestockExcessActionRequired,74,0.0,0,0,0.0,1.87,0.001937,cubic meter,,0.141419,IN,,3480,,0,11,10,15993.0,81320.3,393053.3,867432.05,1341817.64,53,12,0,0,0,0,0,203.65,10,0,10,0,0,0,2026-07-14,84,0,0,
2026-07-16,FBO69556,X001Q1V8SX,B002LZUAFM,,New,3,0,0,3,0,0,0,0,INR,0,0.0,0,0.0,1,2,5,7,Low traffic,26995.0,0.0,26995.0,0.0,CreateShippingPlan,0,0.0,0,0,55246.67,2.8,0.002707,cubic meter,,0.008122,IN,,10419,,0,6,5,26995.0,22877.12,45754.24,114385.6,160139.84,3,0,0,0,0,0,0,65.47,0,0,0,0,0,1,2026-07-14,3,0,0,
2026-07-16,FBS79629,X002845095,B0DJ2X1477,,New,2,0,0,2,0,0,0,0,INR,0,0.0,0,0.0,0,1,3,4,Low traffic,12796.0,0.0,12796.0,0.0,CreateShippingPlan,0,0.0,0,0,13207.62,1.33,0.00183,cubic meter,,0.00366,IN,,24221,,0,8,6,12796.0,0.0,10844.06,37954.22,51509.3,0,1,1,0,0,0,0,5.9,0,0,0,0,0,0,2026-07-14,2,0,0,
2026-07-16,FBS79507,X002844ZRX,B0D9345QY7,,New,2,0,0,0,0,2,0,0,INR,1,23.91,0,0.0,0,0,0,1,Low traffic,38993.0,0.0,38993.0,0.0,NoRestockExcessActionRequired,0,0.0,0,0,39568.46,0.36,0.001038,cubic meter,,0.002077,IN,,43411,,2,,26,38993.0,0.0,0.0,0.0,33046.61,0,0,0,0,0,2,0,43.43,0,0,0,0,0,0,2026-07-14,2,0,0,
2026-07-16,FBA80233,X002MRH6YP,B0GTBY76NG,,New,0,3,0,3,0,0,0,0,INR,0,0.0,0,0.0,,,,,Low traffic,15495.0,0.0,15495.0,0.0,NoRestockExcessActionRequired,,,0,0,,0.0,5.7E-4,cubic meter,,0.0,IN,,,,0,,,15495.0,,,,,3,0,0,0,0,0,0,,0,0,0,0,0,0,2026-07-14,3,0,0,
2026-07-16,FBA79029,X001UXQ189,B0CBCWGTGR,,New,2,0,0,1,1,0,0,0,INR,0,0.0,0,0.0,0,1,1,2,Low traffic,9797.0,0.0,9797.0,0.0,NoRestockExcessActionRequired,0,0.0,0,0,13103.02,0.73,9.01E-4,cubic meter,,0.001803,IN,,31502,,2,8,13,9797.0,0.0,7116.1,7116.1,15418.64,0,0,1,1,0,0,0,2.91,0,0,0,0,0,0,2026-07-14,2,0,0,
2026-07-16,FBO66964,X001Q1U05P,B00WM0CF4A,,New,14,1,0,16,0,0,0,0,INR,0,0.0,0,0.0,24,97,158,247,,6997.0,0.0,6997.0,0.0,CreateShippingPlan,15,0.0,0,0,0.0,8.37,0.002829,cubic meter,,0.039605,IN,,983,,0,2,2,6997.0,142302.54,575106.06,936802.67,1464542.41,16,0,0,0,0,0,0,18.27,42,36,6,0,1,1,2026-07-14,57,1,0,
2026-07-16,FBS67266,X00284BSW3,B0058XWUHA,,New,8,0,0,8,0,0,0,0,INR,0,0.0,0,0.0,1,6,11,20,Low traffic,22995.0,0.0,22995.0,0.0,CreateShippingPlan,8,0.0,0,0,6.66,1.57,0.0018,cubic meter,,0.014403,IN,,11334,,0,5,5,22995.0,19487.28,116923.7,214357.59,389735.55,3,1,4,0,0,0,0,21.5,0,0,0,0,1,0,2026-07-14,8,0,1,
2026-07-16,FBA79148,X001WI2XNT,B0CF61X2BG,,New,12,0,0,2,12,0,0,0,INR,2,418.99,0,0.0,1,2,3,5,Low traffic,13494.0,0.0,13494.0,0.0,NoRestockExcessActionRequired,0,0.0,0,0,183698.0,0.32,5.75E-4,cubic meter,,0.006895,IN,,5208,,12,24,31,13495.0,11435.59,22871.19,34306.79,57177.99,0,1,1,12,0,0,0,703.03,0,0,0,0,2,0,2026-07-14,12,2,0,
2026-07-16,FBA79144,X001WIEUFX,B0CF5XZR93,,New,8,0,0,2,6,0,0,0,INR,0,0.0,0,0.0,0,0,3,5,Low traffic,13495.0,0.0,13495.0,0.0,NoRestockExcessActionRequired,0,13490.0,52,0,74840.11,0.54,0.001776,cubic meter,,0.01421,IN,,21212,,9,,23,13495.0,0.0,0.0,34306.78,57177.96,0,1,1,6,0,0,0,22.93,1,0,1,0,0,0,2026-07-14,9,0,0,
2026-07-16,FBS79539,X00284EZ3R,B0D955L5S7,,New,10,1,0,7,1,2,0,0,INR,2,47.2,0,0.0,1,2,4,6,Low traffic,18494.0,0.0,18494.0,0.0,NoRestockExcessActionRequired,0,18490.0,52,0,111393.3,0.62,7.53E-4,cubic meter,,0.007535,IN,,11201,,11,20,21,18494.0,15672.88,31346.6,62691.5,94037.26,1,5,1,1,0,2,0,100.84,0,0,0,0,0,0,2026-07-14,11,0,0,
2026-07-16,FBA80037,X002IPGEUX,B07SXFRLZZ,,New,2,0,0,0,2,0,0,0,INR,0,0.0,0,0.0,0,0,1,1,Low traffic,20495.0,0.0,20495.0,0.0,NoRestockExcessActionRequired,0,0.0,0,0,28367.12,0.4,9.59E-4,cubic meter,,0.001918,IN,,38035,,2,,26,20495.0,0.0,0.0,17368.64,17368.64,0,0,0,2,0,0,0,40.1,0,0,0,0,0,0,2026-07-14,2,0,0,
2026-07-16,FBO75077,X001Q1WV3T,B08QVCPDVT,,New,41,0,0,39,0,0,0,0,INR,0,0.0,0,0.0,2,15,32,54,,14494.0,0.0,14494.0,0.0,NoRestockExcessActionRequired,41,0.0,0,0,0.0,1.46,0.001937,cubic meter,,0.079427,IN,,3594,,0,12,11,14494.0,24566.12,184245.84,393046.66,663265.31,17,22,0,0,0,0,0,263.92,5,3,2,0,0,0,2026-07-14,46,0,0,
2026-07-16,FBA79640,X00266O85H,B0DJ2V3TH2,,New,11,0,0,11,0,0,0,0,INR,0,0.0,0,0.0,1,6,9,14,Low traffic,13494.0,0.0,13494.0,0.0,NoRestockExcessActionRequired,0,13490.0,52,0,93357.66,1.33,5.83E-4,cubic meter,,0.006414,IN,,10278,,0,7,10,13494.0,11435.59,68613.56,102917.8,160094.08,6,4,1,0,0,0,0,66.76,0,0,0,0,0,0,2026-07-14,11,0,0,
2026-07-16,FBA80232,X002MRHFY1,B0GTC7QS9P,,New,0,3,0,3,0,0,0,0,INR,0,0.0,0,0.0,,,,,Low traffic,15995.0,0.0,15995.0,0.0,NoRestockExcessActionRequired,,,0,0,,0.0,5.7E-4,cubic meter,,0.0,IN,,,,0,,,15995.0,,,,,3,0,0,0,0,0,0,,0,0,0,0,0,0,2026-07-14,3,0,0,
2026-07-16,FBS71628,X00284E6BD,B07RZ1R1HJ,,New,25,1,0,25,0,0,0,0,INR,0,0.0,0,0.0,3,7,22,34,Low traffic,12994.0,0.0,12994.0,0.0,CreateShippingPlan,26,0.0,0,0,0.0,1.35,0.001876,cubic meter,,0.046893,IN,,6844,,0,14,9,12994.0,33035.58,77083.02,242250.84,374387.28,14,10,1,0,0,0,0,386.6,0,0,0,0,0,0,2026-07-14,26,0,0,
2026-07-16,FBS79223,X00284BXA5,B0CFBB587Z,,New,9,0,0,6,3,0,0,0,INR,0,0.0,0,0.0,0,1,5,7,Low traffic,22995.0,0.0,22995.0,0.0,NoRestockExcessActionRequired,0,22990.0,52,0,137600.22,0.7,0.001815,cubic meter,,0.016338,IN,,16019,,9,36,16,22995.0,0.0,19487.29,97435.58,136408.46,2,0,4,3,0,0,0,26.38,0,0,0,0,0,1,2026-07-14,9,0,0,
2026-07-16,FBS79319,X002844ZM3,B0CRD2CVZL,,New,7,0,0,3,4,0,0,0,INR,0,0.0,0,0.0,1,3,5,8,Low traffic,11994.0,0.0,11994.0,0.0,NoRestockExcessActionRequired,0,11990.0,52,0,50724.64,0.76,6.29E-4,cubic meter,,0.004406,IN,,15483,,7,9,11,11994.0,10164.41,30493.22,50820.34,81313.57,0,1,2,4,0,0,0,7.11,0,0,0,0,0,0,2026-07-14,7,0,0,
2026-07-16,FBA79878,X002E9G0XT,B0FCVGHVV7,,New,3,0,0,2,0,0,1,0,INR,1,23.6,0,0.0,0,0,1,1,Low traffic,11995.0,0.0,11995.0,0.0,NoRestockExcessActionRequired,0,0.0,0,0,25972.42,0.36,8.02E-4,cubic meter,,0.002405,IN,,39744,,3,,39,11995.0,0.0,0.0,10165.25,10165.25,1,1,0,0,0,1,0,36.49,0,0,0,0,0,0,2026-07-14,3,0,0,
2026-07-16,FBA79804,X002BEH3Q5,B07T64HT6R,,New,2,0,0,1,1,0,0,0,INR,0,0.0,0,0.0,0,0,1,1,Low traffic,19995.0,0.0,19995.0,0.0,NoRestockExcessActionRequired,0,0.0,0,0,19412.49,0.44,9.56E-4,cubic meter,,0.001913,IN,,38091,,2,,26,19995.0,0.0,0.0,16944.92,16944.92,0,0,1,1,0,0,0,3.08,0,0,0,0,0,0,2026-07-14,2,0,0,
2026-07-16,FBA79873,X002E9IE83,B0FCVKH4TS,,New,3,0,0,3,0,0,0,0,INR,0,0.0,0,0.0,0,1,4,4,Low traffic,11197.0,0.0,11197.0,0.0,NoRestockExcessActionRequired,0,0.0,0,0,15536.28,1.78,6.13E-4,cubic meter,,0.00184,IN,,29506,,0,12,9,11197.0,0.0,9488.98,37955.92,37955.92,3,0,0,0,0,0,0,38.52,0,0,0,0,0,0,2026-07-14,3,0,0,
2026-07-16,FBS79040,X00284BTDL,B0CCHKHCTD,,New,3,0,0,3,0,0,0,0,INR,0,0.0,0,0.0,0,0,1,2,Low traffic,27997.0,0.0,27997.0,0.0,NoRestockExcessActionRequired,0,27992.0,52,0,53005.72,0.47,0.001038,cubic meter,,0.003115,IN,,25384,,0,,19,27997.0,0.0,0.0,23724.58,47450.0,0,3,0,0,0,0,0,5.03,0,0,0,0,0,0,2026-07-14,3,0,0,
2026-07-16,FBS77996,X00284BX0F,B0BS4BHNVN,,New,10,0,0,8,2,0,0,0,INR,0,0.0,0,0.0,0,3,6,11,Low traffic,24495.0,0.0,24495.0,0.0,NoRestockExcessActionRequired,0,24490.0,52,0,156649.19,0.88,0.001891,cubic meter,,0.018905,IN,,14546,,10,13,11,24495.0,0.0,62275.43,124548.32,228336.43,0,2,6,2,0,0,0,30.52,0,0,0,0,0,0,2026-07-14,10,0,0,
2026-07-16,FBA79876,X002E9HH81,B0FCVLB3FG,,New,4,0,0,4,0,0,0,0,INR,0,0.0,0,0.0,0,1,2,3,Low traffic,11995.0,0.0,11995.0,0.0,NoRestockExcessActionRequired,0,0.0,0,0,20014.97,0.75,7.01E-4,cubic meter,,0.002803,IN,,24178,,0,16,17,11995.0,0.0,10165.25,20330.5,30495.75,0,4,0,0,0,0,0,31.63,0,0,0,0,0,0,2026-07-14,4,0,0,
2026-07-16,FBS74972,X002844X4N,B09GYQ4RS7,,New,29,0,0,29,0,0,0,0,INR,0,0.0,0,0.0,0,4,17,28,,21994.0,0.0,21994.0,0.0,NoRestockExcessActionRequired,4,21990.0,52,0,82482.82,1.51,0.001861,cubic meter,,0.053955,IN,,10231,,0,29,13,21994.0,0.0,74555.92,316855.1,521877.16,15,14,0,0,0,0,0,86.55,0,0,0,0,0,0,2026-07-14,29,0,0,
2026-07-16,FBA79941,X002FTLBZF,B0FTKWD4HQ,,New,9,0,0,9,0,0,0,0,INR,0,0.0,0,0.0,0,0,2,8,Low traffic,11994.0,0.0,11994.0,0.0,NoRestockExcessActionRequired,0,0.0,0,0,68952.46,1.19,0.001815,cubic meter,,0.016338,IN,,25152,,0,,14,11994.0,0.0,0.0,20328.81,81315.26,4,2,3,0,0,0,0,26.37,0,0,0,0,0,0,2026-07-14,9,0,0,
2026-07-16,FBA79528,X00241X1HP,B0D93652ZY,,New,22,0,0,25,0,0,0,0,INR,0,0.0,0,0.0,15,73,104,135,,13494.0,0.0,13494.0,0.0,CreateShippingPlan,22,0.0,0,0,0.0,7.83,0.001861,cubic meter,,0.040931,IN,,1436,,0,1,2,13494.0,171533.93,834800.2,1189329.84,1543859.48,25,0,0,0,0,0,0,22.13,0,0,0,0,1,1,2026-07-14,22,1,0,
2026-07-16,FBA79729,X0029WZEKV,B0DT2Y9HRM,,New,1,0,0,1,0,0,0,0,INR,0,0.0,0,0.0,0,1,1,1,Low traffic,17147.0,0.0,17147.0,0.0,CreateShippingPlan,0,17142.0,34,0,11930.73,2.0,0.002682,cubic meter,,0.002682,IN,,29614,,0,8,26,17147.0,0.0,14531.36,14531.36,14531.36,1,0,0,0,0,0,0,55.4,1,0,1,0,0,0,2026-07-14,2,0,0,
2026-07-16,FBA79881,X002E9IDY3,B0FCVBJX29,,New,6,0,0,5,0,0,0,0,INR,0,0.0,0,0.0,0,2,3,4,Low traffic,12995.0,0.0,12995.0,0.0,NoRestockExcessActionRequired,0,0.0,0,0,36476.62,0.76,5.77E-4,cubic meter,,0.00346,IN,,20879,,0,12,19,12995.0,0.0,22025.42,33038.13,44050.85,0,2,3,0,0,0,0,5.59,0,0,0,0,0,0,2026-07-14,6,0,0,
2026-07-16,FBA80033,X002IPD4CJ,B0GDJNRRMD,,New,11,0,0,0,11,0,0,0,INR,0,0.0,0,0.0,0,0,0,3,Low traffic,14495.0,0.0,14495.0,0.0,NoRestockExcessActionRequired,0,0.0,0,0,87083.74,0.26,7.42E-4,cubic meter,,0.008164,IN,,40219,,11,,47,14495.0,0.0,0.0,0.0,36851.7,0,0,0,11,0,0,0,171.04,0,0,0,0,0,0,2026-07-14,11,0,0,
2026-07-16,FBA80032,X002IPBVMT,B0GDXH64ZW,,New,11,0,0,0,11,0,0,0,INR,0,0.0,0,0.0,0,0,1,1,Low traffic,14495.0,0.0,14495.0,0.0,Advertise listing,0,0.0,0,0,112798.72,0.09,7.21E-4,cubic meter,,0.007934,IN,,55268,,11,,143,14495.0,0.0,0.0,12283.9,12283.9,0,0,0,11,0,0,0,152.35,0,0,0,0,0,0,2026-07-14,11,0,0,
2026-07-16,FBS79334,X00284BO81,B0CRCWV9DV,,New,14,0,0,14,0,0,0,0,INR,0,0.0,0,0.0,1,9,13,20,Low traffic,15994.0,0.0,15994.0,0.0,NoRestockExcessActionRequired,0,15990.0,52,0,144873.89,1.07,0.001786,cubic meter,,0.025,IN,,9423,,0,7,11,15994.0,13554.24,121988.16,176202.56,271082.24,2,5,7,0,0,0,0,40.37,3,3,0,0,0,0,2026-07-14,17,0,0,
2026-07-16,FBA79806,X002BE9GY7,B07T2XYHYD,,New,2,0,0,0,2,0,0,0,INR,0,0.0,0,0.0,0,0,0,0,Low traffic,10846.0,0.0,10846.0,0.0,Advertise listing,0,10842.0,31,0,15950.14,0.0,9.27E-4,cubic meter,,0.001855,IN,,,,2,,,10846.0,0.0,0.0,0.0,0.0,0,0,0,2,0,0,0,2.99,0,0,0,0,0,0,2026-07-14,2,0,0,
2026-07-16,FBS79413,X00284EZ5F,B07T1X96CL,,New,2,0,0,2,0,0,0,0,INR,0,0.0,0,0.0,0,0,2,4,Low traffic,15045.0,0.0,15045.0,0.0,CreateShippingPlan,0,0.0,0,0,18754.71,1.78,9.01E-4,cubic meter,,0.001803,IN,,8187,,0,,6,15047.0,0.0,0.0,25503.39,51006.77,0,2,0,0,0,0,0,2.9,0,0,0,0,0,0,2026-07-14,2,0,0,
2026-07-16,FBO69631,X001Q1XW91,B077SMJP9Z,,New,6,0,0,2,4,0,0,0,INR,1,45.32,0,0.0,0,1,1,1,Low traffic,8245.0,0.0,8245.0,0.0,Advertise listing,0,0.0,0,0,33790.39,0.17,0.001969,cubic meter,,0.011811,IN,,12101,,6,24,78,8245.0,0.0,6988.14,6988.14,6988.14,0,2,0,3,1,0,0,133.31,0,0,0,0,0,0,2026-07-14,6,0,0,
2026-07-16,FBA80096,X002JE1WNH,B07WQ9WRJ9,,New,80,0,0,40,41,0,0,0,INR,0,0.0,0,0.0,0,3,10,20,Low traffic,6996.0,0.0,6996.0,0.0,Advertise listing,38,6992.0,48,0,49069.98,0.25,0.001906,cubic meter,,0.15249,IN,,,,42,106,52,6996.0,0.0,14990.67,53106.77,109857.61,1,0,39,41,0,0,0,240.13,0,0,0,0,0,0,2026-07-14,80,0,0,
2026-07-16,FBS79642,X00284AMC5,B0DJ2Y4J4Q,,New,8,0,0,8,0,0,0,0,INR,0,0.0,0,0.0,0,1,3,6,Low traffic,19494.0,0.0,19494.0,0.0,NoRestockExcessActionRequired,0,0.0,0,0,83078.58,0.89,0.001876,cubic meter,,0.015008,IN,,21157,,0,36,19,19494.0,0.0,16520.34,49559.32,99121.18,0,5,3,0,0,0,0,24.23,1,0,1,0,0,0,2026-07-14,9,0,0,
2026-07-16,FBA79538,X00241X1AR,B0D936P9C1,,New,6,0,0,3,3,0,0,0,INR,0,0.0,0,0.0,0,0,3,4,Low traffic,19994.0,0.0,19994.0,0.0,NoRestockExcessActionRequired,0,0.0,0,0,67532.74,0.64,5.75E-4,cubic meter,,0.003447,IN,,22895,,6,,19,19994.0,0.0,0.0,50834.76,67779.68,0,3,0,3,0,0,0,38.85,0,0,0,0,0,0,2026-07-14,6,0,0,
2026-07-16,FBA80069,X002IPSPGT,B0GF72GF8N,,New,3,0,0,0,3,0,0,0,INR,0,0.0,0,0.0,0,0,0,2,Low traffic,14995.0,0.0,14995.0,0.0,NoRestockExcessActionRequired,3,0.0,0,0,0.0,0.57,7.6E-4,cubic meter,,0.002281,IN,,48110,,0,,19,14995.0,0.0,0.0,0.0,25415.26,0,0,0,3,0,0,0,24.0,0,0,0,0,0,0,2026-07-14,3,0,0,
2026-07-16,FBA79728,X0029X1IIR,B0DT2KTXK3,,New,2,0,0,3,0,0,0,0,INR,0,0.0,0,0.0,0,2,2,3,Low traffic,16797.0,0.0,16797.0,0.0,NoRestockExcessActionRequired,0,0.0,0,0,21164.74,0.8,0.001211,cubic meter,,0.002422,IN,,14529,,0,4,8,16797.0,0.0,28469.49,28469.49,42704.24,0,1,2,0,0,0,0,3.9,0,0,0,0,0,0,2026-07-14,2,0,0,
2026-07-16,FBS74838,X00284BSFP,B09BBK2LV4,,New,2,0,0,2,0,0,0,0,INR,0,0.0,0,0.0,0,2,3,3,Low traffic,27994.0,0.0,27994.0,0.0,CreateShippingPlan,0,0.0,0,0,32948.21,1.0,0.001922,cubic meter,,0.003844,IN,,16026,,0,4,8,27994.0,0.0,47449.16,71173.74,71173.74,1,0,1,0,0,0,0,6.19,0,0,0,0,0,0,2026-07-14,2,0,0,
2026-07-16,FBA79856,X002E9E095,B0FFJPKHZL,,New,3,0,0,3,0,0,1,0,INR,1,23.91,0,0.0,0,1,1,2,Low traffic,18494.0,0.0,18494.0,0.0,NoRestockExcessActionRequired,0,0.0,0,0,27723.62,0.62,0.001038,cubic meter,,0.003115,IN,,61113,,3,12,19,18494.0,0.0,15672.88,15672.88,31345.76,1,2,0,0,0,1,0,45.22,0,0,0,0,1,0,2026-07-14,3,1,0,
2026-07-16,FBA79923,X002FTZJNZ,B0FRW51FQF,,New,3,0,0,0,2,1,0,0,INR,1,23.6,0,0.0,0,0,0,0,Low traffic,11495.0,0.0,11495.0,0.0,Create removal order,0,0.0,0,0,19227.53,0.0,7.21E-4,cubic meter,,0.002164,IN,,46274,,3,,,11495.0,0.0,0.0,0.0,0.0,0,0,0,2,0,1,0,45.31,0,0,0,0,0,0,2026-07-14,3,0,0,
2026-07-16,FBA79742,X0029WTDPN,B0DSBRQNM8,,New,3,0,0,3,0,0,0,0,INR,0,0.0,0,0.0,3,6,13,15,Low traffic,12947.0,0.0,12947.0,0.0,CreateShippingPlan,0,0.0,0,0,18383.64,7.5,6.88E-4,cubic meter,,0.002064,IN,,4665,,0,3,4,12947.0,32916.09,65832.19,142636.41,173983.85,3,0,0,0,0,0,0,3.33,2,2,0,0,0,0,2026-07-14,5,0,0,
2026-07-16,FBS79500,X00284ALWV,B0D935TKFD,,New,4,0,0,2,2,0,0,0,INR,0,0.0,0,0.0,0,0,0,0,Low traffic,22994.0,0.0,22994.0,0.0,Advertise listing,0,0.0,0,0,50280.81,0.0,0.004154,cubic meter,,0.016616,IN,,44622,,4,,,22994.0,0.0,0.0,0.0,0.0,0,2,0,2,0,0,0,26.81,0,0,0,0,0,0,2026-07-14,4,0,0,
2026-07-16,FBS74758,X002844ZCD,B0846PC77Q,,New,9,0,0,4,4,0,0,0,INR,0,0.0,0,0.0,1,2,3,5,Low traffic,15495.0,0.0,15495.0,0.0,NoRestockExcessActionRequired,0,15490.0,52,0,93419.21,0.48,0.001937,cubic meter,,0.017435,IN,,19554,,9,18,23,15495.0,13131.36,26262.72,39394.08,65655.09,0,0,4,4,0,0,0,28.15,0,0,0,0,1,0,2026-07-14,9,1,0,
2026-07-16,FBA80038,X002IPD9MT,B0GDJJ86QY,,New,3,0,0,3,0,0,0,0,INR,0,0.0,0,0.0,,,,,Low traffic,15995.0,0.0,15995.0,0.0,Advertise listing,,,0,0,,0.0,0.001038,cubic meter,,0.003115,IN,,,,0,,,15995.0,,,,,0,0,3,0,0,0,0,,0,0,0,0,0,0,2026-07-14,3,0,0,
2026-07-16,FBA79409,X0021650VX,B0CWRLQ99S,,New,1,0,0,0,1,0,0,0,INR,0,0.0,0,0.0,0,0,1,1,Low traffic,9797.0,0.0,9797.0,0.0,NoRestockExcessActionRequired,0,0.0,0,0,5009.82,0.67,7.21E-4,cubic meter,,7.21E-4,IN,,33979,,1,,13,9797.0,0.0,0.0,8302.54,8302.54,0,0,0,1,0,0,0,1.16,0,0,0,0,0,0,2026-07-14,1,0,0,
2026-07-16,FBA80234,X002MRJY3V,B0GTCF15F4,,New,0,3,0,3,0,0,0,0,INR,0,0.0,0,0.0,,,,,Low traffic,15995.0,0.0,15995.0,0.0,NoRestockExcessActionRequired,,,0,0,,0.0,5.81E-4,cubic meter,,0.0,IN,,,,0,,,15995.0,,,,,3,0,0,0,0,0,0,,0,0,0,0,0,0,2026-07-14,3,0,0,
2026-07-16,FBA79323,X001ZBCEYL,B0CRD3QWVJ,,New,5,0,0,5,0,0,0,0,INR,0,0.0,0,0.0,0,3,3,3,Low traffic,11994.0,0.0,11994.0,0.0,NoRestockExcessActionRequired,0,11990.0,52,0,27864.03,0.63,0.001891,cubic meter,,0.009454,IN,,16115,,0,8,26,11994.0,0.0,30493.22,30493.22,30493.22,2,0,3,0,0,0,0,15.26,1,1,0,0,0,0,2026-07-14,6,0,0,
2026-07-16,FBA79887,X002E9HHEP,B0FKBVVZ7P,,New,2,0,0,1,0,0,1,0,INR,1,23.6,0,0.0,0,0,0,0,Low traffic,14345.0,0.0,14345.0,0.0,Create removal order,0,0.0,0,0,18329.42,0.0,8.2E-4,cubic meter,,0.00164,IN,,62887,,2,,,14345.0,0.0,0.0,0.0,0.0,0,0,1,0,0,1,0,18.44,0,0,0,0,0,0,2026-07-14,2,0,0,
2026-07-16,FBS78012,X002844WUX,B0BQ35JRM3,,New,3,0,0,2,0,1,0,0,INR,1,41.81,0,0.0,0,0,0,1,Low traffic,12796.0,0.0,12796.0,0.0,NoRestockExcessActionRequired,0,0.0,0,0,19633.84,0.36,0.001816,cubic meter,,0.005447,IN,,14441,,3,,39,12796.0,0.0,0.0,0.0,13554.24,0,0,2,0,0,1,0,43.72,0,0,0,0,0,0,2026-07-14,3,0,0,
2026-07-16,FBA79950,X002FTZAKH,B0FQ832739,,New,3,0,0,2,0,1,0,0,INR,1,23.6,0,0.0,0,0,0,1,Low traffic,26995.0,0.0,26995.0,0.0,NoRestockExcessActionRequired,0,0.0,0,0,34526.86,0.36,7.6E-4,cubic meter,,0.002281,IN,,51290,,3,,39,26995.0,0.0,0.0,0.0,22877.12,0,0,2,0,0,1,0,18.28,0,0,0,0,0,0,2026-07-14,3,0,0,
2026-07-16,FBA79939,X002FTVVDH,B0FTMNTYMX,,New,4,0,0,2,2,0,0,0,INR,1,41.78,0,0.0,0,0,0,0,Low traffic,11994.0,0.0,11994.0,0.0,Advertise listing,0,0.0,0,0,27546.72,0.0,0.001815,cubic meter,,0.00726,IN,,36286,,4,,,11994.0,0.0,0.0,0.0,0.0,0,0,2,1,1,0,0,46.63,0,0,0,0,0,0,2026-07-14,4,0,0,
2026-07-16,FBA79929,X002FTZ7NR,B0FTMLYC74,,New,83,0,0,83,0,0,0,0,INR,0,0.0,0,0.0,9,38,84,114,,11994.0,0.0,11994.0,0.0,NoRestockExcessActionRequired,83,0.0,0,0,0.0,4.15,0.00183,cubic meter,,0.15186,IN,,2122,,0,8,9,11994.0,91479.64,386260.13,853834.74,1158792.33,83,0,0,0,0,0,0,219.63,0,0,0,0,0,2,2026-07-14,83,0,0,
2026-07-16,FBS79517,X002844ZUF,B0D85171BL,,New,4,0,0,4,0,0,0,0,INR,0,0.0,0,0.0,1,4,5,8,Low traffic,10994.0,0.0,10994.0,0.0,NoRestockExcessActionRequired,0,0.0,0,0,28254.51,2.67,7.21E-4,cubic meter,,0.002885,IN,,4951,,0,5,8,10994.0,9316.94,37267.77,46583.87,74534.72,4,0,0,0,0,0,0,4.66,1,1,0,0,0,0,2026-07-14,5,0,0,
2026-07-16,FBA79933,X002FTVTHZ,B0FTMM455Z,,New,19,4,0,23,0,0,0,0,INR,0,0.0,0,0.0,9,44,67,95,,13495.0,0.0,13495.0,0.0,CreateShippingPlan,23,0.0,0,0,0.0,2.53,0.001815,cubic meter,,0.034485,IN,,2496,,0,2,4,13495.0,102927.96,503203.36,766241.48,1086461.8,23,0,0,0,0,0,0,45.54,13,0,11,2,0,1,2026-07-14,36,0,0,
2026-07-16,FBO69595,X001Q1Z2U3,B07CSNG8XL,,New,101,0,0,94,7,0,0,0,INR,0,0.0,0,0.0,5,29,44,83,,9492.0,0.0,9492.0,0.0,NoRestockExcessActionRequired,101,0.0,0,0,0.0,0.75,0.001876,cubic meter,,0.189449,IN,,3649,,0,14,16,9492.0,40220.32,233306.7,353993.1,667777.74,4,16,74,7,0,0,0,268.07,3,0,3,0,0,1,2026-07-14,104,0,0,
2026-07-16,FBS79650,X00284AJ8H,B0DJ2XWYX7,,New,3,0,0,1,2,0,0,0,INR,2,47.2,0,0.0,0,0,1,2,Low traffic,20494.0,0.0,20494.0,0.0,NoRestockExcessActionRequired,0,0.0,0,0,27778.96,0.62,7.86E-4,cubic meter,,0.002358,IN,,32622,,3,,19,20494.0,0.0,0.0,17367.8,34735.6,0,1,0,0,2,0,0,49.34,0,0,0,0,0,0,2026-07-14,3,0,0,
2026-07-16,FBA79288,X001ZBI2I3,B07T655VD8,,New,2,0,0,0,2,0,0,0,INR,1,43.19,0,0.0,,,,,Low traffic,19996.0,0.0,19996.0,0.0,Advertise listing,0,0.0,0,0,3899.4,0.0,0.001906,cubic meter,,0.003813,IN,,50408,,2,,,19996.0,,,,,0,0,0,2,0,0,0,78.48,0,0,0,0,0,0,2026-07-14,2,0,0,
2026-07-16,FBA80066,X002IPHMKT,B0GDJ5ZSCZ,,New,4,0,0,0,4,0,0,0,INR,0,0.0,0,0.0,0,1,1,2,Low traffic,14495.0,0.0,14495.0,0.0,NoRestockExcessActionRequired,0,0.0,0,0,33396.08,0.4,0.001771,cubic meter,,0.007085,IN,,29617,,4,16,26,14495.0,0.0,12283.9,12283.9,24567.8,0,0,0,4,0,0,0,114.03,0,0,0,0,0,0,2026-07-14,4,0,0,
2026-07-16,FBO67811,X001Q1TZWJ,B06VV5QB6Q,,New,71,0,0,48,23,0,0,0,INR,0,0.0,0,0.0,4,18,50,70,,9495.0,0.0,9495.0,0.0,NoRestockExcessActionRequired,0,9490.0,52,0,498708.82,0.82,0.001906,cubic meter,,0.135345,IN,,5846,,71,15,13,9495.0,32186.47,144839.04,402284.95,563183.35,9,23,16,23,0,0,0,218.6,0,0,0,0,0,0,2026-07-14,71,0,0,
2026-07-16,FBS69567,X002844X89,B00786VY22,,New,1,0,0,0,0,1,0,0,INR,0,0.0,0,0.0,,,,,Low traffic,12492.0,0.0,12492.0,0.0,Create removal order,0,0.0,0,0,1859.99,0.0,9.55E-4,cubic meter,,9.55E-4,IN,,38720,,1,,,12492.0,,,,,0,0,0,0,0,1,0,20.02,0,0,0,0,0,0,2026-07-14,1,0,0,
2026-07-16,FBS79414,X00284BTJ5,B07T63MQ9G,,New,4,0,0,0,5,0,1,0,INR,2,69.08,1,69.09,,,,,Low traffic,11547.0,0.0,11547.0,0.0,Create removal order,0,0.0,0,0,7365.64,0.0,0.0015,cubic meter,,0.006001,IN,,84692,,4,,,11547.0,,,,,0,0,0,3,2,0,1,38.59,0,0,0,0,2,0,2026-07-14,4,2,0,
2026-07-16,FBA79949,X002FTWXBV,B0FQ8K147H,,New,1,0,0,0,1,0,0,0,INR,0,0.0,0,0.0,0,1,2,2,Low traffic,16097.0,0.0,16097.0,0.0,CreateShippingPlan,0,0.0,0,0,6789.3,0.89,0.0018,cubic meter,,0.0018,IN,,16420,,1,4,6,16097.0,0.0,13641.53,27283.06,27283.06,0,0,0,0,1,0,0,37.53,0,0,0,0,0,0,2026-07-14,1,0,0,
2026-07-16,FBA79554,X00241S2TH,B0D9568856,,New,4,0,0,0,4,0,0,0,INR,1,23.6,0,0.0,0,0,0,0,Low traffic,18897.0,0.0,18897.0,0.0,Advertise listing,0,0.0,0,0,46917.95,0.0,7.61E-4,cubic meter,,0.003044,IN,,34518,,5,,,18897.0,0.0,0.0,0.0,0.0,0,0,0,3,1,0,0,34.29,1,0,1,0,0,0,2026-07-14,5,0,0,
2026-07-16,FBA79864,X002E9F0FD,B0FFDJHKR5,,New,2,0,0,1,0,1,0,0,INR,1,23.6,0,0.0,0,1,1,1,Low traffic,11547.0,0.0,11547.0,0.0,NoRestockExcessActionRequired,0,0.0,0,0,8748.87,0.44,7.21E-4,cubic meter,,0.001442,IN,,18299,,2,8,26,11547.0,0.0,9785.6,9785.6,9785.6,0,1,0,0,0,1,0,30.19,0,0,0,0,0,0,2026-07-14,2,0,0,
2026-07-16,FBA80058,X002IPHJHP,B0GDJR4K6T,,New,2,0,0,1,1,0,0,0,INR,0,0.0,0,0.0,,,,,Low traffic,15995.0,0.0,15995.0,0.0,Advertise listing,0,0.0,0,0,2889.73,0.0,0.0018,cubic meter,,0.003601,IN,,,,2,,,15995.0,,,,,1,0,0,1,0,0,0,40.63,0,0,0,0,0,0,2026-07-14,2,0,0,
2026-07-16,FBA79940,X002FTZH0P,B0FTK1RVG8,,New,3,0,0,2,0,0,0,0,INR,0,0.0,0,0.0,2,14,19,24,Low traffic,9596.0,0.0,9596.0,0.0,CreateShippingPlan,0,0.0,0,0,21791.29,2.53,0.001828,cubic meter,,0.005484,IN,,,,0,2,4,9596.0,16264.4,113850.8,154511.8,205338.07,2,0,0,0,0,0,0,8.84,5,4,1,0,0,1,2026-07-14,8,0,0,
2026-07-16,FBA80118,X002KPVYXN,B07WGWGMBM,,New,196,0,0,196,0,0,0,0,INR,0,0.0,0,0.0,7,22,42,46,Low traffic,8047.0,0.0,8047.0,0.0,Advertise listing,21,0.0,0,0,390821.42,0.28,0.001846,cubic meter,,0.361767,IN,,3034,,0,35,55,8047.0,39931.35,128437.35,253132.36,276512.04,74,24,98,0,0,0,0,581.38,0,0,0,0,0,0,2026-07-14,196,0,0,
2026-07-16,FBA80068,X002IPTO5F,B0GF7JSSRF,,New,4,0,0,5,0,0,0,0,INR,0,0.0,0,0.0,1,6,8,9,Low traffic,14495.0,0.0,14495.0,0.0,NoRestockExcessActionRequired,0,0.0,0,0,40865.42,1.33,5.81E-4,cubic meter,,0.002325,IN,,12262,,0,5,11,14495.0,12283.9,73703.4,98271.2,110555.1,4,1,0,0,0,0,0,48.63,4,2,2,0,0,0,2026-07-14,8,0,0,
2026-07-16,FBA80040,X002IPBGBF,B0GHDHD4B9,,New,2,1,0,1,2,0,0,0,INR,0,0.0,0,0.0,0,1,1,1,Low traffic,15995.0,0.0,15995.0,0.0,NoRestockExcessActionRequired,0,0.0,0,0,5277.5,0.33,0.001336,cubic meter,,0.002672,IN,,15299,,3,8,26,15995.0,0.0,13555.08,13555.08,13555.08,1,0,0,2,0,0,0,83.86,0,0,0,0,0,0,2026-07-14,3,0,0,
2026-07-16,FBP75260,X001U7SG6F,B00DUCIK7U,,,0,0,0,0,1,0,0,0,INR,0,0.0,0,0.0,0,0,0,0,,0.0,0.0,0.0,0.0,NoRestockExcessActionRequired,,,0,0,,2.67,0.001846,cubic meter,,0.0,IN,,56,,0,,,6296.0,0.0,0.0,0.0,0.0,0,0,0,1,0,0,0,,0,0,0,0,2,0,2026-07-14,0,1,1,
2026-07-16,FBA79018,X001UY0N7X,B0C77PPS9S,,New,14,1,0,15,0,0,0,0,INR,0,0.0,0,0.0,3,3,11,18,Low traffic,11994.0,0.0,11994.0,0.0,NoRestockExcessActionRequired,0,11990.0,52,0,125646.23,1.76,0.001906,cubic meter,,0.026691,IN,,4566,,0,18,10,11994.0,30493.21,30493.21,111804.23,182953.37,9,6,0,0,0,0,0,114.23,0,0,0,0,0,0,2026-07-14,15,0,0,
2026-07-16,FBO76876,X001Q1V7JN,B0769YW2KN,,New,4,0,0,4,0,0,0,0,INR,0,0.0,0,0.0,0,3,7,10,Low traffic,19994.0,0.0,19994.0,0.0,CreateShippingPlan,2,0.0,0,0,903.14,2.86,5.91E-4,cubic meter,,0.002365,IN,,14563,,0,6,6,19994.0,0.0,50832.2,118609.33,169441.53,2,2,0,0,0,0,0,3.75,1,0,1,0,0,0,2026-07-14,5,0,0,
2026-07-16,FBS67860,X00284BT4Z,B077SN2LNP,,New,5,0,0,5,0,0,0,0,INR,0,0.0,0,0.0,0,1,3,4,Low traffic,24495.0,0.0,24495.0,0.0,NoRestockExcessActionRequired,0,24490.0,52,0,58456.22,1.14,0.002965,cubic meter,,0.014823,IN,,24558,,0,20,16,24495.0,0.0,20758.48,62274.58,83032.2,4,1,0,0,0,0,0,23.92,0,0,0,0,0,0,2026-07-14,5,0,0,
2026-07-16,FBA76904,X001OHHZMH,B0BFXSX4JZ,,New,1,0,0,1,0,0,0,0,INR,0,0.0,0,0.0,,,,,Low traffic,9995.0,0.0,9995.0,0.0,Advertise listing,,,0,0,,0.0,7.95E-4,cubic meter,,7.95E-4,IN,,,,0,,,9995.0,,,,,0,1,0,0,0,0,0,,0,0,0,0,0,0,2026-07-14,1,0,0,
2026-07-16,FBS79643,X00284AJAP,B0DJ2XNSD2,,New,8,0,0,1,11,0,0,0,INR,6,141.6,0,0.0,0,2,4,5,Low traffic,19495.0,0.0,19495.0,0.0,NoRestockExcessActionRequired,0,0.0,0,0,98849.23,0.36,5.81E-4,cubic meter,,0.004649,IN,,14558,,8,16,20,19495.0,0.0,33042.38,66084.75,82605.93,1,0,0,10,1,0,0,93.48,0,0,0,0,4,0,2026-07-14,8,3,1,
2026-07-16,FBS66974,X00284E6DB,B008AXYWHQ,,New,780,10,0,792,0,0,0,0,INR,0,0.0,0,0.0,99,343,652,877,,11197.0,0.0,11197.0,0.0,NoRestockExcessActionRequired,0,0.0,0,0,5691541.31,1.52,0.001846,cubic meter,,1.439684,IN,,568,,0,9,12,11197.0,795560.18,2802968.9,5447607.78,7455171.37,488,304,0,0,0,0,0,2355.41,31,0,31,0,2,3,2026-07-14,821,2,0,
2026-07-16,FBA80056,X002IPTHQV,B0GF72C48V,,New,3,0,0,0,3,0,0,0,INR,0,0.0,0,0.0,,,,,Low traffic,20494.0,0.0,20494.0,0.0,Advertise listing,0,0.0,0,0,4894.26,0.0,7.93E-4,cubic meter,,0.00238,IN,,,,3,,,20494.0,,,,,0,0,0,3,0,0,0,49.79,0,0,0,0,0,0,2026-07-14,3,0,0,
2026-07-16,FBS79428,X00284BXHD,B0CZ93BN92,,New,2,0,0,0,2,0,0,0,INR,0,0.0,0,0.0,0,0,1,1,Low traffic,22995.0,0.0,22995.0,0.0,NoRestockExcessActionRequired,0,0.0,0,0,11850.6,0.4,7.6E-4,cubic meter,,0.00152,IN,,8541,,2,,26,22995.0,0.0,0.0,19487.29,19487.29,0,0,0,2,0,0,0,2.45,0,0,0,0,0,0,2026-07-14,2,0,0,
2026-07-16,FBA79725,X0029WYZFV,B0DT36621X,,New,3,0,0,1,2,0,0,0,INR,0,0.0,0,0.0,0,0,1,2,Low traffic,14495.0,0.0,14495.0,0.0,NoRestockExcessActionRequired,0,0.0,0,0,19735.32,0.57,0.001247,cubic meter,,0.003742,IN,,31720,,3,,19,14495.0,0.0,0.0,12283.9,24567.8,0,0,1,2,0,0,0,6.04,0,0,0,0,0,0,2026-07-14,3,0,0,
2026-07-16,FBA79731,X0029WZOYR,B0DSBQCZTK,,New,17,0,0,18,0,0,0,0,INR,0,0.0,0,0.0,3,10,27,33,Low traffic,23994.0,0.0,23994.0,0.0,CreateShippingPlan,17,0.0,0,0,0.0,1.38,0.001816,cubic meter,,0.030867,IN,,5728,,0,6,6,23994.0,61001.7,203339.0,548979.74,670967.9,9,4,5,0,0,0,0,42.37,0,0,0,0,1,0,2026-07-14,17,0,1,
