Date,FNSKU,ASIN,MSKU,Title,Disposition,Starting Warehouse Balance,In Transit Between Warehouses,Receipts,Customer Shipments,Customer Returns,Vendor Returns,Warehouse Transfer In/Out,Found,Lost,Damaged,Disposed,Other Events,Ending Warehouse Balance,Unknown Events,Location
05/17/2026,X001L46QAP,B0B4DPX2J2,FBA75673,"Audio Array AM-C1 USB Condenser Microphone Kit | for Podcasting, Online Meeting, Gaming, Singing & Live Streaming | Boom Arm, Pop Filter, Mic Cover, Spider Shock Mount, Tripod & 2.5M USB Cable",SELLABLE,2,0,0,0,0,0,0,0,0,0,0,0,2,0,AMD2
05/17/2026,X001L46QAP,B0B4DPX2J2,FBA75673,"Audio Array AM-C1 USB Condenser Microphone Kit | for Podcasting, Online Meeting, Gaming, Singing & Live Streaming | Boom Arm, Pop Filter, Mic Cover, Spider Shock Mount, Tripod & 2.5M USB Cable",SELLABLE,4,0,0,0,0,0,0,0,0,0,0,0,4,0,BLR7
05/17/2026,X001L46QAP,B0B4DPX2J2,FBA75673,"Audio Array AM-C1 USB Condenser Microphone Kit | for Podcasting, Online Meeting, Gaming, Singing & Live Streaming | Boom Arm, Pop Filter, Mic Cover, Spider Shock Mount, Tripod & 2.5M USB Cable",SELLABLE,10,0,0,-1,0,0,0,0,0,0,0,0,9,0,BLR8
05/17/2026,X001L46QAP,B0B4DPX2J2,FBA75673,"Audio Array AM-C1 USB Condenser Microphone Kit | for Podcasting, Online Meeting, Gaming, Singing & Live Streaming | Boom Arm, Pop Filter, Mic Cover, Spider Shock Mount, Tripod & 2.5M USB Cable",SELLABLE,7,0,0,0,0,0,0,0,0,0,0,0,7,0,BOM5
05/17/2026,X001L46QAP,B0B4DPX2J2,FBA75673,"Audio Array AM-C1 USB Condenser Microphone Kit | for Podcasting, Online Meeting, Gaming, Singing & Live Streaming | Boom Arm, Pop Filter, Mic Cover, Spider Shock Mount, Tripod & 2.5M USB Cable",SELLABLE,5,0,0,0,0,0,0,0,0,0,0,0,5,0,CCX1
05/17/2026,X001L46QAP,B0B4DPX2J2,FBA75673,"Audio Array AM-C1 USB Condenser Microphone Kit | for Podcasting, Online Meeting, Gaming, Singing & Live Streaming | Boom Arm, Pop Filter, Mic Cover, Spider Shock Mount, Tripod & 2.5M USB Cable",SELLABLE,9,0,0,0,0,0,0,0,0,0,0,0,9,0,CJB1
05/17/2026,X001L46QAP,B0B4DPX2J2,FBA75673,"Audio Array AM-C1 USB Condenser Microphone Kit | for Podcasting, Online Meeting, Gaming, Singing & Live Streaming | Boom Arm, Pop Filter, Mic Cover, Spider Shock Mount, Tripod & 2.5M USB Cable",SELLABLE,6,0,0,-1,0,0,0,0,0,0,0,0,5,0,DEL4
05/17/2026,X001L46QAP,B0B4DPX2J2,FBA75673,"Audio Array AM-C1 USB Condenser Microphone Kit | for Podcasting, Online Meeting, Gaming, Singing & Live Streaming | Boom Arm, Pop Filter, Mic Cover, Spider Shock Mount, Tripod & 2.5M USB Cable",SELLABLE,1,0,0,0,0,0,0,0,0,0,0,0,1,0,DEL5
05/17/2026,X001L46QAP,B0B4DPX2J2,FBA75673,"Audio Array AM-C1 USB Condenser Microphone Kit | for Podcasting, Online Meeting, Gaming, Singing & Live Streaming | Boom Arm, Pop Filter, Mic Cover, Spider Shock Mount, Tripod & 2.5M USB Cable",SELLABLE,10,0,0,0,0,0,0,0,0,0,0,0,10,0,HYD3
05/17/2026,X001L46QAP,B0B4DPX2J2,FBA75673,"Audio Array AM-C1 USB Condenser Microphone Kit | for Podcasting, Online Meeting, Gaming, Singing & Live Streaming | Boom Arm, Pop Filter, Mic Cover, Spider Shock Mount, Tripod & 2.5M USB Cable",SELLABLE,18,0,0,-1,0,0,0,0,0,0,0,0,17,0,HYD8
05/17/2026,X001L46QAP,B0B4DPX2J2,FBA75673,"Audio Array AM-C1 USB Condenser Microphone Kit | for Podcasting, Online Meeting, Gaming, Singing & Live Streaming | Boom Arm, Pop Filter, Mic Cover, Spider Shock Mount, Tripod & 2.5M USB Cable",SELLABLE,12,0,0,0,0,0,0,0,0,0,0,0,12,0,LKO1
05/17/2026,X001L46QAP,B0B4DPX2J2,FBA75673,"Audio Array AM-C1 USB Condenser Microphone Kit | for Podcasting, Online Meeting, Gaming, Singing & Live Streaming | Boom Arm, Pop Filter, Mic Cover, Spider Shock Mount, Tripod & 2.5M USB Cable",SELLABLE,10,0,0,0,0,0,0,0,0,0,0,0,10,0,MAA4
05/17/2026,X001L46QAP,B0B4DPX2J2,FBA75673,"Audio Array AM-C1 USB Condenser Microphone Kit | for Podcasting, Online Meeting, Gaming, Singing & Live Streaming | Boom Arm, Pop Filter, Mic Cover, Spider Shock Mount, Tripod & 2.5M USB Cable",SELLABLE,6,0,0,0,0,0,0,0,0,0,0,0,6,0,PNQ3
05/17/2026,X001L46QAP,B0B4DPX2J2,FBA75673,"Audio Array AM-C1 USB Condenser Microphone Kit | for Podcasting, Online Meeting, Gaming, Singing & Live Streaming | Boom Arm, Pop Filter, Mic Cover, Spider Shock Mount, Tripod & 2.5M USB Cable",WAREHOUSE_DAMAGED,1,0,0,0,0,0,0,0,0,0,0,0,1,0,AMD2
05/17/2026,X001L4B62N,B0B4DS678Q,FBA75676,"Audio Array AM-C4 USB Plug & Play Condenser Microphone with Tripod, Pop-Filter & Shock Mount | for Conference, Gaming, Podcasting, Voice Over, YouTube, Skype, Zoom & Live Streaming on iOS,Windows",SELLABLE,2,0,0,0,0,0,0,0,0,0,0,0,2,0,AMD2
05/17/2026,X001L4B62N,B0B4DS678Q,FBA75676,"Audio Array AM-C4 USB Plug & Play Condenser Microphone with Tripod, Pop-Filter & Shock Mount | for Conference, Gaming, Podcasting, Voice Over, YouTube, Skype, Zoom & Live Streaming on iOS,Windows",SELLABLE,1,0,0,0,0,0,0,0,0,0,0,0,1,0,BLR8
05/17/2026,X001L4B62N,B0B4DS678Q,FBA75676,"Audio Array AM-C4 USB Plug & Play Condenser Microphone with Tripod, Pop-Filter & Shock Mount | for Conference, Gaming, Podcasting, Voice Over, YouTube, Skype, Zoom & Live Streaming on iOS,Windows",SELLABLE,1,0,0,0,0,0,0,0,0,0,0,0,1,0,BOM5
05/17/2026,X001L4B62N,B0B4DS678Q,FBA75676,"Audio Array AM-C4 USB Plug & Play Condenser Microphone with Tripod, Pop-Filter & Shock Mount | for Conference, Gaming, Podcasting, Voice Over, YouTube, Skype, Zoom & Live Streaming on iOS,Windows",SELLABLE,1,0,0,0,0,0,0,0,0,0,0,0,1,0,BOM7
05/17/2026,X001L4B62N,B0B4DS678Q,FBA75676,"Audio Array AM-C4 USB Plug & Play Condenser Microphone with Tripod, Pop-Filter & Shock Mount | for Conference, Gaming, Podcasting, Voice Over, YouTube, Skype, Zoom & Live Streaming on iOS,Windows",SELLABLE,2,0,0,0,0,0,0,0,0,0,0,0,2,0,DEL4
05/17/2026,X001L4B62N,B0B4DS678Q,FBA75676,"Audio Array AM-C4 USB Plug & Play Condenser Microphone with Tripod, Pop-Filter & Shock Mount | for Conference, Gaming, Podcasting, Voice Over, YouTube, Skype, Zoom & Live Streaming on iOS,Windows",SELLABLE,1,0,0,0,0,0,0,0,0,0,0,0,1,0,HYD8
05/17/2026,X001L4B62N,B0B4DS678Q,FBA75676,"Audio Array AM-C4 USB Plug & Play Condenser Microphone with Tripod, Pop-Filter & Shock Mount | for Conference, Gaming, Podcasting, Voice Over, YouTube, Skype, Zoom & Live Streaming on iOS,Windows",SELLABLE,12,0,0,0,0,0,0,0,0,0,0,0,12,0,MAA4
05/17/2026,X001L4N6P3,B0B4G1PXWV,FBA75680,"Audio Array AM-C6 USB Plug & Play Condenser Microphone Kit | with pop-Filter & Shock Mount | 3.5 mm No Latency Monitoring, Volume Control & Mute Button | Gaming, Podcasting & Streaming",SELLABLE,1,0,0,0,0,0,0,0,0,0,0,0,1,0,BLR8
05/17/2026,X001L4N6P3,B0B4G1PXWV,FBA75680,"Audio Array AM-C6 USB Plug & Play Condenser Microphone Kit | with pop-Filter & Shock Mount | 3.5 mm No Latency Monitoring, Volume Control & Mute Button | Gaming, Podcasting & Streaming",SELLABLE,1,0,0,0,0,0,0,0,0,0,0,0,1,0,BOM5
05/17/2026,X001L4N6P3,B0B4G1PXWV,FBA75680,"Audio Array AM-C6 USB Plug & Play Condenser Microphone Kit | with pop-Filter & Shock Mount | 3.5 mm No Latency Monitoring, Volume Control & Mute Button | Gaming, Podcasting & Streaming",SELLABLE,1,0,0,0,0,0,0,0,0,0,0,0,1,0,BOM7
05/17/2026,X001L4N6P3,B0B4G1PXWV,FBA75680,"Audio Array AM-C6 USB Plug & Play Condenser Microphone Kit | with pop-Filter & Shock Mount | 3.5 mm No Latency Monitoring, Volume Control & Mute Button | Gaming, Podcasting & Streaming",SELLABLE,1,0,0,0,0,0,0,0,0,0,0,0,1,0,DEL4
05/17/2026,X001L4N6P3,B0B4G1PXWV,FBA75680,"Audio Array AM-C6 USB Plug & Play Condenser Microphone Kit | with pop-Filter & Shock Mount | 3.5 mm No Latency Monitoring, Volume Control & Mute Button | Gaming, Podcasting & Streaming",SELLABLE,1,0,0,0,0,0,0,0,0,0,0,0,1,0,DEL5
05/17/2026,X001L4N6P3,B0B4G1PXWV,FBA75680,"Audio Array AM-C6 USB Plug & Play Condenser Microphone Kit | with pop-Filter & Shock Mount | 3.5 mm No Latency Monitoring, Volume Control & Mute Button | Gaming, Podcasting & Streaming",SELLABLE,1,0,0,0,0,0,0,0,0,0,0,0,1,0,PNQ3
05/17/2026,X001L4O3UP,B0B4FZS38V,FBA75681,"Audio Array AM-C7 USB 2 in 1 Plug & Play Condenser Microphone Kit with Boom Arm | 3.5 mm No Latency Monitoring, Volume Control & Mute Button| for Conference, Gaming, Podcasting & Live Streaming",SELLABLE,1,0,0,0,0,0,0,0,0,0,0,0,1,0,CCX1
05/17/2026,X001L4PS8L,B0B4G59Y8W,FBA75689,"Audio Array AM-W13 UHF Wireless Premium Metal Microphone | 4+ Hours Receiver Battery Backup | Range up to 60m | Karaoke Singing, Wedding, DJ | Compatible with PA System, Amplifier, Mixer, Party Box",SELLABLE,12,0,0,0,0,0,0,0,0,0,0,0,12,0,AMD2
05/17/2026,X001L4PS8L,B0B4G59Y8W,FBA75689,"Audio Array AM-W13 UHF Wireless Premium Metal Microphone | 4+ Hours Receiver Battery Backup | Range up to 60m | Karaoke Singing, Wedding, DJ | Compatible with PA System, Amplifier, Mixer, Party Box",SELLABLE,12,0,0,0,0,0,0,0,0,0,0,0,12,0,BLR7
05/17/2026,X001L4PS8L,B0B4G59Y8W,FBA75689,"Audio Array AM-W13 UHF Wireless Premium Metal Microphone | 4+ Hours Receiver Battery Backup | Range up to 60m | Karaoke Singing, Wedding, DJ | Compatible with PA System, Amplifier, Mixer, Party Box",SELLABLE,2,0,0,0,0,0,0,0,0,0,0,0,2,0,BLR8
05/17/2026,X001L4PS8L,B0B4G59Y8W,FBA75689,"Audio Array AM-W13 UHF Wireless Premium Metal Microphone | 4+ Hours Receiver Battery Backup | Range up to 60m | Karaoke Singing, Wedding, DJ | Compatible with PA System, Amplifier, Mixer, Party Box",SELLABLE,13,0,0,0,0,0,0,0,0,0,0,0,13,0,BOM5
05/17/2026,X001L4PS8L,B0B4G59Y8W,FBA75689,"Audio Array AM-W13 UHF Wireless Premium Metal Microphone | 4+ Hours Receiver Battery Backup | Range up to 60m | Karaoke Singing, Wedding, DJ | Compatible with PA System, Amplifier, Mixer, Party Box",SELLABLE,1,0,0,0,0,0,0,0,0,0,0,0,1,0,BOM7
05/17/2026,X001L4PS8L,B0B4G59Y8W,FBA75689,"Audio Array AM-W13 UHF Wireless Premium Metal Microphone | 4+ Hours Receiver Battery Backup | Range up to 60m | Karaoke Singing, Wedding, DJ | Compatible with PA System, Amplifier, Mixer, Party Box",SELLABLE,1,0,0,0,0,0,0,0,0,0,0,0,1,0,CCX1
05/17/2026,X001L4PS8L,B0B4G59Y8W,FBA75689,"Audio Array AM-W13 UHF Wireless Premium Metal Microphone | 4+ Hours Receiver Battery Backup | Range up to 60m | Karaoke Singing, Wedding, DJ | Compatible with PA System, Amplifier, Mixer, Party Box",SELLABLE,1,0,0,0,0,0,0,0,0,0,0,0,1,0,CJB1
05/17/2026,X001L4PS8L,B0B4G59Y8W,FBA75689,"Audio Array AM-W13 UHF Wireless Premium Metal Microphone | 4+ Hours Receiver Battery Backup | Range up to 60m | Karaoke Singing, Wedding, DJ | Compatible with PA System, Amplifier, Mixer, Party Box",SELLABLE,2,0,0,0,0,0,0,0,0,0,0,0,2,0,DEL4
05/17/2026,X001L4PS8L,B0B4G59Y8W,FBA75689,"Audio Array AM-W13 UHF Wireless Premium Metal Microphone | 4+ Hours Receiver Battery Backup | Range up to 60m | Karaoke Singing, Wedding, DJ | Compatible with PA System, Amplifier, Mixer, Party Box",SELLABLE,1,0,0,0,0,0,0,0,0,0,0,0,1,0,DEL5
05/17/2026,X001L4PS8L,B0B4G59Y8W,FBA75689,"Audio Array AM-W13 UHF Wireless Premium Metal Microphone | 4+ Hours Receiver Battery Backup | Range up to 60m | Karaoke Singing, Wedding, DJ | Compatible with PA System, Amplifier, Mixer, Party Box",SELLABLE,1,0,0,0,0,0,0,0,0,0,0,0,1,0,HYD3
05/17/2026,X001L4PS8L,B0B4G59Y8W,FBA75689,"Audio Array AM-W13 UHF Wireless Premium Metal Microphone | 4+ Hours Receiver Battery Backup | Range up to 60m | Karaoke Singing, Wedding, DJ | Compatible with PA System, Amplifier, Mixer, Party Box",SELLABLE,8,0,0,0,0,0,0,0,0,0,0,0,8,0,HYD8
05/17/2026,X001L4PS8L,B0B4G59Y8W,FBA75689,"Audio Array AM-W13 UHF Wireless Premium Metal Microphone | 4+ Hours Receiver Battery Backup | Range up to 60m | Karaoke Singing, Wedding, DJ | Compatible with PA System, Amplifier, Mixer, Party Box",SELLABLE,1,0,0,0,0,0,0,0,0,0,0,0,1,0,MAA4
05/17/2026,X001L4PS8L,B0B4G59Y8W,FBA75689,"Audio Array AM-W13 UHF Wireless Premium Metal Microphone | 4+ Hours Receiver Battery Backup | Range up to 60m | Karaoke Singing, Wedding, DJ | Compatible with PA System, Amplifier, Mixer, Party Box",SELLABLE,1,0,0,0,0,0,0,0,0,0,0,0,1,0,PNQ3
05/17/2026,X001L4QVU5,B0B4G19R58,FBA75674,"Audio Array AM-C2 XLR Condenser Microphone Kit | Boom Arm, 2M Cable, Pop Filter & Mic Cover | Compatible with Audio Interface, Mixer & preamp | Recording, Podcasting, Streaming, Home Studio (Black)",SELLABLE,12,0,0,0,0,0,0,0,0,0,0,0,12,0,AMD2
05/17/2026,X001L4QVU5,B0B4G19R58,FBA75674,"Audio Array AM-C2 XLR Condenser Microphone Kit | Boom Arm, 2M Cable, Pop Filter & Mic Cover | Compatible with Audio Interface, Mixer & preamp | Recording, Podcasting, Streaming, Home Studio (Black)",SELLABLE,13,0,0,0,0,0,0,0,0,0,0,0,13,0,BLR8
05/17/2026,X001L4QVU5,B0B4G19R58,FBA75674,"Audio Array AM-C2 XLR Condenser Microphone Kit | Boom Arm, 2M Cable, Pop Filter & Mic Cover | Compatible with Audio Interface, Mixer & preamp | Recording, Podcasting, Streaming, Home Studio (Black)",SELLABLE,12,0,0,0,0,0,0,0,0,0,0,0,12,0,BOM5
05/17/2026,X001L4QVU5,B0B4G19R58,FBA75674,"Audio Array AM-C2 XLR Condenser Microphone Kit | Boom Arm, 2M Cable, Pop Filter & Mic Cover | Compatible with Audio Interface, Mixer & preamp | Recording, Podcasting, Streaming, Home Studio (Black)",SELLABLE,10,0,0,-1,0,0,0,0,0,0,0,0,9,0,DEL4
05/17/2026,X001L4QVU5,B0B4G19R58,FBA75674,"Audio Array AM-C2 XLR Condenser Microphone Kit | Boom Arm, 2M Cable, Pop Filter & Mic Cover | Compatible with Audio Interface, Mixer & preamp | Recording, Podcasting, Streaming, Home Studio (Black)",SELLABLE,11,0,0,0,0,0,0,0,0,0,0,0,11,0,HYD3
05/17/2026,X001L4QVU5,B0B4G19R58,FBA75674,"Audio Array AM-C2 XLR Condenser Microphone Kit | Boom Arm, 2M Cable, Pop Filter & Mic Cover | Compatible with Audio Interface, Mixer & preamp | Recording, Podcasting, Streaming, Home Studio (Black)",SELLABLE,13,0,0,0,0,0,0,0,0,0,0,0,13,0,MAA4
05/17/2026,X001L4RF0P,B0B4G5ZLTB,FBA75687,"Audio Array AM-W11 Wireless Mic | Upto 4hr Battery & 60m Range | Volume & Mute Buttons with Indicators | Streaming, Vlogging, YouTube | 1x Lapel mic, Type C Adapter for Plug & Play | 2 Year Warranty",DEFECTIVE,1,0,0,0,0,0,0,0,0,0,0,0,1,0,LKO1
05/17/2026,X001L4RK0P,B0B4G7VWXD,FBA75684,"Audio Array AA-04 Metal Spider Shock Mount for Condenser Microphone | Anti Vibration, Suspension, Isolation | 4 Size Bottom Screws & Extra Replacement Elastic Bands | Recommended For Rode, Samson, etc",SELLABLE,1,0,0,0,0,0,0,0,0,0,0,0,1,0,AMD2
05/17/2026,X001L4RK0P,B0B4G7VWXD,FBA75684,"Audio Array AA-04 Metal Spider Shock Mount for Condenser Microphone | Anti Vibration, Suspension, Isolation | 4 Size Bottom Screws & Extra Replacement Elastic Bands | Recommended For Rode, Samson, etc",SELLABLE,1,0,0,0,0,0,0,0,0,0,0,0,1,0,BLR7
05/17/2026,X001L4RK0P,B0B4G7VWXD,FBA75684,"Audio Array AA-04 Metal Spider Shock Mount for Condenser Microphone | Anti Vibration, Suspension, Isolation | 4 Size Bottom Screws & Extra Replacement Elastic Bands | Recommended For Rode, Samson, etc",SELLABLE,12,0,0,0,0,0,0,0,0,0,0,0,12,0,BLR8
05/17/2026,X001L4RK0P,B0B4G7VWXD,FBA75684,"Audio Array AA-04 Metal Spider Shock Mount for Condenser Microphone | Anti Vibration, Suspension, Isolation | 4 Size Bottom Screws & Extra Replacement Elastic Bands | Recommended For Rode, Samson, etc",SELLABLE,19,0,0,0,0,0,0,0,0,0,0,0,19,0,BOM5
05/17/2026,X001L4RK0P,B0B4G7VWXD,FBA75684,"Audio Array AA-04 Metal Spider Shock Mount for Condenser Microphone | Anti Vibration, Suspension, Isolation | 4 Size Bottom Screws & Extra Replacement Elastic Bands | Recommended For Rode, Samson, etc",SELLABLE,2,0,0,0,0,0,0,0,0,0,0,0,2,0,BOM7
05/17/2026,X001L4RK0P,B0B4G7VWXD,FBA75684,"Audio Array AA-04 Metal Spider Shock Mount for Condenser Microphone | Anti Vibration, Suspension, Isolation | 4 Size Bottom Screws & Extra Replacement Elastic Bands | Recommended For Rode, Samson, etc",SELLABLE,5,0,0,0,0,0,0,0,0,0,0,0,5,0,CCX1
05/17/2026,X001L4RK0P,B0B4G7VWXD,FBA75684,"Audio Array AA-04 Metal Spider Shock Mount for Condenser Microphone | Anti Vibration, Suspension, Isolation | 4 Size Bottom Screws & Extra Replacement Elastic Bands | Recommended For Rode, Samson, etc",SELLABLE,1,0,0,0,0,0,0,0,0,0,0,0,1,0,DEL4
05/17/2026,X001L4RK0P,B0B4G7VWXD,FBA75684,"Audio Array AA-04 Metal Spider Shock Mount for Condenser Microphone | Anti Vibration, Suspension, Isolation | 4 Size Bottom Screws & Extra Replacement Elastic Bands | Recommended For Rode, Samson, etc",SELLABLE,1,0,0,0,0,0,-1,0,0,0,0,0,0,0,HYD3
05/17/2026,X001L4RK0P,B0B4G7VWXD,FBA75684,"Audio Array AA-04 Metal Spider Shock Mount for Condenser Microphone | Anti Vibration, Suspension, Isolation | 4 Size Bottom Screws & Extra Replacement Elastic Bands | Recommended For Rode, Samson, etc",SELLABLE,0,0,0,0,0,0,1,0,0,0,0,0,1,0,HYD8
05/17/2026,X001L4RK0P,B0B4G7VWXD,FBA75684,"Audio Array AA-04 Metal Spider Shock Mount for Condenser Microphone | Anti Vibration, Suspension, Isolation | 4 Size Bottom Screws & Extra Replacement Elastic Bands | Recommended For Rode, Samson, etc",SELLABLE,2,0,0,0,0,0,0,0,0,0,0,0,2,0,MAA4
05/17/2026,X001L4RK0P,B0B4G7VWXD,FBA75684,"Audio Array AA-04 Metal Spider Shock Mount for Condenser Microphone | Anti Vibration, Suspension, Isolation | 4 Size Bottom Screws & Extra Replacement Elastic Bands | Recommended For Rode, Samson, etc",SELLABLE,3,0,0,0,0,0,0,0,0,0,0,0,3,0,PNQ3
05/17/2026,X001L4RWFN,B0B4G8ZB64,FBA75675,"Audio Array AM-C3 XLR to TRS Dynamic Handheld Karaoke Microphone | Premium Metal Built with 3M Cable | Singing, Public Meetings, Studio Recording, Live Show, Party, Church, Wedding",SELLABLE,6,0,0,0,0,0,0,0,0,0,0,0,6,0,DEL4
05/17/2026,X001L4SCDJ,B0B4G763WS,FBA75688,"Audio Array AM-W12 UHF Dual Wireless Premium Metal Microphones | 4+ Hours Receiver Battery Backup | Range up to 60m| Karaoke Singing, Wedding, DJ, Church | PA System, Amplifier, Mixer, Party Box, etc",SELLABLE,12,0,0,0,0,0,0,0,0,0,0,0,12,0,BOM5
05/17/2026,X001L4SCDJ,B0B4G763WS,FBA75688,"Audio Array AM-W12 UHF Dual Wireless Premium Metal Microphones | 4+ Hours Receiver Battery Backup | Range up to 60m| Karaoke Singing, Wedding, DJ, Church | PA System, Amplifier, Mixer, Party Box, etc",SELLABLE,1,0,0,0,0,0,0,0,0,0,0,0,1,0,CCX1
05/17/2026,X001L4SCDJ,B0B4G763WS,FBA75688,"Audio Array AM-W12 UHF Dual Wireless Premium Metal Microphones | 4+ Hours Receiver Battery Backup | Range up to 60m| Karaoke Singing, Wedding, DJ, Church | PA System, Amplifier, Mixer, Party Box, etc",SELLABLE,4,0,0,0,0,0,0,0,0,0,0,0,4,0,CJB1
05/17/2026,X001L4SCDJ,B0B4G763WS,FBA75688,"Audio Array AM-W12 UHF Dual Wireless Premium Metal Microphones | 4+ Hours Receiver Battery Backup | Range up to 60m| Karaoke Singing, Wedding, DJ, Church | PA System, Amplifier, Mixer, Party Box, etc",SELLABLE,16,0,0,0,0,0,0,0,0,0,0,0,16,0,HYD8
05/17/2026,X001L4SEBT,B0B4G5JG4P,FBA75691,"Audio Array AM-W14 UHF Dual Wireless Premium Metal Microphone | 2X XLR Outs & 1/4"" Mix Out | Range up to 200ft/60m | Karaoke Singing, Wedding, DJ, Church | PA System, Amplifier, Mixer, Party Box",SELLABLE,9,0,0,0,0,0,0,0,0,0,0,0,9,0,AMD2
05/17/2026,X001L4SEBT,B0B4G5JG4P,FBA75691,"Audio Array AM-W14 UHF Dual Wireless Premium Metal Microphone | 2X XLR Outs & 1/4"" Mix Out | Range up to 200ft/60m | Karaoke Singing, Wedding, DJ, Church | PA System, Amplifier, Mixer, Party Box",SELLABLE,8,0,0,0,0,0,0,0,0,0,0,0,8,0,BLR7
05/17/2026,X001L4SEBT,B0B4G5JG4P,FBA75691,"Audio Array AM-W14 UHF Dual Wireless Premium Metal Microphone | 2X XLR Outs & 1/4"" Mix Out | Range up to 200ft/60m | Karaoke Singing, Wedding, DJ, Church | PA System, Amplifier, Mixer, Party Box",SELLABLE,10,0,0,0,0,0,0,0,0,0,0,0,10,0,BLR8
05/17/2026,X001L4SEBT,B0B4G5JG4P,FBA75691,"Audio Array AM-W14 UHF Dual Wireless Premium Metal Microphone | 2X XLR Outs & 1/4"" Mix Out | Range up to 200ft/60m | Karaoke Singing, Wedding, DJ, Church | PA System, Amplifier, Mixer, Party Box",SELLABLE,14,0,0,0,0,0,0,0,0,0,0,0,14,0,BOM5
05/17/2026,X001L4SEBT,B0B4G5JG4P,FBA75691,"Audio Array AM-W14 UHF Dual Wireless Premium Metal Microphone | 2X XLR Outs & 1/4"" Mix Out | Range up to 200ft/60m | Karaoke Singing, Wedding, DJ, Church | PA System, Amplifier, Mixer, Party Box",SELLABLE,1,0,0,0,0,0,0,0,0,0,0,0,1,0,BOM7
05/17/2026,X001L4SEBT,B0B4G5JG4P,FBA75691,"Audio Array AM-W14 UHF Dual Wireless Premium Metal Microphone | 2X XLR Outs & 1/4"" Mix Out | Range up to 200ft/60m | Karaoke Singing, Wedding, DJ, Church | PA System, Amplifier, Mixer, Party Box",SELLABLE,14,0,0,0,0,0,0,0,0,0,0,0,14,0,CCX1
05/17/2026,X001L4SEBT,B0B4G5JG4P,FBA75691,"Audio Array AM-W14 UHF Dual Wireless Premium Metal Microphone | 2X XLR Outs & 1/4"" Mix Out | Range up to 200ft/60m | Karaoke Singing, Wedding, DJ, Church | PA System, Amplifier, Mixer, Party Box",SELLABLE,5,0,0,0,0,0,0,0,0,0,0,0,5,0,CJB1
05/17/2026,X001L4SEBT,B0B4G5JG4P,FBA75691,"Audio Array AM-W14 UHF Dual Wireless Premium Metal Microphone | 2X XLR Outs & 1/4"" Mix Out | Range up to 200ft/60m | Karaoke Singing, Wedding, DJ, Church | PA System, Amplifier, Mixer, Party Box",SELLABLE,7,0,0,0,0,0,0,0,0,0,0,0,7,0,DEL4
05/17/2026,X001L4SEBT,B0B4G5JG4P,FBA75691,"Audio Array AM-W14 UHF Dual Wireless Premium Metal Microphone | 2X XLR Outs & 1/4"" Mix Out | Range up to 200ft/60m | Karaoke Singing, Wedding, DJ, Church | PA System, Amplifier, Mixer, Party Box",SELLABLE,5,0,0,0,0,0,0,0,0,0,0,0,5,0,DEL5
05/17/2026,X001L4SEBT,B0B4G5JG4P,FBA75691,"Audio Array AM-W14 UHF Dual Wireless Premium Metal Microphone | 2X XLR Outs & 1/4"" Mix Out | Range up to 200ft/60m | Karaoke Singing, Wedding, DJ, Church | PA System, Amplifier, Mixer, Party Box",SELLABLE,7,0,0,0,0,0,0,0,0,0,0,0,7,0,HYD3
05/17/2026,X001L4SEBT,B0B4G5JG4P,FBA75691,"Audio Array AM-W14 UHF Dual Wireless Premium Metal Microphone | 2X XLR Outs & 1/4"" Mix Out | Range up to 200ft/60m | Karaoke Singing, Wedding, DJ, Church | PA System, Amplifier, Mixer, Party Box",SELLABLE,14,0,0,0,0,0,0,0,0,0,0,0,14,0,HYD8
05/17/2026,X001L4SEBT,B0B4G5JG4P,FBA75691,"Audio Array AM-W14 UHF Dual Wireless Premium Metal Microphone | 2X XLR Outs & 1/4"" Mix Out | Range up to 200ft/60m | Karaoke Singing, Wedding, DJ, Church | PA System, Amplifier, Mixer, Party Box",SELLABLE,8,0,0,0,0,0,0,0,0,0,0,0,8,0,LKO1
05/17/2026,X001L4SEBT,B0B4G5JG4P,FBA75691,"Audio Array AM-W14 UHF Dual Wireless Premium Metal Microphone | 2X XLR Outs & 1/4"" Mix Out | Range up to 200ft/60m | Karaoke Singing, Wedding, DJ, Church | PA System, Amplifier, Mixer, Party Box",SELLABLE,15,0,0,0,0,0,0,0,0,0,0,0,15,0,MAA4
05/17/2026,X001L4TMU1,B0B4G94VP3,FBA75683,"Audio Array AA-03 Double Layer Professional Pop Filter | Flexible 360° Free Angle Adjustable, Durable Windshield | Metal Gooseneck Stabilizing Arm Holder with 32cm Arm Length | Suitable for Recording.",SELLABLE,1,0,0,0,0,0,0,0,0,0,0,0,1,0,BOM5
05/17/2026,X001L4TMU1,B0B4G94VP3,FBA75683,"Audio Array AA-03 Double Layer Professional Pop Filter | Flexible 360° Free Angle Adjustable, Durable Windshield | Metal Gooseneck Stabilizing Arm Holder with 32cm Arm Length | Suitable for Recording.",SELLABLE,15,0,0,0,0,0,0,0,0,0,0,0,15,0,DEL5
05/17/2026,X001L4TMU1,B0B4G94VP3,FBA75683,"Audio Array AA-03 Double Layer Professional Pop Filter | Flexible 360° Free Angle Adjustable, Durable Windshield | Metal Gooseneck Stabilizing Arm Holder with 32cm Arm Length | Suitable for Recording.",SELLABLE,3,0,0,0,0,0,0,0,0,0,0,0,3,0,HYD3
05/17/2026,X001L4TMU1,B0B4G94VP3,FBA75683,"Audio Array AA-03 Double Layer Professional Pop Filter | Flexible 360° Free Angle Adjustable, Durable Windshield | Metal Gooseneck Stabilizing Arm Holder with 32cm Arm Length | Suitable for Recording.",SELLABLE,1,0,0,0,0,0,0,0,0,0,0,0,1,0,MAA4
05/17/2026,X001L4X3H9,B0B4G8PH2P,FBA75678,"Audio Array AA-01 Suspension Boom Scissor Microphone Stand | Double Layer Mesh Pop Filter | 70cm Sturdy Boom Arm with 1.8kg Capacity | 5/8"" to 3/8"" Screw Adapter | Mic Holder, Foam Cover, Cable Ties",CARRIER_DAMAGED,1,0,0,0,0,0,0,0,0,0,0,0,1,0,DEL4
05/17/2026,X001L4X3H9,B0B4G8PH2P,FBA75678,"Audio Array AA-01 Suspension Boom Scissor Microphone Stand | Double Layer Mesh Pop Filter | 70cm Sturdy Boom Arm with 1.8kg Capacity | 5/8"" to 3/8"" Screw Adapter | Mic Holder, Foam Cover, Cable Ties",SELLABLE,8,0,0,0,0,0,0,0,0,0,0,0,8,0,BLR8
05/17/2026,X001L4X3H9,B0B4G8PH2P,FBA75678,"Audio Array AA-01 Suspension Boom Scissor Microphone Stand | Double Layer Mesh Pop Filter | 70cm Sturdy Boom Arm with 1.8kg Capacity | 5/8"" to 3/8"" Screw Adapter | Mic Holder, Foam Cover, Cable Ties",SELLABLE,1,0,0,0,0,0,0,0,0,0,0,0,1,0,CCX1
05/17/2026,X001L4X3H9,B0B4G8PH2P,FBA75678,"Audio Array AA-01 Suspension Boom Scissor Microphone Stand | Double Layer Mesh Pop Filter | 70cm Sturdy Boom Arm with 1.8kg Capacity | 5/8"" to 3/8"" Screw Adapter | Mic Holder, Foam Cover, Cable Ties",SELLABLE,2,0,0,0,0,0,0,0,0,0,0,0,2,0,LKO1
05/17/2026,X001L4X3H9,B0B4G8PH2P,FBA75678,"Audio Array AA-01 Suspension Boom Scissor Microphone Stand | Double Layer Mesh Pop Filter | 70cm Sturdy Boom Arm with 1.8kg Capacity | 5/8"" to 3/8"" Screw Adapter | Mic Holder, Foam Cover, Cable Ties",SELLABLE,1,0,0,0,0,0,0,0,0,0,0,0,1,0,MAA4
05/17/2026,X001L4X3H9,B0B4G8PH2P,FBA75678,"Audio Array AA-01 Suspension Boom Scissor Microphone Stand | Double Layer Mesh Pop Filter | 70cm Sturdy Boom Arm with 1.8kg Capacity | 5/8"" to 3/8"" Screw Adapter | Mic Holder, Foam Cover, Cable Ties",SELLABLE,1,0,0,0,0,0,0,0,0,0,0,0,1,0,PNQ3
05/17/2026,X001L5GHUN,B0B4JRQP22,FBA75679,"Audio Array AA-02 3-Panel Curved Isolation Shield with Insulation, Absorption & Reflection Filter | 3/8"" and 5/8"" Universal Mic Mount for Recording Studio, Podcasts, Singing & Broadcasting",CUSTOMER_DAMAGED,1,0,0,0,0,0,0,0,0,0,0,0,1,0,BOM5
05/17/2026,X001L5GHUN,B0B4JRQP22,FBA75679,"Audio Array AA-02 3-Panel Curved Isolation Shield with Insulation, Absorption & Reflection Filter | 3/8"" and 5/8"" Universal Mic Mount for Recording Studio, Podcasts, Singing & Broadcasting",SELLABLE,3,0,0,0,0,0,0,0,0,0,0,0,3,0,BOM5
05/17/2026,X001L5GHUN,B0B4JRQP22,FBA75679,"Audio Array AA-02 3-Panel Curved Isolation Shield with Insulation, Absorption & Reflection Filter | 3/8"" and 5/8"" Universal Mic Mount for Recording Studio, Podcasts, Singing & Broadcasting",SELLABLE,7,0,0,0,0,0,0,0,0,0,0,0,7,0,BOM7
05/17/2026,X001L5GHUN,B0B4JRQP22,FBA75679,"Audio Array AA-02 3-Panel Curved Isolation Shield with Insulation, Absorption & Reflection Filter | 3/8"" and 5/8"" Universal Mic Mount for Recording Studio, Podcasts, Singing & Broadcasting",SELLABLE,2,0,0,0,0,0,0,0,0,0,0,0,2,0,DEL5
05/17/2026,X001L5GHUN,B0B4JRQP22,FBA75679,"Audio Array AA-02 3-Panel Curved Isolation Shield with Insulation, Absorption & Reflection Filter | 3/8"" and 5/8"" Universal Mic Mount for Recording Studio, Podcasts, Singing & Broadcasting",SELLABLE,9,0,0,0,0,0,0,0,0,0,0,0,9,0,HYD8
05/17/2026,X001L5GHUN,B0B4JRQP22,FBA75679,"Audio Array AA-02 3-Panel Curved Isolation Shield with Insulation, Absorption & Reflection Filter | 3/8"" and 5/8"" Universal Mic Mount for Recording Studio, Podcasts, Singing & Broadcasting",SELLABLE,10,0,0,0,0,0,0,0,0,0,0,0,10,0,LKO1
05/17/2026,X001L5GHUN,B0B4JRQP22,FBA75679,"Audio Array AA-02 3-Panel Curved Isolation Shield with Insulation, Absorption & Reflection Filter | 3/8"" and 5/8"" Universal Mic Mount for Recording Studio, Podcasts, Singing & Broadcasting",SELLABLE,9,0,0,0,0,0,0,0,0,0,0,0,9,0,MAA4
05/17/2026,X001L5V8HP,B0B4K87PR4,FBA75690,Audio Array AM-C10 USB Plug & Play Conference Microphone with Speaker | Omni Directional Pickup Upto 4M | Speaker and Mic Mute Buttons | Volume Control & Mute Button | Ideal for Meeting & Video Call,SELLABLE,10,0,0,0,0,0,0,0,0,0,0,0,10,0,BLR8
05/17/2026,X001L5ZA2J,B0B4KC7VBM,FBA75677,"Audio Array AM-C5 USB Plug & Play Conference Mic for Mac OS & Windows | Conference, Recording, Skype, Online Class with Range Upto 5M | One Touch Mute Button & Light Indicator (NOT A Speaker)",SELLABLE,7,0,0,0,0,0,0,0,0,0,0,0,7,0,BLR8
05/17/2026,X001NY39F3,B0BLKBJ5HN,FBA76742,"Audio Array AM-K1 Instrument Drum Microphone Kit | Stage Performance & Professional Studio Recording Quality | 1 Kick Drum Mic, 2 Tom Mics, 2 Overhead Condenser Mics with Standard Mounting Accessories",SELLABLE,1,0,0,0,0,0,0,0,0,0,0,0,1,0,AMD2
05/17/2026,X001NY39F3,B0BLKBJ5HN,FBA76742,"Audio Array AM-K1 Instrument Drum Microphone Kit | Stage Performance & Professional Studio Recording Quality | 1 Kick Drum Mic, 2 Tom Mics, 2 Overhead Condenser Mics with Standard Mounting Accessories",SELLABLE,2,0,0,0,0,0,0,0,0,0,0,0,2,0,BLR7
05/17/2026,X001NY39F3,B0BLKBJ5HN,FBA76742,"Audio Array AM-K1 Instrument Drum Microphone Kit | Stage Performance & Professional Studio Recording Quality | 1 Kick Drum Mic, 2 Tom Mics, 2 Overhead Condenser Mics with Standard Mounting Accessories",SELLABLE,1,0,0,0,0,0,0,0,0,0,0,0,1,0,BLR8
05/17/2026,X001NY39F3,B0BLKBJ5HN,FBA76742,"Audio Array AM-K1 Instrument Drum Microphone Kit | Stage Performance & Professional Studio Recording Quality | 1 Kick Drum Mic, 2 Tom Mics, 2 Overhead Condenser Mics with Standard Mounting Accessories",SELLABLE,1,0,0,0,0,0,0,0,0,0,0,0,1,0,BOM5
05/17/2026,X001NY39F3,B0BLKBJ5HN,FBA76742,"Audio Array AM-K1 Instrument Drum Microphone Kit | Stage Performance & Professional Studio Recording Quality | 1 Kick Drum Mic, 2 Tom Mics, 2 Overhead Condenser Mics with Standard Mounting Accessories",SELLABLE,1,0,0,0,0,0,0,0,0,0,0,0,1,0,DEL5
05/17/2026,X001NY39F3,B0BLKBJ5HN,FBA76742,"Audio Array AM-K1 Instrument Drum Microphone Kit | Stage Performance & Professional Studio Recording Quality | 1 Kick Drum Mic, 2 Tom Mics, 2 Overhead Condenser Mics with Standard Mounting Accessories",SELLABLE,1,0,0,0,0,0,0,0,0,0,0,0,1,0,HYD3
05/17/2026,X001NY39F3,B0BLKBJ5HN,FBA76742,"Audio Array AM-K1 Instrument Drum Microphone Kit | Stage Performance & Professional Studio Recording Quality | 1 Kick Drum Mic, 2 Tom Mics, 2 Overhead Condenser Mics with Standard Mounting Accessories",SELLABLE,1,0,0,0,0,0,0,0,0,0,0,0,1,0,PNQ3
05/17/2026,X001NY6AGX,B0BLJVJ2GN,FBA76414,"Audio Array AA-05 Suspension Boom Scissor Microphone Arm Stand | Universal clamp with mic Holder & 3/8″ to 5/8″ Adapter for Shock mounts | Suitable for Stages, Studios, Broadcasting, TV Stations",CARRIER_DAMAGED,1,0,0,0,0,-1,0,0,0,0,0,0,0,0,CCX1
05/17/2026,X001NY6AGX,B0BLJVJ2GN,FBA76414,"Audio Array AA-05 Suspension Boom Scissor Microphone Arm Stand | Universal clamp with mic Holder & 3/8″ to 5/8″ Adapter for Shock mounts | Suitable for Stages, Studios, Broadcasting, TV Stations",CUSTOMER_DAMAGED,1,0,0,0,0,0,0,0,0,0,0,0,1,0,DEL5
05/17/2026,X001NY6AGX,B0BLJVJ2GN,FBA76414,"Audio Array AA-05 Suspension Boom Scissor Microphone Arm Stand | Universal clamp with mic Holder & 3/8″ to 5/8″ Adapter for Shock mounts | Suitable for Stages, Studios, Broadcasting, TV Stations",SELLABLE,5,0,0,0,0,0,0,0,0,0,0,0,5,0,AMD2
05/17/2026,X001NY6AGX,B0BLJVJ2GN,FBA76414,"Audio Array AA-05 Suspension Boom Scissor Microphone Arm Stand | Universal clamp with mic Holder & 3/8″ to 5/8″ Adapter for Shock mounts | Suitable for Stages, Studios, Broadcasting, TV Stations",SELLABLE,15,0,0,0,0,0,0,0,0,0,0,0,15,0,BOM5
05/17/2026,X001NY6AGX,B0BLJVJ2GN,FBA76414,"Audio Array AA-05 Suspension Boom Scissor Microphone Arm Stand | Universal clamp with mic Holder & 3/8″ to 5/8″ Adapter for Shock mounts | Suitable for Stages, Studios, Broadcasting, TV Stations",SELLABLE,7,0,0,0,0,0,0,0,0,0,0,0,7,0,CJB1
05/17/2026,X001NY6AGX,B0BLJVJ2GN,FBA76414,"Audio Array AA-05 Suspension Boom Scissor Microphone Arm Stand | Universal clamp with mic Holder & 3/8″ to 5/8″ Adapter for Shock mounts | Suitable for Stages, Studios, Broadcasting, TV Stations",SELLABLE,12,0,0,0,0,0,0,0,0,0,0,0,12,0,DEL5
05/17/2026,X001NY6AGX,B0BLJVJ2GN,FBA76414,"Audio Array AA-05 Suspension Boom Scissor Microphone Arm Stand | Universal clamp with mic Holder & 3/8″ to 5/8″ Adapter for Shock mounts | Suitable for Stages, Studios, Broadcasting, TV Stations",SELLABLE,1,0,0,0,0,0,0,0,0,0,0,0,1,0,HYD8
05/17/2026,X001NY6AGX,B0BLJVJ2GN,FBA76414,"Audio Array AA-05 Suspension Boom Scissor Microphone Arm Stand | Universal clamp with mic Holder & 3/8″ to 5/8″ Adapter for Shock mounts | Suitable for Stages, Studios, Broadcasting, TV Stations",SELLABLE,3,0,0,0,0,0,0,0,0,0,0,0,3,0,MAA4
05/17/2026,X001NY6UL3,B0BLK8DNPD,FBA76716,Audio Array AM-C13 Condenser Lapel Microphone | 6M Shielded Cable | Metal Build | Plug n Play Mobile & DSLR Support | 3.5mm Connector | Omnidirectional Pickup | Hard Case Included | 1 Year Warranty.,SELLABLE,9,0,0,0,0,0,0,0,0,0,0,0,9,0,BLR8
05/17/2026,X001NYWF2B,B0BLKB6FRR,FBA76730,"Audio Array AM-C27 XLR to TRS Cardioid Dynamic Handheld Microphone Sound for Live Events | Premium Built with 4.5M Cable | Singing, Public Meetings, Studio Recording, Live Sound, Party",SELLABLE,5,0,0,0,0,0,0,0,0,0,0,0,5,0,BLR8
05/17/2026,X001NYWM3D,B0BLKCWZQD,FBA76720,Audio Array AM-C17 Dual Head Lapel Microphone | 1M x2 Long & Strong Cables | 3.5mm TRRS & 3.5mm TRRS to TRS Adapter | Omnidirectional Pickup | Mic Covers & Leather Bag Included | 1 Year Warranty,SELLABLE,6,0,0,0,0,0,0,0,0,0,0,0,6,0,BLR8
05/17/2026,X001ON74I1,B0BPLWW72Y,FBA76862,Audio Array AM-C28 USB Plug & Play Conference Microphone | Omni Directional Pickup Upto 3M | Mic Mute Button | No Drivers Condenser USB Type-C | Ideal for Meetings & Video Calling (Not a Speaker),DEFECTIVE,1,0,0,0,0,0,0,0,0,0,0,0,1,0,BOM7
05/17/2026,X001ON74I1,B0BPLWW72Y,FBA76862,Audio Array AM-C28 USB Plug & Play Conference Microphone | Omni Directional Pickup Upto 3M | Mic Mute Button | No Drivers Condenser USB Type-C | Ideal for Meetings & Video Calling (Not a Speaker),SELLABLE,1,0,0,0,0,0,0,0,0,0,0,0,1,0,BLR8
05/17/2026,X001ON74I1,B0BPLWW72Y,FBA76862,Audio Array AM-C28 USB Plug & Play Conference Microphone | Omni Directional Pickup Upto 3M | Mic Mute Button | No Drivers Condenser USB Type-C | Ideal for Meetings & Video Calling (Not a Speaker),SELLABLE,2,0,0,0,0,0,0,0,0,0,0,0,2,0,BOM7
05/17/2026,X001ON74I1,B0BPLWW72Y,FBA76862,Audio Array AM-C28 USB Plug & Play Conference Microphone | Omni Directional Pickup Upto 3M | Mic Mute Button | No Drivers Condenser USB Type-C | Ideal for Meetings & Video Calling (Not a Speaker),SELLABLE,3,0,0,0,0,0,0,0,0,0,0,0,3,0,MAA4
05/17/2026,X001ON74I1,B0BPLWW72Y,FBA76862,Audio Array AM-C28 USB Plug & Play Conference Microphone | Omni Directional Pickup Upto 3M | Mic Mute Button | No Drivers Condenser USB Type-C | Ideal for Meetings & Video Calling (Not a Speaker),SELLABLE,1,0,0,0,0,0,0,0,0,0,0,0,1,0,PNQ3
05/17/2026,X001OND4NP,B0BPLZ5CGV,FBA76864,Audio Array AI-04 HD 2x2 Gen 3 Audio Interface | Premium Mic Pre-Amps | 48V Phantom Power | 24bit/192kHz Hi-Fi Recording | XLR/MIC/LINE inputs | Plug & Play-No Drivers | 2 in 3 out | Metal Body | Red,CARRIER_DAMAGED,1,0,0,0,0,0,0,0,0,0,0,0,1,0,DEL4
05/17/2026,X001OND4NP,B0BPLZ5CGV,FBA76864,Audio Array AI-04 HD 2x2 Gen 3 Audio Interface | Premium Mic Pre-Amps | 48V Phantom Power | 24bit/192kHz Hi-Fi Recording | XLR/MIC/LINE inputs | Plug & Play-No Drivers | 2 in 3 out | Metal Body | Red,SELLABLE,8,0,0,0,0,0,0,0,0,0,0,0,8,0,AMD2
05/17/2026,X001OND4NP,B0BPLZ5CGV,FBA76864,Audio Array AI-04 HD 2x2 Gen 3 Audio Interface | Premium Mic Pre-Amps | 48V Phantom Power | 24bit/192kHz Hi-Fi Recording | XLR/MIC/LINE inputs | Plug & Play-No Drivers | 2 in 3 out | Metal Body | Red,SELLABLE,8,0,0,0,0,0,0,0,0,0,0,0,8,0,BLR8
05/17/2026,X001OND4NP,B0BPLZ5CGV,FBA76864,Audio Array AI-04 HD 2x2 Gen 3 Audio Interface | Premium Mic Pre-Amps | 48V Phantom Power | 24bit/192kHz Hi-Fi Recording | XLR/MIC/LINE inputs | Plug & Play-No Drivers | 2 in 3 out | Metal Body | Red,SELLABLE,15,0,0,0,0,0,0,0,0,0,0,0,15,0,BOM5
05/17/2026,X001OND4NP,B0BPLZ5CGV,FBA76864,Audio Array AI-04 HD 2x2 Gen 3 Audio Interface | Premium Mic Pre-Amps | 48V Phantom Power | 24bit/192kHz Hi-Fi Recording | XLR/MIC/LINE inputs | Plug & Play-No Drivers | 2 in 3 out | Metal Body | Red,SELLABLE,9,0,0,0,0,0,0,0,0,0,0,0,9,0,BOM7
05/17/2026,X001OND4NP,B0BPLZ5CGV,FBA76864,Audio Array AI-04 HD 2x2 Gen 3 Audio Interface | Premium Mic Pre-Amps | 48V Phantom Power | 24bit/192kHz Hi-Fi Recording | XLR/MIC/LINE inputs | Plug & Play-No Drivers | 2 in 3 out | Metal Body | Red,SELLABLE,25,0,0,0,1,0,0,0,0,0,0,0,26,0,CCX1
05/17/2026,X001OND4NP,B0BPLZ5CGV,FBA76864,Audio Array AI-04 HD 2x2 Gen 3 Audio Interface | Premium Mic Pre-Amps | 48V Phantom Power | 24bit/192kHz Hi-Fi Recording | XLR/MIC/LINE inputs | Plug & Play-No Drivers | 2 in 3 out | Metal Body | Red,SELLABLE,2,0,0,0,0,0,0,0,0,0,0,0,2,0,CJB1
05/17/2026,X001OND4NP,B0BPLZ5CGV,FBA76864,Audio Array AI-04 HD 2x2 Gen 3 Audio Interface | Premium Mic Pre-Amps | 48V Phantom Power | 24bit/192kHz Hi-Fi Recording | XLR/MIC/LINE inputs | Plug & Play-No Drivers | 2 in 3 out | Metal Body | Red,SELLABLE,4,0,0,0,0,0,0,0,0,0,0,0,4,0,DEL4
05/17/2026,X001OND4NP,B0BPLZ5CGV,FBA76864,Audio Array AI-04 HD 2x2 Gen 3 Audio Interface | Premium Mic Pre-Amps | 48V Phantom Power | 24bit/192kHz Hi-Fi Recording | XLR/MIC/LINE inputs | Plug & Play-No Drivers | 2 in 3 out | Metal Body | Red,SELLABLE,3,0,0,0,0,0,0,0,0,0,0,0,3,0,DEL5
05/17/2026,X001OND4NP,B0BPLZ5CGV,FBA76864,Audio Array AI-04 HD 2x2 Gen 3 Audio Interface | Premium Mic Pre-Amps | 48V Phantom Power | 24bit/192kHz Hi-Fi Recording | XLR/MIC/LINE inputs | Plug & Play-No Drivers | 2 in 3 out | Metal Body | Red,SELLABLE,15,0,0,0,0,0,0,0,0,0,0,0,15,0,MAA4
05/17/2026,X001OND4NP,B0BPLZ5CGV,FBA76864,Audio Array AI-04 HD 2x2 Gen 3 Audio Interface | Premium Mic Pre-Amps | 48V Phantom Power | 24bit/192kHz Hi-Fi Recording | XLR/MIC/LINE inputs | Plug & Play-No Drivers | 2 in 3 out | Metal Body | Red,SELLABLE,10,0,0,0,0,0,0,0,0,0,0,0,10,0,PNQ3
05/17/2026,X001ONEISF,B0BPM2T7BQ,FBA76863,"Audio Array AI-03 Professional Sound Card with Bluetooth | Podcast Production Setup with 4 mic input & 4 outputs | +48V phantom power, PC/Mac connectivity | 6-8hr Battery | Streaming, Singing & Gaming",SELLABLE,3,0,0,0,0,0,0,0,0,0,0,0,3,0,BLR8
05/17/2026,X001ONEISF,B0BPM2T7BQ,FBA76863,"Audio Array AI-03 Professional Sound Card with Bluetooth | Podcast Production Setup with 4 mic input & 4 outputs | +48V phantom power, PC/Mac connectivity | 6-8hr Battery | Streaming, Singing & Gaming",SELLABLE,19,0,0,0,0,0,0,0,0,0,0,0,19,0,CCX1
05/17/2026,X001ONEISF,B0BPM2T7BQ,FBA76863,"Audio Array AI-03 Professional Sound Card with Bluetooth | Podcast Production Setup with 4 mic input & 4 outputs | +48V phantom power, PC/Mac connectivity | 6-8hr Battery | Streaming, Singing & Gaming",SELLABLE,10,0,0,0,0,0,0,0,0,0,0,0,10,0,HYD8
05/17/2026,X001ONEISF,B0BPM2T7BQ,FBA76863,"Audio Array AI-03 Professional Sound Card with Bluetooth | Podcast Production Setup with 4 mic input & 4 outputs | +48V phantom power, PC/Mac connectivity | 6-8hr Battery | Streaming, Singing & Gaming",SELLABLE,5,0,0,0,0,0,0,0,0,0,0,0,5,0,MAA4
05/17/2026,X001ONOTQB,B0BPMN89NG,FBA77011,"Audio Array AM-C29 4 Pickup Pattern Professional USB Plug & Play Condenser Microphone | 3.5 mm No Latency Monitoring, Volume Control & Mute Button | For Conference, Gaming, Podcasting & Live Streaming",DEFECTIVE,1,0,0,0,0,0,0,0,0,0,0,0,1,0,DEL5
05/17/2026,X001ORW383,B0BQ7H7418,FBA76597,"Audio Array AA-06 Microphone Boom Arm with 35cm+35cm=70cm Adjustable Suspension Scissor Arm Stand, Shock Mount, Base Clamp, Pop-Filter, 3/8"" to 5/8"" Universal Screw Adapter, 4x Cable Ties",SELLABLE,1,0,0,0,0,0,0,0,0,0,0,0,1,0,BOM5
05/17/2026,X001ORW383,B0BQ7H7418,FBA76597,"Audio Array AA-06 Microphone Boom Arm with 35cm+35cm=70cm Adjustable Suspension Scissor Arm Stand, Shock Mount, Base Clamp, Pop-Filter, 3/8"" to 5/8"" Universal Screw Adapter, 4x Cable Ties",SELLABLE,9,0,0,0,0,0,0,0,0,0,0,0,9,0,DEL5
05/17/2026,X001ORW383,B0BQ7H7418,FBA76597,"Audio Array AA-06 Microphone Boom Arm with 35cm+35cm=70cm Adjustable Suspension Scissor Arm Stand, Shock Mount, Base Clamp, Pop-Filter, 3/8"" to 5/8"" Universal Screw Adapter, 4x Cable Ties",SELLABLE,2,0,0,0,0,0,0,0,0,0,0,0,2,0,HYD3
05/17/2026,X001ORW383,B0BQ7H7418,FBA76597,"Audio Array AA-06 Microphone Boom Arm with 35cm+35cm=70cm Adjustable Suspension Scissor Arm Stand, Shock Mount, Base Clamp, Pop-Filter, 3/8"" to 5/8"" Universal Screw Adapter, 4x Cable Ties",SELLABLE,5,0,0,0,0,0,0,0,0,0,0,0,5,0,PNQ3
05/17/2026,X001S25SQ3,B0C4YTNJG7,FBA78203,"Audio Array AM-C30 Metal RGB Professional USB Microphone | One-Touch Mute, Gain & No-Latency Monitoring Controls | Shock Mount and Tripod | for PC/Mobile, Gaming, Streaming, Podcasting & Voiceover",SELLABLE,1,0,0,0,0,0,0,0,0,0,0,0,1,0,DEL4
05/17/2026,X001S2C45B,B0C539RBGL,FBA78205,"Audio Array AM-C32 Professional RGB USB Condenser Microphone with Tripod/Pop Filter & Shock Mount | No Latency Monitoring & Mute Button | For PC/Mobile, Gaming, Podcast, Streaming, Recording & Singing",SELLABLE,1,0,0,0,0,0,0,0,0,0,0,0,1,0,BOM7
05/17/2026,X001S2C45B,B0C539RBGL,FBA78205,"Audio Array AM-C32 Professional RGB USB Condenser Microphone with Tripod/Pop Filter & Shock Mount | No Latency Monitoring & Mute Button | For PC/Mobile, Gaming, Podcast, Streaming, Recording & Singing",SELLABLE,1,0,0,0,0,0,0,0,0,0,0,0,1,0,CCX1
05/17/2026,X001S2C45B,B0C539RBGL,FBA78205,"Audio Array AM-C32 Professional RGB USB Condenser Microphone with Tripod/Pop Filter & Shock Mount | No Latency Monitoring & Mute Button | For PC/Mobile, Gaming, Podcast, Streaming, Recording & Singing",SELLABLE,1,0,0,0,0,0,0,0,0,0,0,0,1,0,DEL4
05/17/2026,X001S2C45B,B0C539RBGL,FBA78205,"Audio Array AM-C32 Professional RGB USB Condenser Microphone with Tripod/Pop Filter & Shock Mount | No Latency Monitoring & Mute Button | For PC/Mobile, Gaming, Podcast, Streaming, Recording & Singing",SELLABLE,1,0,0,0,0,0,0,0,0,0,0,0,1,0,HYD3
05/17/2026,X001S2C45B,B0C539RBGL,FBA78205,"Audio Array AM-C32 Professional RGB USB Condenser Microphone with Tripod/Pop Filter & Shock Mount | No Latency Monitoring & Mute Button | For PC/Mobile, Gaming, Podcast, Streaming, Recording & Singing",SELLABLE,1,0,0,0,0,0,0,0,0,0,0,0,1,0,LKO1
05/17/2026,X001S4GRQV,B0C598Q6PT,FBA78423,"Audio Array AM-C36 Lapel Microphone | 1M Long & Strong Cable | 3.5mm TRRS| 3.5mm TRRS Port, TRRS to TRS & TRRS to USB Type C adapters | Omnidirectional Pickup | Mic Cover & Leather Bag Included",SELLABLE,10,0,0,0,0,0,0,0,0,0,0,0,10,0,BLR8
05/17/2026,X001S4I8HR,B0C5957W3P,FBA78420,"Audio Array AM-C33 Lapel Microphone | 1M Long, Strong Cable | 3.5mm TRRS | 3.5mm TRRS Port & TRRS to TRS Adapter | Omnidirectional Pickup | Mic Cover & Leather Carry Bag Included | 1 Year Warranty",SELLABLE,10,0,0,0,0,0,0,0,0,0,0,0,10,0,BLR8
05/17/2026,X001TCEDFJ,B0CBC7QMNV,FBA78925,"Audio Array AM-C11X XLR Dynamic Microphone | Studio-quality Audio Output | Cardioid Polar Pattern | Premium Metal Build | 2 Meter XLR cable | for Streaming, Gaming, Podcasting, Singing | 2 Yr Warranty",SELLABLE,3,0,0,0,0,0,0,0,0,0,0,0,3,0,BOM7
05/17/2026,X001TCEDFJ,B0CBC7QMNV,FBA78925,"Audio Array AM-C11X XLR Dynamic Microphone | Studio-quality Audio Output | Cardioid Polar Pattern | Premium Metal Build | 2 Meter XLR cable | for Streaming, Gaming, Podcasting, Singing | 2 Yr Warranty",SELLABLE,2,0,0,0,0,0,0,0,0,0,0,0,2,0,DEL4
05/17/2026,X001TCEDFJ,B0CBC7QMNV,FBA78925,"Audio Array AM-C11X XLR Dynamic Microphone | Studio-quality Audio Output | Cardioid Polar Pattern | Premium Metal Build | 2 Meter XLR cable | for Streaming, Gaming, Podcasting, Singing | 2 Yr Warranty",SELLABLE,8,0,0,0,0,0,0,0,0,0,0,0,8,0,LKO1
05/17/2026,X001TCEDFJ,B0CBC7QMNV,FBA78925,"Audio Array AM-C11X XLR Dynamic Microphone | Studio-quality Audio Output | Cardioid Polar Pattern | Premium Metal Build | 2 Meter XLR cable | for Streaming, Gaming, Podcasting, Singing | 2 Yr Warranty",SELLABLE,1,0,0,0,0,0,0,0,0,0,0,0,1,0,MAA4
05/17/2026,X001TCICGF,B0CBCB82MT,FBA78960,"Audio Array AM-C39 XLR to 3.5mm Condenser Microphone Kit | Tripod, 2M Cable & Foam Filter | Compatible with Audio Interface, Mixer | Recording, Podcast, Streaming, Home Studio (Black)",SELLABLE,6,0,0,0,0,0,0,0,0,0,0,0,6,0,BLR7
05/17/2026,X001U5HJM9,B0CF5R3V95,FBA78973,"Audio Array AA-19 2in1 High & Low Profile Mic Stand | 71cm reach | Premium Metal design with Built In Cable Management | Flexible Position adjustments | 2Kg Weight Capacity |5/8"" to 3/8"" Screw Adapter",SELLABLE,1,0,0,0,0,0,0,0,0,0,0,0,1,0,AMD2
05/17/2026,X001U5HJM9,B0CF5R3V95,FBA78973,"Audio Array AA-19 2in1 High & Low Profile Mic Stand | 71cm reach | Premium Metal design with Built In Cable Management | Flexible Position adjustments | 2Kg Weight Capacity |5/8"" to 3/8"" Screw Adapter",SELLABLE,1,0,0,0,0,0,0,0,0,0,0,0,1,0,BLR8
05/17/2026,X001U5HJM9,B0CF5R3V95,FBA78973,"Audio Array AA-19 2in1 High & Low Profile Mic Stand | 71cm reach | Premium Metal design with Built In Cable Management | Flexible Position adjustments | 2Kg Weight Capacity |5/8"" to 3/8"" Screw Adapter",SELLABLE,2,0,0,0,0,0,0,0,0,0,0,0,2,0,BOM5
05/17/2026,X001U5HJM9,B0CF5R3V95,FBA78973,"Audio Array AA-19 2in1 High & Low Profile Mic Stand | 71cm reach | Premium Metal design with Built In Cable Management | Flexible Position adjustments | 2Kg Weight Capacity |5/8"" to 3/8"" Screw Adapter",SELLABLE,1,0,0,0,0,0,0,0,0,0,0,0,1,0,BOM7
05/17/2026,X001U5HJM9,B0CF5R3V95,FBA78973,"Audio Array AA-19 2in1 High & Low Profile Mic Stand | 71cm reach | Premium Metal design with Built In Cable Management | Flexible Position adjustments | 2Kg Weight Capacity |5/8"" to 3/8"" Screw Adapter",SELLABLE,0,0,0,0,0,0,1,0,0,0,0,0,1,0,CCX1
05/17/2026,X001U5HJM9,B0CF5R3V95,FBA78973,"Audio Array AA-19 2in1 High & Low Profile Mic Stand | 71cm reach | Premium Metal design with Built In Cable Management | Flexible Position adjustments | 2Kg Weight Capacity |5/8"" to 3/8"" Screw Adapter",SELLABLE,1,0,0,0,0,0,0,0,0,0,0,0,1,0,CJB1
05/17/2026,X001U5HJM9,B0CF5R3V95,FBA78973,"Audio Array AA-19 2in1 High & Low Profile Mic Stand | 71cm reach | Premium Metal design with Built In Cable Management | Flexible Position adjustments | 2Kg Weight Capacity |5/8"" to 3/8"" Screw Adapter",SELLABLE,1,0,0,0,0,0,0,0,0,0,0,0,1,0,DEL4
05/17/2026,X001U5HJM9,B0CF5R3V95,FBA78973,"Audio Array AA-19 2in1 High & Low Profile Mic Stand | 71cm reach | Premium Metal design with Built In Cable Management | Flexible Position adjustments | 2Kg Weight Capacity |5/8"" to 3/8"" Screw Adapter",SELLABLE,2,0,0,0,0,0,0,0,0,0,0,0,2,0,DEL5
05/17/2026,X001U5HJM9,B0CF5R3V95,FBA78973,"Audio Array AA-19 2in1 High & Low Profile Mic Stand | 71cm reach | Premium Metal design with Built In Cable Management | Flexible Position adjustments | 2Kg Weight Capacity |5/8"" to 3/8"" Screw Adapter",SELLABLE,1,0,0,0,0,0,0,0,0,0,0,0,1,0,HYD3
05/17/2026,X001U5HJM9,B0CF5R3V95,FBA78973,"Audio Array AA-19 2in1 High & Low Profile Mic Stand | 71cm reach | Premium Metal design with Built In Cable Management | Flexible Position adjustments | 2Kg Weight Capacity |5/8"" to 3/8"" Screw Adapter",SELLABLE,1,0,0,0,0,0,0,0,0,0,0,0,1,0,HYD8
05/17/2026,X001U5HJM9,B0CF5R3V95,FBA78973,"Audio Array AA-19 2in1 High & Low Profile Mic Stand | 71cm reach | Premium Metal design with Built In Cable Management | Flexible Position adjustments | 2Kg Weight Capacity |5/8"" to 3/8"" Screw Adapter",SELLABLE,1,0,0,0,0,0,0,0,0,0,0,0,1,0,MAA4
05/17/2026,X001U5MO7J,B0CF5RRTDJ,FBA78974,"Audio Array AA-20 Microphone Arm Stand | 81cm Reach | Premium light weight & slick design | Flexible height & position adjustments | 1kg Weight Capacity | 5/8"" to 3/8"" Screw Adapter | Cable Ties",SELLABLE,1,0,0,0,0,0,0,0,0,0,0,0,1,0,AMD2
05/17/2026,X001U5MO7J,B0CF5RRTDJ,FBA78974,"Audio Array AA-20 Microphone Arm Stand | 81cm Reach | Premium light weight & slick design | Flexible height & position adjustments | 1kg Weight Capacity | 5/8"" to 3/8"" Screw Adapter | Cable Ties",SELLABLE,13,0,0,0,0,0,0,0,0,0,0,0,13,0,BLR7
05/17/2026,X001U5MO7J,B0CF5RRTDJ,FBA78974,"Audio Array AA-20 Microphone Arm Stand | 81cm Reach | Premium light weight & slick design | Flexible height & position adjustments | 1kg Weight Capacity | 5/8"" to 3/8"" Screw Adapter | Cable Ties",SELLABLE,1,0,0,0,0,0,0,0,0,0,0,0,1,0,BLR8
05/17/2026,X001U5MO7J,B0CF5RRTDJ,FBA78974,"Audio Array AA-20 Microphone Arm Stand | 81cm Reach | Premium light weight & slick design | Flexible height & position adjustments | 1kg Weight Capacity | 5/8"" to 3/8"" Screw Adapter | Cable Ties",SELLABLE,1,0,0,0,0,0,0,0,0,0,0,0,1,0,BOM7
05/17/2026,X001U5MO7J,B0CF5RRTDJ,FBA78974,"Audio Array AA-20 Microphone Arm Stand | 81cm Reach | Premium light weight & slick design | Flexible height & position adjustments | 1kg Weight Capacity | 5/8"" to 3/8"" Screw Adapter | Cable Ties",SELLABLE,1,0,0,0,0,0,0,0,0,0,0,0,1,0,DEL4
05/17/2026,X001U5MO7J,B0CF5RRTDJ,FBA78974,"Audio Array AA-20 Microphone Arm Stand | 81cm Reach | Premium light weight & slick design | Flexible height & position adjustments | 1kg Weight Capacity | 5/8"" to 3/8"" Screw Adapter | Cable Ties",SELLABLE,1,0,0,0,0,0,0,0,0,0,0,0,1,0,DEL5
05/17/2026,X001U5MO7J,B0CF5RRTDJ,FBA78974,"Audio Array AA-20 Microphone Arm Stand | 81cm Reach | Premium light weight & slick design | Flexible height & position adjustments | 1kg Weight Capacity | 5/8"" to 3/8"" Screw Adapter | Cable Ties",SELLABLE,2,0,0,0,0,0,0,0,0,0,0,0,2,0,HYD3
05/17/2026,X001U5MO7J,B0CF5RRTDJ,FBA78974,"Audio Array AA-20 Microphone Arm Stand | 81cm Reach | Premium light weight & slick design | Flexible height & position adjustments | 1kg Weight Capacity | 5/8"" to 3/8"" Screw Adapter | Cable Ties",SELLABLE,3,0,0,0,0,0,0,0,0,0,0,0,3,0,LKO1
05/17/2026,X001U5MO7J,B0CF5RRTDJ,FBA78974,"Audio Array AA-20 Microphone Arm Stand | 81cm Reach | Premium light weight & slick design | Flexible height & position adjustments | 1kg Weight Capacity | 5/8"" to 3/8"" Screw Adapter | Cable Ties",SELLABLE,1,0,0,0,0,0,0,0,0,0,0,0,1,0,PNQ3
05/17/2026,X001U5NKVD,B0CF5SHL15,FBA78976,"Audio Array AA-22 Desktop Mount Speaker Stands | 15KG Capacity | Height, Tilt & Rotation Adjustable | Smart Cable Management | for Sound Editing, Gaming, Music Production | Red (Set of 2)",SELLABLE,2,0,0,0,0,0,0,0,0,0,0,0,2,0,AMD2
05/17/2026,X001U5NKVD,B0CF5SHL15,FBA78976,"Audio Array AA-22 Desktop Mount Speaker Stands | 15KG Capacity | Height, Tilt & Rotation Adjustable | Smart Cable Management | for Sound Editing, Gaming, Music Production | Red (Set of 2)",SELLABLE,2,0,0,0,0,0,0,0,0,0,0,0,2,0,BLR7
05/17/2026,X001U5NKVD,B0CF5SHL15,FBA78976,"Audio Array AA-22 Desktop Mount Speaker Stands | 15KG Capacity | Height, Tilt & Rotation Adjustable | Smart Cable Management | for Sound Editing, Gaming, Music Production | Red (Set of 2)",SELLABLE,3,0,0,0,0,0,0,0,0,0,0,0,3,0,BLR8
05/17/2026,X001U5NKVD,B0CF5SHL15,FBA78976,"Audio Array AA-22 Desktop Mount Speaker Stands | 15KG Capacity | Height, Tilt & Rotation Adjustable | Smart Cable Management | for Sound Editing, Gaming, Music Production | Red (Set of 2)",SELLABLE,6,0,0,0,0,0,0,0,0,0,0,0,6,0,BOM5
05/17/2026,X001U5NKVD,B0CF5SHL15,FBA78976,"Audio Array AA-22 Desktop Mount Speaker Stands | 15KG Capacity | Height, Tilt & Rotation Adjustable | Smart Cable Management | for Sound Editing, Gaming, Music Production | Red (Set of 2)",SELLABLE,1,0,0,0,0,0,0,0,0,0,0,0,1,0,CCX1
05/17/2026,X001U5NKVD,B0CF5SHL15,FBA78976,"Audio Array AA-22 Desktop Mount Speaker Stands | 15KG Capacity | Height, Tilt & Rotation Adjustable | Smart Cable Management | for Sound Editing, Gaming, Music Production | Red (Set of 2)",SELLABLE,1,0,0,0,0,0,0,0,0,0,0,0,1,0,CJB1
05/17/2026,X001U5NKVD,B0CF5SHL15,FBA78976,"Audio Array AA-22 Desktop Mount Speaker Stands | 15KG Capacity | Height, Tilt & Rotation Adjustable | Smart Cable Management | for Sound Editing, Gaming, Music Production | Red (Set of 2)",SELLABLE,3,0,0,0,0,0,0,0,0,0,0,0,3,0,DEL4
05/17/2026,X001U5NKVD,B0CF5SHL15,FBA78976,"Audio Array AA-22 Desktop Mount Speaker Stands | 15KG Capacity | Height, Tilt & Rotation Adjustable | Smart Cable Management | for Sound Editing, Gaming, Music Production | Red (Set of 2)",SELLABLE,3,0,0,0,0,0,0,0,0,0,0,0,3,0,HYD3
05/17/2026,X001U5NKVD,B0CF5SHL15,FBA78976,"Audio Array AA-22 Desktop Mount Speaker Stands | 15KG Capacity | Height, Tilt & Rotation Adjustable | Smart Cable Management | for Sound Editing, Gaming, Music Production | Red (Set of 2)",SELLABLE,3,0,0,0,0,0,0,0,0,0,0,0,3,0,LKO1
05/17/2026,X001U5OWKB,B0CF5TCQKL,FBA78975,"Audio Array AA-21 Desktop Mount Speaker Stands | 15KG Capacity | Height, Tilt & Rotation Adjustable | Smart Cable Management | for Sound Editing, Gaming, Music Production | Black (Set of 2)",SELLABLE,1,0,0,0,0,0,0,0,0,0,0,0,1,0,AMD2
05/17/2026,X001U5OWKB,B0CF5TCQKL,FBA78975,"Audio Array AA-21 Desktop Mount Speaker Stands | 15KG Capacity | Height, Tilt & Rotation Adjustable | Smart Cable Management | for Sound Editing, Gaming, Music Production | Black (Set of 2)",SELLABLE,2,0,0,0,0,0,0,0,0,0,0,0,2,0,BLR7
05/17/2026,X001U5OWKB,B0CF5TCQKL,FBA78975,"Audio Array AA-21 Desktop Mount Speaker Stands | 15KG Capacity | Height, Tilt & Rotation Adjustable | Smart Cable Management | for Sound Editing, Gaming, Music Production | Black (Set of 2)",SELLABLE,2,0,0,0,0,0,0,0,0,0,0,0,2,0,BLR8
05/17/2026,X001U5OWKB,B0CF5TCQKL,FBA78975,"Audio Array AA-21 Desktop Mount Speaker Stands | 15KG Capacity | Height, Tilt & Rotation Adjustable | Smart Cable Management | for Sound Editing, Gaming, Music Production | Black (Set of 2)",SELLABLE,1,0,0,0,0,0,0,0,0,0,0,0,1,0,BOM5
05/17/2026,X001U5OWKB,B0CF5TCQKL,FBA78975,"Audio Array AA-21 Desktop Mount Speaker Stands | 15KG Capacity | Height, Tilt & Rotation Adjustable | Smart Cable Management | for Sound Editing, Gaming, Music Production | Black (Set of 2)",SELLABLE,3,0,0,0,0,0,0,0,0,0,0,0,3,0,BOM7
05/17/2026,X001U5OWKB,B0CF5TCQKL,FBA78975,"Audio Array AA-21 Desktop Mount Speaker Stands | 15KG Capacity | Height, Tilt & Rotation Adjustable | Smart Cable Management | for Sound Editing, Gaming, Music Production | Black (Set of 2)",SELLABLE,1,0,0,0,0,0,0,0,0,0,0,0,1,0,CCX1
05/17/2026,X001U5OWKB,B0CF5TCQKL,FBA78975,"Audio Array AA-21 Desktop Mount Speaker Stands | 15KG Capacity | Height, Tilt & Rotation Adjustable | Smart Cable Management | for Sound Editing, Gaming, Music Production | Black (Set of 2)",SELLABLE,1,0,0,0,0,0,0,0,0,0,0,0,1,0,CJB1
05/17/2026,X001U5OWKB,B0CF5TCQKL,FBA78975,"Audio Array AA-21 Desktop Mount Speaker Stands | 15KG Capacity | Height, Tilt & Rotation Adjustable | Smart Cable Management | for Sound Editing, Gaming, Music Production | Black (Set of 2)",SELLABLE,4,0,0,0,0,0,0,0,0,0,0,0,4,0,DEL5
05/17/2026,X001U5OWKB,B0CF5TCQKL,FBA78975,"Audio Array AA-21 Desktop Mount Speaker Stands | 15KG Capacity | Height, Tilt & Rotation Adjustable | Smart Cable Management | for Sound Editing, Gaming, Music Production | Black (Set of 2)",SELLABLE,2,0,0,0,0,0,0,0,0,0,0,0,2,0,HYD3
05/17/2026,X001U5OWKB,B0CF5TCQKL,FBA78975,"Audio Array AA-21 Desktop Mount Speaker Stands | 15KG Capacity | Height, Tilt & Rotation Adjustable | Smart Cable Management | for Sound Editing, Gaming, Music Production | Black (Set of 2)",SELLABLE,2,0,0,0,0,0,0,0,0,0,0,0,2,0,LKO1
05/17/2026,X001U5OWKB,B0CF5TCQKL,FBA78975,"Audio Array AA-21 Desktop Mount Speaker Stands | 15KG Capacity | Height, Tilt & Rotation Adjustable | Smart Cable Management | for Sound Editing, Gaming, Music Production | Black (Set of 2)",SELLABLE,1,0,0,0,0,0,0,0,0,0,0,0,1,0,PNQ3
05/17/2026,X001VJP5O3,B0CJR76Y7G,FBA79064,"Audio Array AA-25 Handheld Microphone Interview Adapter for Wireless Lapel Microphones | Supports, Rode Go, DJI, Hollyland mics etc | Foam Cover with Built-in Cold Shoe Mount",SELLABLE,9,0,0,0,0,0,0,0,0,0,0,0,9,0,DEL4
05/17/2026,X001VS0O1X,B0CKHVHVQ1,FBA79005,"Audio Array AM-W45 Wireless Conference Microphone with Speaker | Bluetooth, USB & 4 Mics | 360° Pickup Upto 4M | Noise Reduction & Enhanced Voice | Portable Speakerphone for Video Calls/Zoom Meeting",SELLABLE,8,0,0,0,0,0,0,0,0,0,0,0,8,0,BLR8
05/17/2026,X001VS0O1X,B0CKHVHVQ1,FBA79005,"Audio Array AM-W45 Wireless Conference Microphone with Speaker | Bluetooth, USB & 4 Mics | 360° Pickup Upto 4M | Noise Reduction & Enhanced Voice | Portable Speakerphone for Video Calls/Zoom Meeting",SELLABLE,3,0,0,0,0,0,0,0,0,0,0,0,3,0,BOM5
05/17/2026,X001VS0O1X,B0CKHVHVQ1,FBA79005,"Audio Array AM-W45 Wireless Conference Microphone with Speaker | Bluetooth, USB & 4 Mics | 360° Pickup Upto 4M | Noise Reduction & Enhanced Voice | Portable Speakerphone for Video Calls/Zoom Meeting",SELLABLE,4,0,0,0,0,0,0,0,0,0,0,0,4,0,BOM7
05/17/2026,X001VS0O1X,B0CKHVHVQ1,FBA79005,"Audio Array AM-W45 Wireless Conference Microphone with Speaker | Bluetooth, USB & 4 Mics | 360° Pickup Upto 4M | Noise Reduction & Enhanced Voice | Portable Speakerphone for Video Calls/Zoom Meeting",SELLABLE,16,0,0,0,0,0,0,0,0,0,0,0,16,0,CCX1
05/17/2026,X001VS0O1X,B0CKHVHVQ1,FBA79005,"Audio Array AM-W45 Wireless Conference Microphone with Speaker | Bluetooth, USB & 4 Mics | 360° Pickup Upto 4M | Noise Reduction & Enhanced Voice | Portable Speakerphone for Video Calls/Zoom Meeting",SELLABLE,3,0,0,0,0,0,0,0,0,0,0,0,3,0,DEL4
05/17/2026,X001VS0O1X,B0CKHVHVQ1,FBA79005,"Audio Array AM-W45 Wireless Conference Microphone with Speaker | Bluetooth, USB & 4 Mics | 360° Pickup Upto 4M | Noise Reduction & Enhanced Voice | Portable Speakerphone for Video Calls/Zoom Meeting",SELLABLE,2,0,0,0,0,0,0,0,0,0,0,0,2,0,DEL5
05/17/2026,X001VS0O1X,B0CKHVHVQ1,FBA79005,"Audio Array AM-W45 Wireless Conference Microphone with Speaker | Bluetooth, USB & 4 Mics | 360° Pickup Upto 4M | Noise Reduction & Enhanced Voice | Portable Speakerphone for Video Calls/Zoom Meeting",SELLABLE,7,0,0,0,0,0,0,0,0,0,0,0,7,0,HYD8
05/17/2026,X001VS0O1X,B0CKHVHVQ1,FBA79005,"Audio Array AM-W45 Wireless Conference Microphone with Speaker | Bluetooth, USB & 4 Mics | 360° Pickup Upto 4M | Noise Reduction & Enhanced Voice | Portable Speakerphone for Video Calls/Zoom Meeting",SELLABLE,3,0,0,0,0,0,0,0,0,0,0,0,3,0,MAA4
05/17/2026,X001VS0O1X,B0CKHVHVQ1,FBA79005,"Audio Array AM-W45 Wireless Conference Microphone with Speaker | Bluetooth, USB & 4 Mics | 360° Pickup Upto 4M | Noise Reduction & Enhanced Voice | Portable Speakerphone for Video Calls/Zoom Meeting",SELLABLE,1,0,0,0,0,0,0,0,0,0,0,0,1,0,PNQ3
05/17/2026,X001VTH195,B0CH4T2BJD,FBA79010,"Audio Array AM-C42 Plug & Play AI Noise Cancelling USB Condenser Microphone | Mute Button/Echo/Volume Knob | Kit with Boom Arm & Pop Filter | Karaoke, Gaming, Streaming, Podcast | Mac/PC/Mobile",SELLABLE,5,0,0,0,0,0,0,0,0,0,0,0,5,0,BLR8
05/17/2026,X001VTH195,B0CH4T2BJD,FBA79010,"Audio Array AM-C42 Plug & Play AI Noise Cancelling USB Condenser Microphone | Mute Button/Echo/Volume Knob | Kit with Boom Arm & Pop Filter | Karaoke, Gaming, Streaming, Podcast | Mac/PC/Mobile",SELLABLE,2,0,0,0,0,0,0,0,0,0,0,0,2,0,BOM5
05/17/2026,X001VTH195,B0CH4T2BJD,FBA79010,"Audio Array AM-C42 Plug & Play AI Noise Cancelling USB Condenser Microphone | Mute Button/Echo/Volume Knob | Kit with Boom Arm & Pop Filter | Karaoke, Gaming, Streaming, Podcast | Mac/PC/Mobile",SELLABLE,2,0,0,0,0,0,0,0,0,0,0,0,2,0,DEL5
05/17/2026,X001VTH195,B0CH4T2BJD,FBA79010,"Audio Array AM-C42 Plug & Play AI Noise Cancelling USB Condenser Microphone | Mute Button/Echo/Volume Knob | Kit with Boom Arm & Pop Filter | Karaoke, Gaming, Streaming, Podcast | Mac/PC/Mobile",SELLABLE,2,0,0,0,0,0,0,0,0,0,0,0,2,0,HYD8
05/17/2026,X001VTH195,B0CH4T2BJD,FBA79010,"Audio Array AM-C42 Plug & Play AI Noise Cancelling USB Condenser Microphone | Mute Button/Echo/Volume Knob | Kit with Boom Arm & Pop Filter | Karaoke, Gaming, Streaming, Podcast | Mac/PC/Mobile",SELLABLE,4,0,0,0,0,0,0,0,0,0,0,0,4,0,MAA4
05/17/2026,X001VTH195,B0CH4T2BJD,FBA79010,"Audio Array AM-C42 Plug & Play AI Noise Cancelling USB Condenser Microphone | Mute Button/Echo/Volume Knob | Kit with Boom Arm & Pop Filter | Karaoke, Gaming, Streaming, Podcast | Mac/PC/Mobile",SELLABLE,1,0,0,0,0,0,0,0,0,0,0,0,1,0,PNQ3
05/17/2026,X001W38WK7,B0CH4R1V6S,FBA79016,"Audio Array AM-C3a Unidirectional Dynamic Handheld Karaoke Microphone | 20Hz - 20kHz Response | Karaoke Singing, Public Meetings, Studio Recording, Live Sound, Party (no Cable Included)",CUSTOMER_DAMAGED,1,0,0,0,0,0,0,0,0,0,0,0,1,0,HYD8
05/17/2026,X001W38WK7,B0CH4R1V6S,FBA79016,"Audio Array AM-C3a Unidirectional Dynamic Handheld Karaoke Microphone | 20Hz - 20kHz Response | Karaoke Singing, Public Meetings, Studio Recording, Live Sound, Party (no Cable Included)",SELLABLE,2,0,0,0,0,0,0,0,0,0,0,0,2,0,BLR7
05/17/2026,X001W38WK7,B0CH4R1V6S,FBA79016,"Audio Array AM-C3a Unidirectional Dynamic Handheld Karaoke Microphone | 20Hz - 20kHz Response | Karaoke Singing, Public Meetings, Studio Recording, Live Sound, Party (no Cable Included)",SELLABLE,5,0,0,0,0,0,0,0,0,0,0,0,5,0,HYD3
05/17/2026,X001W38WK7,B0CH4R1V6S,FBA79016,"Audio Array AM-C3a Unidirectional Dynamic Handheld Karaoke Microphone | 20Hz - 20kHz Response | Karaoke Singing, Public Meetings, Studio Recording, Live Sound, Party (no Cable Included)",SELLABLE,4,0,0,0,0,0,0,0,0,0,0,0,4,0,HYD8
05/17/2026,X001W3B0XX,B0CH4VCD6R,FBA77171,"Audio Array AC-6XL Mic Cable 6.35mm Jack Male to XLR 3PIN Female Cord Wire | Microphone/Guitar Cable | Black, 1pc Pack (6 Meter/19.6 Feet)",SELLABLE,7,0,0,0,0,0,0,0,0,0,0,0,7,0,BLR8
05/17/2026,X001W3B0XX,B0CH4VCD6R,FBA77171,"Audio Array AC-6XL Mic Cable 6.35mm Jack Male to XLR 3PIN Female Cord Wire | Microphone/Guitar Cable | Black, 1pc Pack (6 Meter/19.6 Feet)",SELLABLE,4,0,0,0,0,0,0,0,0,0,0,0,4,0,BOM5
05/17/2026,X001W3B0XX,B0CH4VCD6R,FBA77171,"Audio Array AC-6XL Mic Cable 6.35mm Jack Male to XLR 3PIN Female Cord Wire | Microphone/Guitar Cable | Black, 1pc Pack (6 Meter/19.6 Feet)",SELLABLE,3,0,0,0,0,0,0,0,0,0,0,0,3,0,BOM7
05/17/2026,X001W3B0XX,B0CH4VCD6R,FBA77171,"Audio Array AC-6XL Mic Cable 6.35mm Jack Male to XLR 3PIN Female Cord Wire | Microphone/Guitar Cable | Black, 1pc Pack (6 Meter/19.6 Feet)",SELLABLE,1,0,0,0,0,0,0,0,0,0,0,0,1,0,CCX1
05/17/2026,X001W3B0XX,B0CH4VCD6R,FBA77171,"Audio Array AC-6XL Mic Cable 6.35mm Jack Male to XLR 3PIN Female Cord Wire | Microphone/Guitar Cable | Black, 1pc Pack (6 Meter/19.6 Feet)",SELLABLE,13,0,0,0,0,0,0,0,0,0,0,0,13,0,DEL4
05/17/2026,X001W3B0XX,B0CH4VCD6R,FBA77171,"Audio Array AC-6XL Mic Cable 6.35mm Jack Male to XLR 3PIN Female Cord Wire | Microphone/Guitar Cable | Black, 1pc Pack (6 Meter/19.6 Feet)",SELLABLE,1,0,0,0,0,0,0,0,0,0,0,0,1,0,DEL5
05/17/2026,X001W3B0XX,B0CH4VCD6R,FBA77171,"Audio Array AC-6XL Mic Cable 6.35mm Jack Male to XLR 3PIN Female Cord Wire | Microphone/Guitar Cable | Black, 1pc Pack (6 Meter/19.6 Feet)",SELLABLE,2,0,0,0,0,0,0,0,0,0,0,0,2,0,MAA4
05/17/2026,X001W3B0XX,B0CH4VCD6R,FBA77171,"Audio Array AC-6XL Mic Cable 6.35mm Jack Male to XLR 3PIN Female Cord Wire | Microphone/Guitar Cable | Black, 1pc Pack (6 Meter/19.6 Feet)",SELLABLE,2,0,0,0,0,0,0,0,0,0,0,0,2,0,PNQ3
05/17/2026,X001W3B0Y7,B0CH4RT4P8,FBA79008,"Audio Array AI-06 Streaming Audio Mixer Sound Card | XLR, 1/4"" & line in | PC/Phone RGB Mixer with Volume Fader, Individual Control, Mute and Monitoring, 48V Phantom Power | Stream, Podcast & Karaoke",SELLABLE,3,0,0,0,0,0,0,0,0,0,0,0,3,0,BLR8
05/17/2026,X001W3B0Y7,B0CH4RT4P8,FBA79008,"Audio Array AI-06 Streaming Audio Mixer Sound Card | XLR, 1/4"" & line in | PC/Phone RGB Mixer with Volume Fader, Individual Control, Mute and Monitoring, 48V Phantom Power | Stream, Podcast & Karaoke",SELLABLE,2,0,0,0,0,0,0,0,0,0,0,0,2,0,BOM5
05/17/2026,X001W3B0Y7,B0CH4RT4P8,FBA79008,"Audio Array AI-06 Streaming Audio Mixer Sound Card | XLR, 1/4"" & line in | PC/Phone RGB Mixer with Volume Fader, Individual Control, Mute and Monitoring, 48V Phantom Power | Stream, Podcast & Karaoke",SELLABLE,3,0,0,0,0,0,0,0,0,0,0,0,3,0,BOM7
05/17/2026,X001W3B0Y7,B0CH4RT4P8,FBA79008,"Audio Array AI-06 Streaming Audio Mixer Sound Card | XLR, 1/4"" & line in | PC/Phone RGB Mixer with Volume Fader, Individual Control, Mute and Monitoring, 48V Phantom Power | Stream, Podcast & Karaoke",SELLABLE,2,0,0,0,0,0,0,0,0,0,0,0,2,0,CCX1
05/17/2026,X001W3B0Y7,B0CH4RT4P8,FBA79008,"Audio Array AI-06 Streaming Audio Mixer Sound Card | XLR, 1/4"" & line in | PC/Phone RGB Mixer with Volume Fader, Individual Control, Mute and Monitoring, 48V Phantom Power | Stream, Podcast & Karaoke",SELLABLE,1,0,0,0,0,0,0,0,0,0,0,0,1,0,DEL4
05/17/2026,X001W3B0Y7,B0CH4RT4P8,FBA79008,"Audio Array AI-06 Streaming Audio Mixer Sound Card | XLR, 1/4"" & line in | PC/Phone RGB Mixer with Volume Fader, Individual Control, Mute and Monitoring, 48V Phantom Power | Stream, Podcast & Karaoke",SELLABLE,5,0,0,0,0,0,0,0,0,0,0,0,5,0,DEL5
05/17/2026,X001W3B0Y7,B0CH4RT4P8,FBA79008,"Audio Array AI-06 Streaming Audio Mixer Sound Card | XLR, 1/4"" & line in | PC/Phone RGB Mixer with Volume Fader, Individual Control, Mute and Monitoring, 48V Phantom Power | Stream, Podcast & Karaoke",SELLABLE,2,0,0,0,0,0,0,0,0,0,0,0,2,0,MAA4
05/17/2026,X001W3B0Y7,B0CH4RT4P8,FBA79008,"Audio Array AI-06 Streaming Audio Mixer Sound Card | XLR, 1/4"" & line in | PC/Phone RGB Mixer with Volume Fader, Individual Control, Mute and Monitoring, 48V Phantom Power | Stream, Podcast & Karaoke",SELLABLE,1,0,0,0,0,0,0,0,0,0,0,0,1,0,PNQ3
05/17/2026,X001WCM3KN,B0CM6NVLT9,FBA79104,"Audio Array AI-11 USB Bluetooth Soundcard, 1Ch Mixer, Audio Interface | 2 Condenser In, 2 Out |2 Live Out+1 Accompany In | OTG for mobile and PC/MAC | Effects | Streaming, Podcasting, Gaming, Singing",SELLABLE,5,0,0,0,0,0,0,0,0,0,0,0,5,0,BOM5
05/17/2026,X001WCVVQP,B0CM6NTWBP,FBA79103,"Audio Array AI-10 Professional Live Soundcard|1Ch Mixer |Bluetooth | 3 Condenser Mic Inputs, 2 mobilephones & PC/Mac Outputs | +48V phantom power, 4 Voice Modes, Denoise, built-in FX | Gaming, Karaoke",SELLABLE,12,0,0,0,0,-4,0,0,0,0,0,0,8,0,BLR8
05/17/2026,X001WCVVQP,B0CM6NTWBP,FBA79103,"Audio Array AI-10 Professional Live Soundcard|1Ch Mixer |Bluetooth | 3 Condenser Mic Inputs, 2 mobilephones & PC/Mac Outputs | +48V phantom power, 4 Voice Modes, Denoise, built-in FX | Gaming, Karaoke",SELLABLE,34,0,0,0,0,0,0,0,0,0,0,0,34,0,BOM5
05/17/2026,X001WCVVQP,B0CM6NTWBP,FBA79103,"Audio Array AI-10 Professional Live Soundcard|1Ch Mixer |Bluetooth | 3 Condenser Mic Inputs, 2 mobilephones & PC/Mac Outputs | +48V phantom power, 4 Voice Modes, Denoise, built-in FX | Gaming, Karaoke",SELLABLE,1,0,0,0,0,0,0,0,0,0,0,0,1,0,BOM7
05/17/2026,X001WCVVQP,B0CM6NTWBP,FBA79103,"Audio Array AI-10 Professional Live Soundcard|1Ch Mixer |Bluetooth | 3 Condenser Mic Inputs, 2 mobilephones & PC/Mac Outputs | +48V phantom power, 4 Voice Modes, Denoise, built-in FX | Gaming, Karaoke",SELLABLE,2,0,0,0,0,0,0,0,0,0,0,0,2,0,HYD8
05/17/2026,X001WCVVQP,B0CM6NTWBP,FBA79103,"Audio Array AI-10 Professional Live Soundcard|1Ch Mixer |Bluetooth | 3 Condenser Mic Inputs, 2 mobilephones & PC/Mac Outputs | +48V phantom power, 4 Voice Modes, Denoise, built-in FX | Gaming, Karaoke",WAREHOUSE_DAMAGED,1,0,0,0,0,0,0,0,0,0,0,0,1,0,BLR8
05/17/2026,X001WD2Z5F,B0CM6WH4ZT,FBA79105,"Audio Array AI-12 USB Bluetooth Soundcard | 1Ch Mixer interface | 2 mic inputs, 2 smartphone & PC/Mac outputs | Karaoke Recording, Mobile/PC Streaming, Live Broadcasting | Singing, Recording,Gaming",SELLABLE,15,0,0,0,0,0,0,0,0,0,0,0,15,0,BLR8
05/17/2026,X001WD2Z5F,B0CM6WH4ZT,FBA79105,"Audio Array AI-12 USB Bluetooth Soundcard | 1Ch Mixer interface | 2 mic inputs, 2 smartphone & PC/Mac outputs | Karaoke Recording, Mobile/PC Streaming, Live Broadcasting | Singing, Recording,Gaming",SELLABLE,8,0,0,0,0,0,0,0,0,0,0,0,8,0,BOM5
05/17/2026,X001WD2Z5F,B0CM6WH4ZT,FBA79105,"Audio Array AI-12 USB Bluetooth Soundcard | 1Ch Mixer interface | 2 mic inputs, 2 smartphone & PC/Mac outputs | Karaoke Recording, Mobile/PC Streaming, Live Broadcasting | Singing, Recording,Gaming",SELLABLE,1,0,0,0,0,0,0,0,0,0,0,0,1,0,BOM7
05/17/2026,X001WD2Z5F,B0CM6WH4ZT,FBA79105,"Audio Array AI-12 USB Bluetooth Soundcard | 1Ch Mixer interface | 2 mic inputs, 2 smartphone & PC/Mac outputs | Karaoke Recording, Mobile/PC Streaming, Live Broadcasting | Singing, Recording,Gaming",SELLABLE,6,0,0,0,0,0,0,0,0,0,0,0,6,0,CCX1
05/17/2026,X001WD2Z5F,B0CM6WH4ZT,FBA79105,"Audio Array AI-12 USB Bluetooth Soundcard | 1Ch Mixer interface | 2 mic inputs, 2 smartphone & PC/Mac outputs | Karaoke Recording, Mobile/PC Streaming, Live Broadcasting | Singing, Recording,Gaming",SELLABLE,1,0,0,0,0,0,0,0,0,0,0,0,1,0,CJB1
05/17/2026,X001WD2Z5F,B0CM6WH4ZT,FBA79105,"Audio Array AI-12 USB Bluetooth Soundcard | 1Ch Mixer interface | 2 mic inputs, 2 smartphone & PC/Mac outputs | Karaoke Recording, Mobile/PC Streaming, Live Broadcasting | Singing, Recording,Gaming",SELLABLE,3,0,0,0,0,0,0,0,0,0,0,0,3,0,DEL4
05/17/2026,X001WD2Z5F,B0CM6WH4ZT,FBA79105,"Audio Array AI-12 USB Bluetooth Soundcard | 1Ch Mixer interface | 2 mic inputs, 2 smartphone & PC/Mac outputs | Karaoke Recording, Mobile/PC Streaming, Live Broadcasting | Singing, Recording,Gaming",SELLABLE,3,0,0,0,0,0,0,0,0,0,0,0,3,0,DEL5
05/17/2026,X001WD2Z5F,B0CM6WH4ZT,FBA79105,"Audio Array AI-12 USB Bluetooth Soundcard | 1Ch Mixer interface | 2 mic inputs, 2 smartphone & PC/Mac outputs | Karaoke Recording, Mobile/PC Streaming, Live Broadcasting | Singing, Recording,Gaming",SELLABLE,3,0,0,0,0,0,0,0,0,0,0,0,3,0,HYD3
05/17/2026,X001WD2Z5F,B0CM6WH4ZT,FBA79105,"Audio Array AI-12 USB Bluetooth Soundcard | 1Ch Mixer interface | 2 mic inputs, 2 smartphone & PC/Mac outputs | Karaoke Recording, Mobile/PC Streaming, Live Broadcasting | Singing, Recording,Gaming",SELLABLE,2,0,0,0,0,0,0,0,0,0,0,0,2,0,MAA4
05/17/2026,X001WD2Z5F,B0CM6WH4ZT,FBA79105,"Audio Array AI-12 USB Bluetooth Soundcard | 1Ch Mixer interface | 2 mic inputs, 2 smartphone & PC/Mac outputs | Karaoke Recording, Mobile/PC Streaming, Live Broadcasting | Singing, Recording,Gaming",SELLABLE,2,0,0,0,0,0,0,0,0,0,0,0,2,0,PNQ3
05/17/2026,X001WDE1RP,B0CM9P5CCK,FBA79107,"Audio Array AM-W17 Dual Wireless Lapel Mic|in-Built ANC, Plug N Play,Long Battery Life, Ultra-Low Latency,Upto 30M Range|Compatible with iPhone & Android|Vlogging, Streaming, Teaching,YouTube, Black",SELLABLE,1,0,0,0,0,0,0,0,0,0,0,0,1,0,BOM7
05/17/2026,X001WDE1RP,B0CM9P5CCK,FBA79107,"Audio Array AM-W17 Dual Wireless Lapel Mic|in-Built ANC, Plug N Play,Long Battery Life, Ultra-Low Latency,Upto 30M Range|Compatible with iPhone & Android|Vlogging, Streaming, Teaching,YouTube, Black",SELLABLE,10,1,0,0,0,0,0,0,0,0,0,0,10,0,CJB1
05/17/2026,X001WDE1RP,B0CM9P5CCK,FBA79107,"Audio Array AM-W17 Dual Wireless Lapel Mic|in-Built ANC, Plug N Play,Long Battery Life, Ultra-Low Latency,Upto 30M Range|Compatible with iPhone & Android|Vlogging, Streaming, Teaching,YouTube, Black",SELLABLE,1,0,0,0,0,0,0,0,0,0,0,0,1,0,HYD8
05/17/2026,X001WDE1RP,B0CM9P5CCK,FBA79107,"Audio Array AM-W17 Dual Wireless Lapel Mic|in-Built ANC, Plug N Play,Long Battery Life, Ultra-Low Latency,Upto 30M Range|Compatible with iPhone & Android|Vlogging, Streaming, Teaching,YouTube, Black",SELLABLE,2,0,0,0,0,0,0,0,0,0,0,0,2,0,MAA4
05/17/2026,X001WDN2PH,B0CM9KJZWQ,FBA79106,"Audio Array AM-C44 XLR/USB Professional Dynamic Podcast Microphone | Built-in Monitoring | One Touch Mute & Volume Control | 192kHz/24bit Full Metal Build | 2M XLR & USB Cable | Streaming, Podcasting",SELLABLE,16,0,0,0,0,0,0,0,0,0,0,0,16,0,BOM7
05/17/2026,X001WDN2PH,B0CM9KJZWQ,FBA79106,"Audio Array AM-C44 XLR/USB Professional Dynamic Podcast Microphone | Built-in Monitoring | One Touch Mute & Volume Control | 192kHz/24bit Full Metal Build | 2M XLR & USB Cable | Streaming, Podcasting",SELLABLE,3,0,0,0,0,0,0,0,0,0,0,0,3,0,CJB1
05/17/2026,X001WDN2PH,B0CM9KJZWQ,FBA79106,"Audio Array AM-C44 XLR/USB Professional Dynamic Podcast Microphone | Built-in Monitoring | One Touch Mute & Volume Control | 192kHz/24bit Full Metal Build | 2M XLR & USB Cable | Streaming, Podcasting",SELLABLE,7,0,0,0,0,0,0,0,0,0,0,0,7,0,DEL5
05/17/2026,X001WDN2PH,B0CM9KJZWQ,FBA79106,"Audio Array AM-C44 XLR/USB Professional Dynamic Podcast Microphone | Built-in Monitoring | One Touch Mute & Volume Control | 192kHz/24bit Full Metal Build | 2M XLR & USB Cable | Streaming, Podcasting",SELLABLE,1,0,0,0,0,0,0,0,0,0,0,0,1,0,HYD8
05/17/2026,X001WDNVM1,B0CM9HYVDM,FBA79109,"Audio Array AM-W18 Wireless Karaoke Speaker with Microphone | Portable Bluetooth Speaker for Singing & Gifting with Voice Changer | Upto 8+ Hours of Playback | Bluetooth v5.3, SD Card & AUX in (Pink)",SELLABLE,3,0,0,0,0,0,0,0,0,0,0,0,3,0,AMD2
05/17/2026,X001WDNVM1,B0CM9HYVDM,FBA79109,"Audio Array AM-W18 Wireless Karaoke Speaker with Microphone | Portable Bluetooth Speaker for Singing & Gifting with Voice Changer | Upto 8+ Hours of Playback | Bluetooth v5.3, SD Card & AUX in (Pink)",SELLABLE,5,0,0,0,0,0,0,0,0,0,0,0,5,0,BLR8
05/17/2026,X001WDNVM1,B0CM9HYVDM,FBA79109,"Audio Array AM-W18 Wireless Karaoke Speaker with Microphone | Portable Bluetooth Speaker for Singing & Gifting with Voice Changer | Upto 8+ Hours of Playback | Bluetooth v5.3, SD Card & AUX in (Pink)",SELLABLE,5,0,0,0,0,0,0,0,0,0,0,0,5,0,BOM5
05/17/2026,X001WDNVM1,B0CM9HYVDM,FBA79109,"Audio Array AM-W18 Wireless Karaoke Speaker with Microphone | Portable Bluetooth Speaker for Singing & Gifting with Voice Changer | Upto 8+ Hours of Playback | Bluetooth v5.3, SD Card & AUX in (Pink)",SELLABLE,1,0,0,0,0,0,0,0,0,0,0,0,1,0,BOM7
05/17/2026,X001WDNVM1,B0CM9HYVDM,FBA79109,"Audio Array AM-W18 Wireless Karaoke Speaker with Microphone | Portable Bluetooth Speaker for Singing & Gifting with Voice Changer | Upto 8+ Hours of Playback | Bluetooth v5.3, SD Card & AUX in (Pink)",SELLABLE,1,0,0,0,0,0,0,0,0,0,0,0,1,0,CCX1
05/17/2026,X001WDNVM1,B0CM9HYVDM,FBA79109,"Audio Array AM-W18 Wireless Karaoke Speaker with Microphone | Portable Bluetooth Speaker for Singing & Gifting with Voice Changer | Upto 8+ Hours of Playback | Bluetooth v5.3, SD Card & AUX in (Pink)",SELLABLE,6,0,0,0,0,0,0,0,0,0,0,0,6,0,DEL4
05/17/2026,X001WDNVM1,B0CM9HYVDM,FBA79109,"Audio Array AM-W18 Wireless Karaoke Speaker with Microphone | Portable Bluetooth Speaker for Singing & Gifting with Voice Changer | Upto 8+ Hours of Playback | Bluetooth v5.3, SD Card & AUX in (Pink)",SELLABLE,1,0,0,0,0,0,0,0,0,0,0,0,1,0,DEL5
05/17/2026,X001WDNVM1,B0CM9HYVDM,FBA79109,"Audio Array AM-W18 Wireless Karaoke Speaker with Microphone | Portable Bluetooth Speaker for Singing & Gifting with Voice Changer | Upto 8+ Hours of Playback | Bluetooth v5.3, SD Card & AUX in (Pink)",SELLABLE,1,0,0,0,0,0,0,0,0,0,0,0,1,0,MAA4
05/17/2026,X001WDNVM1,B0CM9HYVDM,FBA79109,"Audio Array AM-W18 Wireless Karaoke Speaker with Microphone | Portable Bluetooth Speaker for Singing & Gifting with Voice Changer | Upto 8+ Hours of Playback | Bluetooth v5.3, SD Card & AUX in (Pink)",SELLABLE,1,0,0,0,0,0,0,0,0,0,0,0,1,0,PNQ3
05/17/2026,X001WDR6UT,B0CM9L1QZG,FBA79108,"Audio Array AM-W16 Solo Wireless Lapel Over Ear Mic|in-Built ANC,Plug N Play,LongBattery Life,Ultra-Low Latency,Upto 30M Range|Compatible with iPhone&Android|Vlogging,Streaming,Teaching,YouTube,Black",SELLABLE,6,0,0,0,0,0,0,0,0,0,0,0,6,0,AMD2
05/17/2026,X001WDR6UT,B0CM9L1QZG,FBA79108,"Audio Array AM-W16 Solo Wireless Lapel Over Ear Mic|in-Built ANC,Plug N Play,LongBattery Life,Ultra-Low Latency,Upto 30M Range|Compatible with iPhone&Android|Vlogging,Streaming,Teaching,YouTube,Black",SELLABLE,2,0,0,0,0,0,0,0,0,0,0,0,2,0,BLR8
05/17/2026,X001WDR6UT,B0CM9L1QZG,FBA79108,"Audio Array AM-W16 Solo Wireless Lapel Over Ear Mic|in-Built ANC,Plug N Play,LongBattery Life,Ultra-Low Latency,Upto 30M Range|Compatible with iPhone&Android|Vlogging,Streaming,Teaching,YouTube,Black",SELLABLE,5,0,0,0,0,0,0,0,0,0,0,0,5,0,BOM7
05/17/2026,X001WDR6UT,B0CM9L1QZG,FBA79108,"Audio Array AM-W16 Solo Wireless Lapel Over Ear Mic|in-Built ANC,Plug N Play,LongBattery Life,Ultra-Low Latency,Upto 30M Range|Compatible with iPhone&Android|Vlogging,Streaming,Teaching,YouTube,Black",SELLABLE,1,0,0,0,0,0,0,0,0,0,0,0,1,0,CCX1
05/17/2026,X001WDR6UT,B0CM9L1QZG,FBA79108,"Audio Array AM-W16 Solo Wireless Lapel Over Ear Mic|in-Built ANC,Plug N Play,LongBattery Life,Ultra-Low Latency,Upto 30M Range|Compatible with iPhone&Android|Vlogging,Streaming,Teaching,YouTube,Black",SELLABLE,1,0,0,0,0,0,0,0,0,0,0,0,1,0,CJB1
05/17/2026,X001WDR6UT,B0CM9L1QZG,FBA79108,"Audio Array AM-W16 Solo Wireless Lapel Over Ear Mic|in-Built ANC,Plug N Play,LongBattery Life,Ultra-Low Latency,Upto 30M Range|Compatible with iPhone&Android|Vlogging,Streaming,Teaching,YouTube,Black",SELLABLE,6,0,0,0,0,-4,0,0,0,0,0,0,2,0,DEL4
05/17/2026,X001WDR6UT,B0CM9L1QZG,FBA79108,"Audio Array AM-W16 Solo Wireless Lapel Over Ear Mic|in-Built ANC,Plug N Play,LongBattery Life,Ultra-Low Latency,Upto 30M Range|Compatible with iPhone&Android|Vlogging,Streaming,Teaching,YouTube,Black",SELLABLE,2,0,0,0,0,0,0,0,0,0,0,0,2,0,DEL5
05/17/2026,X001WDR6UT,B0CM9L1QZG,FBA79108,"Audio Array AM-W16 Solo Wireless Lapel Over Ear Mic|in-Built ANC,Plug N Play,LongBattery Life,Ultra-Low Latency,Upto 30M Range|Compatible with iPhone&Android|Vlogging,Streaming,Teaching,YouTube,Black",SELLABLE,3,0,0,0,0,0,0,0,0,0,0,0,3,0,HYD3
05/17/2026,X001WDR6UT,B0CM9L1QZG,FBA79108,"Audio Array AM-W16 Solo Wireless Lapel Over Ear Mic|in-Built ANC,Plug N Play,LongBattery Life,Ultra-Low Latency,Upto 30M Range|Compatible with iPhone&Android|Vlogging,Streaming,Teaching,YouTube,Black",SELLABLE,1,0,0,0,0,0,0,0,0,0,0,0,1,0,HYD8
05/17/2026,X001WDR6UT,B0CM9L1QZG,FBA79108,"Audio Array AM-W16 Solo Wireless Lapel Over Ear Mic|in-Built ANC,Plug N Play,LongBattery Life,Ultra-Low Latency,Upto 30M Range|Compatible with iPhone&Android|Vlogging,Streaming,Teaching,YouTube,Black",SELLABLE,4,0,0,0,0,0,0,0,0,0,0,0,4,0,MAA4
05/17/2026,X001WDR6UT,B0CM9L1QZG,FBA79108,"Audio Array AM-W16 Solo Wireless Lapel Over Ear Mic|in-Built ANC,Plug N Play,LongBattery Life,Ultra-Low Latency,Upto 30M Range|Compatible with iPhone&Android|Vlogging,Streaming,Teaching,YouTube,Black",SELLABLE,6,0,0,0,0,0,0,0,0,0,0,0,6,0,PNQ3
05/17/2026,X001WPK8E3,B0CH4PMR8K,FBA79009,"Audio Array AM-C41 Plug & Play AI Noise Cancellation USB Condenser Microphone | Mute Button/Echo/Volume Knob | Kit with Tripod, Mic Cover | Gaming, Streaming, Podcast | Mac/PC/Laptop/Mobile",CUSTOMER_DAMAGED,1,0,0,0,0,0,0,0,0,0,0,0,1,0,DEL5
05/17/2026,X001WPK8E3,B0CH4PMR8K,FBA79009,"Audio Array AM-C41 Plug & Play AI Noise Cancellation USB Condenser Microphone | Mute Button/Echo/Volume Knob | Kit with Tripod, Mic Cover | Gaming, Streaming, Podcast | Mac/PC/Laptop/Mobile",SELLABLE,3,0,0,0,0,0,0,0,0,0,0,0,3,0,BLR8
05/17/2026,X001WPK8E3,B0CH4PMR8K,FBA79009,"Audio Array AM-C41 Plug & Play AI Noise Cancellation USB Condenser Microphone | Mute Button/Echo/Volume Knob | Kit with Tripod, Mic Cover | Gaming, Streaming, Podcast | Mac/PC/Laptop/Mobile",SELLABLE,2,0,0,0,0,0,0,0,0,0,0,0,2,0,BOM5
05/17/2026,X001WPK8E3,B0CH4PMR8K,FBA79009,"Audio Array AM-C41 Plug & Play AI Noise Cancellation USB Condenser Microphone | Mute Button/Echo/Volume Knob | Kit with Tripod, Mic Cover | Gaming, Streaming, Podcast | Mac/PC/Laptop/Mobile",SELLABLE,1,0,0,0,0,0,0,0,0,0,0,0,1,0,BOM7
05/17/2026,X001WPK8E3,B0CH4PMR8K,FBA79009,"Audio Array AM-C41 Plug & Play AI Noise Cancellation USB Condenser Microphone | Mute Button/Echo/Volume Knob | Kit with Tripod, Mic Cover | Gaming, Streaming, Podcast | Mac/PC/Laptop/Mobile",SELLABLE,1,0,0,0,0,0,0,0,0,0,0,0,1,0,CCX1
05/17/2026,X001WPK8E3,B0CH4PMR8K,FBA79009,"Audio Array AM-C41 Plug & Play AI Noise Cancellation USB Condenser Microphone | Mute Button/Echo/Volume Knob | Kit with Tripod, Mic Cover | Gaming, Streaming, Podcast | Mac/PC/Laptop/Mobile",SELLABLE,2,0,0,0,0,0,0,0,0,0,0,0,2,0,DEL4
05/17/2026,X001WPK8E3,B0CH4PMR8K,FBA79009,"Audio Array AM-C41 Plug & Play AI Noise Cancellation USB Condenser Microphone | Mute Button/Echo/Volume Knob | Kit with Tripod, Mic Cover | Gaming, Streaming, Podcast | Mac/PC/Laptop/Mobile",SELLABLE,7,0,0,0,0,0,0,0,0,0,0,0,7,0,DEL5
05/17/2026,X001WPK8E3,B0CH4PMR8K,FBA79009,"Audio Array AM-C41 Plug & Play AI Noise Cancellation USB Condenser Microphone | Mute Button/Echo/Volume Knob | Kit with Tripod, Mic Cover | Gaming, Streaming, Podcast | Mac/PC/Laptop/Mobile",SELLABLE,1,0,0,0,0,0,0,0,0,0,0,0,1,0,HYD3
05/17/2026,X001WPK8E3,B0CH4PMR8K,FBA79009,"Audio Array AM-C41 Plug & Play AI Noise Cancellation USB Condenser Microphone | Mute Button/Echo/Volume Knob | Kit with Tripod, Mic Cover | Gaming, Streaming, Podcast | Mac/PC/Laptop/Mobile",SELLABLE,2,0,0,0,0,0,0,0,0,0,0,0,2,0,MAA4
05/17/2026,X001WPK8E3,B0CH4PMR8K,FBA79009,"Audio Array AM-C41 Plug & Play AI Noise Cancellation USB Condenser Microphone | Mute Button/Echo/Volume Knob | Kit with Tripod, Mic Cover | Gaming, Streaming, Podcast | Mac/PC/Laptop/Mobile",SELLABLE,1,0,0,0,0,0,0,0,0,0,0,0,1,0,PNQ3
05/17/2026,X001WPMAGH,B0CH4RNWJX,FBA79011,"Audio Array AM-C43 XLR to 3.5mm Professional Condenser Microphone Kit | Boom Arm, 2M Cable & Foam Filter | Compatible with Audio Interface, Mixer | Recording, Podcast, Streaming, Home Studio (Black)",SELLABLE,10,0,0,0,0,0,0,0,0,0,0,0,10,0,AMD2
05/17/2026,X001WPMAGH,B0CH4RNWJX,FBA79011,"Audio Array AM-C43 XLR to 3.5mm Professional Condenser Microphone Kit | Boom Arm, 2M Cable & Foam Filter | Compatible with Audio Interface, Mixer | Recording, Podcast, Streaming, Home Studio (Black)",SELLABLE,8,0,0,0,0,0,0,0,0,0,0,0,8,0,BOM5
05/17/2026,X001WPMAGH,B0CH4RNWJX,FBA79011,"Audio Array AM-C43 XLR to 3.5mm Professional Condenser Microphone Kit | Boom Arm, 2M Cable & Foam Filter | Compatible with Audio Interface, Mixer | Recording, Podcast, Streaming, Home Studio (Black)",SELLABLE,9,0,0,0,0,0,0,0,0,0,0,0,9,0,DEL4
05/17/2026,X001WPMAGH,B0CH4RNWJX,FBA79011,"Audio Array AM-C43 XLR to 3.5mm Professional Condenser Microphone Kit | Boom Arm, 2M Cable & Foam Filter | Compatible with Audio Interface, Mixer | Recording, Podcast, Streaming, Home Studio (Black)",SELLABLE,1,0,0,0,0,0,0,0,0,0,0,0,1,0,DEL5
05/17/2026,X001Z45VMF,B0CX1XK5R6,FBA79230,Audio Array AM-W46 Groove Wireless Bluetooth 5.3 Bookshelf Speaker 30W | 5400mAh upto 24h Long Battery | 3 EQ Modes | Stylish Premium Metal Body | Superior Bass Quality,SELLABLE,2,0,0,0,0,0,0,0,0,0,0,0,2,0,PNQ3
05/17/2026,X0020S4GV7,B0D3LZWTHV,FBA79379,"Audio Array AM-C45 XLR/USB Professional RGB Dynamic Podcast Microphone | Built-in Monitoring | One Touch Mute Volume & Noise-Cancellation | 2M USB Cable & Metal Base | Streaming, Podcasting, Singing",SELLABLE,4,0,0,0,0,-1,0,0,0,0,0,0,3,0,BLR8
05/17/2026,X0020S4GV7,B0D3LZWTHV,FBA79379,"Audio Array AM-C45 XLR/USB Professional RGB Dynamic Podcast Microphone | Built-in Monitoring | One Touch Mute Volume & Noise-Cancellation | 2M USB Cable & Metal Base | Streaming, Podcasting, Singing",SELLABLE,1,0,0,0,0,0,0,0,0,0,0,0,1,0,BOM7
05/17/2026,X0020S4GV7,B0D3LZWTHV,FBA79379,"Audio Array AM-C45 XLR/USB Professional RGB Dynamic Podcast Microphone | Built-in Monitoring | One Touch Mute Volume & Noise-Cancellation | 2M USB Cable & Metal Base | Streaming, Podcasting, Singing",SELLABLE,2,0,0,0,0,0,0,0,0,0,0,0,2,0,DEL4
05/17/2026,X0020S4GV7,B0D3LZWTHV,FBA79379,"Audio Array AM-C45 XLR/USB Professional RGB Dynamic Podcast Microphone | Built-in Monitoring | One Touch Mute Volume & Noise-Cancellation | 2M USB Cable & Metal Base | Streaming, Podcasting, Singing",SELLABLE,1,0,0,0,0,0,0,0,0,0,0,0,1,0,HYD3
05/17/2026,X0020S58JL,B0D3M1B4Z8,FBA79380,"Audio Array AM-C46 Professional RGB USB Condenser Microphone Kit | Noise-Cancellation, Mute, Monitoring & Volume Controls | 192kHz/24bit Studio Quality | Gaming, Streaming, Podcast | Mac/PC/Mobile",SELLABLE,7,0,0,0,0,0,0,0,0,0,0,0,7,0,BLR7
05/17/2026,X0020S58JL,B0D3M1B4Z8,FBA79380,"Audio Array AM-C46 Professional RGB USB Condenser Microphone Kit | Noise-Cancellation, Mute, Monitoring & Volume Controls | 192kHz/24bit Studio Quality | Gaming, Streaming, Podcast | Mac/PC/Mobile",SELLABLE,2,0,0,0,0,0,0,0,0,0,0,0,2,0,BLR8
05/17/2026,X0020S58JL,B0D3M1B4Z8,FBA79380,"Audio Array AM-C46 Professional RGB USB Condenser Microphone Kit | Noise-Cancellation, Mute, Monitoring & Volume Controls | 192kHz/24bit Studio Quality | Gaming, Streaming, Podcast | Mac/PC/Mobile",SELLABLE,4,0,0,0,0,0,0,0,0,0,0,0,4,0,BOM5
05/17/2026,X0020S58JL,B0D3M1B4Z8,FBA79380,"Audio Array AM-C46 Professional RGB USB Condenser Microphone Kit | Noise-Cancellation, Mute, Monitoring & Volume Controls | 192kHz/24bit Studio Quality | Gaming, Streaming, Podcast | Mac/PC/Mobile",SELLABLE,4,0,0,0,0,0,0,0,0,0,0,0,4,0,DEL5
05/17/2026,X0020S58JL,B0D3M1B4Z8,FBA79380,"Audio Array AM-C46 Professional RGB USB Condenser Microphone Kit | Noise-Cancellation, Mute, Monitoring & Volume Controls | 192kHz/24bit Studio Quality | Gaming, Streaming, Podcast | Mac/PC/Mobile",SELLABLE,9,0,0,0,0,0,0,0,0,0,0,0,9,0,HYD8
05/17/2026,X0020S58JL,B0D3M1B4Z8,FBA79380,"Audio Array AM-C46 Professional RGB USB Condenser Microphone Kit | Noise-Cancellation, Mute, Monitoring & Volume Controls | 192kHz/24bit Studio Quality | Gaming, Streaming, Podcast | Mac/PC/Mobile",SELLABLE,3,0,0,0,0,0,0,0,0,0,0,0,3,0,PNQ3
05/17/2026,X0020S9KXL,B0D3M86SH1,FBA79355,Audio Array AA-19BL RGB Low Profile Boomarm Stand with Riser | 71cm reach & 20 RGB lighting effects & Built-In Cable Management | Matte finish with Flexible adjustments | 2Kg Weight Capacity | Black,SELLABLE,1,0,0,0,0,0,0,0,0,0,0,0,1,0,AMD2
05/17/2026,X0020S9KXL,B0D3M86SH1,FBA79355,Audio Array AA-19BL RGB Low Profile Boomarm Stand with Riser | 71cm reach & 20 RGB lighting effects & Built-In Cable Management | Matte finish with Flexible adjustments | 2Kg Weight Capacity | Black,SELLABLE,6,0,0,0,0,0,0,0,0,0,0,0,6,0,BLR7
05/17/2026,X0020S9KXL,B0D3M86SH1,FBA79355,Audio Array AA-19BL RGB Low Profile Boomarm Stand with Riser | 71cm reach & 20 RGB lighting effects & Built-In Cable Management | Matte finish with Flexible adjustments | 2Kg Weight Capacity | Black,SELLABLE,1,0,0,0,0,0,0,0,0,0,0,0,1,0,BOM5
05/17/2026,X0020S9KXL,B0D3M86SH1,FBA79355,Audio Array AA-19BL RGB Low Profile Boomarm Stand with Riser | 71cm reach & 20 RGB lighting effects & Built-In Cable Management | Matte finish with Flexible adjustments | 2Kg Weight Capacity | Black,SELLABLE,8,0,0,0,0,0,0,0,0,0,0,0,8,0,BOM7
05/17/2026,X0020S9KXL,B0D3M86SH1,FBA79355,Audio Array AA-19BL RGB Low Profile Boomarm Stand with Riser | 71cm reach & 20 RGB lighting effects & Built-In Cable Management | Matte finish with Flexible adjustments | 2Kg Weight Capacity | Black,SELLABLE,9,0,0,0,0,0,0,0,0,0,0,0,9,0,DEL5
05/17/2026,X0020S9KXL,B0D3M86SH1,FBA79355,Audio Array AA-19BL RGB Low Profile Boomarm Stand with Riser | 71cm reach & 20 RGB lighting effects & Built-In Cable Management | Matte finish with Flexible adjustments | 2Kg Weight Capacity | Black,SELLABLE,1,0,0,0,0,0,0,0,0,0,0,0,1,0,HYD8
05/17/2026,X0020S9KXL,B0D3M86SH1,FBA79355,Audio Array AA-19BL RGB Low Profile Boomarm Stand with Riser | 71cm reach & 20 RGB lighting effects & Built-In Cable Management | Matte finish with Flexible adjustments | 2Kg Weight Capacity | Black,SELLABLE,1,0,0,0,0,0,0,0,0,0,0,0,1,0,MAA4
05/17/2026,X0020S9KXL,B0D3M86SH1,FBA79355,Audio Array AA-19BL RGB Low Profile Boomarm Stand with Riser | 71cm reach & 20 RGB lighting effects & Built-In Cable Management | Matte finish with Flexible adjustments | 2Kg Weight Capacity | Black,SELLABLE,3,0,0,0,0,0,0,0,0,0,0,0,3,0,PNQ3
05/17/2026,X0020SRA97,B0D3Q2T5XX,FBA79356,Audio Array AA-19WL RGB Low Profile Boomarm Stand with Riser | 71cm reach & 20 RGB lighting effects & Built-In Cable Management | Matte finish with Flexible adjustments | 2Kg Weight Capacity | White,SELLABLE,1,0,0,0,0,0,0,0,0,0,0,0,1,0,AMD2
05/17/2026,X0020SRA97,B0D3Q2T5XX,FBA79356,Audio Array AA-19WL RGB Low Profile Boomarm Stand with Riser | 71cm reach & 20 RGB lighting effects & Built-In Cable Management | Matte finish with Flexible adjustments | 2Kg Weight Capacity | White,SELLABLE,2,0,0,0,0,0,0,0,0,0,0,0,2,0,BLR8
05/17/2026,X0020SRA97,B0D3Q2T5XX,FBA79356,Audio Array AA-19WL RGB Low Profile Boomarm Stand with Riser | 71cm reach & 20 RGB lighting effects & Built-In Cable Management | Matte finish with Flexible adjustments | 2Kg Weight Capacity | White,SELLABLE,7,0,0,0,0,0,0,0,0,0,0,0,7,0,BOM5
05/17/2026,X0020SRA97,B0D3Q2T5XX,FBA79356,Audio Array AA-19WL RGB Low Profile Boomarm Stand with Riser | 71cm reach & 20 RGB lighting effects & Built-In Cable Management | Matte finish with Flexible adjustments | 2Kg Weight Capacity | White,SELLABLE,1,0,0,0,0,0,0,0,0,0,0,0,1,0,CJB1
05/17/2026,X0020SRA97,B0D3Q2T5XX,FBA79356,Audio Array AA-19WL RGB Low Profile Boomarm Stand with Riser | 71cm reach & 20 RGB lighting effects & Built-In Cable Management | Matte finish with Flexible adjustments | 2Kg Weight Capacity | White,SELLABLE,1,0,0,0,0,0,0,0,0,0,0,0,1,0,DEL4
05/17/2026,X0020SRA97,B0D3Q2T5XX,FBA79356,Audio Array AA-19WL RGB Low Profile Boomarm Stand with Riser | 71cm reach & 20 RGB lighting effects & Built-In Cable Management | Matte finish with Flexible adjustments | 2Kg Weight Capacity | White,SELLABLE,2,0,0,0,0,0,0,0,0,0,0,0,2,0,DEL5
05/17/2026,X0020SRA97,B0D3Q2T5XX,FBA79356,Audio Array AA-19WL RGB Low Profile Boomarm Stand with Riser | 71cm reach & 20 RGB lighting effects & Built-In Cable Management | Matte finish with Flexible adjustments | 2Kg Weight Capacity | White,SELLABLE,1,0,0,0,0,0,0,0,0,0,0,0,1,0,HYD3
05/17/2026,X0020SRA97,B0D3Q2T5XX,FBA79356,Audio Array AA-19WL RGB Low Profile Boomarm Stand with Riser | 71cm reach & 20 RGB lighting effects & Built-In Cable Management | Matte finish with Flexible adjustments | 2Kg Weight Capacity | White,SELLABLE,1,0,0,0,0,0,0,0,0,0,0,0,1,0,PNQ3
05/17/2026,X0023SDCNH,B0BPLZ5CGV,FBI76864,Audio Array AI-04 HD 2x2 Gen 3 Audio Interface | Premium Mic Pre-Amps | 48V Phantom Power | 24bit/192kHz Hi-Fi Recording | XLR/MIC/LINE inputs | Plug & Play-No Drivers | 2 in 3 out | Metal Body | Red,CUSTOMER_DAMAGED,1,0,0,0,0,0,0,0,0,0,0,0,1,0,AMD2
05/17/2026,X00247NRYV,B0DFMLQBMC,FBA79444,"Audio Array AM-W20 Magnetic Wireless Lapel Microphone Set | One Touch Smart Noise Reduction | 48KHz/24Bit Hi-fi Recording | 50M Range | 800mAh 48Hrs Long Battery Backup | Vlogging, Podcast, Streaming",SELLABLE,1,0,0,0,0,0,0,0,0,0,0,0,1,0,AMD2
05/17/2026,X00247NRYV,B0DFMLQBMC,FBA79444,"Audio Array AM-W20 Magnetic Wireless Lapel Microphone Set | One Touch Smart Noise Reduction | 48KHz/24Bit Hi-fi Recording | 50M Range | 800mAh 48Hrs Long Battery Backup | Vlogging, Podcast, Streaming",SELLABLE,1,0,0,0,0,0,0,0,0,0,0,0,1,0,BLR8
05/17/2026,X00247NRYV,B0DFMLQBMC,FBA79444,"Audio Array AM-W20 Magnetic Wireless Lapel Microphone Set | One Touch Smart Noise Reduction | 48KHz/24Bit Hi-fi Recording | 50M Range | 800mAh 48Hrs Long Battery Backup | Vlogging, Podcast, Streaming",SELLABLE,1,0,0,0,0,0,0,0,0,0,0,0,1,0,BOM5
05/17/2026,X00247NRYV,B0DFMLQBMC,FBA79444,"Audio Array AM-W20 Magnetic Wireless Lapel Microphone Set | One Touch Smart Noise Reduction | 48KHz/24Bit Hi-fi Recording | 50M Range | 800mAh 48Hrs Long Battery Backup | Vlogging, Podcast, Streaming",SELLABLE,1,0,0,0,0,0,0,0,0,0,0,0,1,0,CCX1
05/17/2026,X00247NRYV,B0DFMLQBMC,FBA79444,"Audio Array AM-W20 Magnetic Wireless Lapel Microphone Set | One Touch Smart Noise Reduction | 48KHz/24Bit Hi-fi Recording | 50M Range | 800mAh 48Hrs Long Battery Backup | Vlogging, Podcast, Streaming",SELLABLE,1,0,0,0,0,0,0,0,0,0,0,0,1,0,CJB1
05/17/2026,X00247NRYV,B0DFMLQBMC,FBA79444,"Audio Array AM-W20 Magnetic Wireless Lapel Microphone Set | One Touch Smart Noise Reduction | 48KHz/24Bit Hi-fi Recording | 50M Range | 800mAh 48Hrs Long Battery Backup | Vlogging, Podcast, Streaming",SELLABLE,1,0,0,0,0,0,0,0,0,0,0,0,1,0,DEL5
05/17/2026,X00247NRYV,B0DFMLQBMC,FBA79444,"Audio Array AM-W20 Magnetic Wireless Lapel Microphone Set | One Touch Smart Noise Reduction | 48KHz/24Bit Hi-fi Recording | 50M Range | 800mAh 48Hrs Long Battery Backup | Vlogging, Podcast, Streaming",SELLABLE,1,0,0,0,0,0,0,0,0,0,0,0,1,0,HYD3
05/17/2026,X00247NRYV,B0DFMLQBMC,FBA79444,"Audio Array AM-W20 Magnetic Wireless Lapel Microphone Set | One Touch Smart Noise Reduction | 48KHz/24Bit Hi-fi Recording | 50M Range | 800mAh 48Hrs Long Battery Backup | Vlogging, Podcast, Streaming",SELLABLE,1,0,0,0,0,0,0,0,0,0,0,0,1,0,MAA4
05/17/2026,X00247NRYV,B0DFMLQBMC,FBA79444,"Audio Array AM-W20 Magnetic Wireless Lapel Microphone Set | One Touch Smart Noise Reduction | 48KHz/24Bit Hi-fi Recording | 50M Range | 800mAh 48Hrs Long Battery Backup | Vlogging, Podcast, Streaming",SELLABLE,1,0,0,0,0,0,0,0,0,0,0,0,1,0,PNQ3
05/17/2026,X00247NVN3,B0DFMNGFTD,FBA79449,"Audio Array AM-W36 UHF Dual Wireless Premium Metal Microphone with Charging | 2X XLR Outs & 1/4"" Mix Out | 328ft/100M Range | Karaoke Singing, Wedding, Events | PA System, Amplifier, Mixer, Party Box",SELLABLE,3,0,0,0,0,0,0,0,0,0,0,0,3,0,BLR8
05/17/2026,X00247NVN3,B0DFMNGFTD,FBA79449,"Audio Array AM-W36 UHF Dual Wireless Premium Metal Microphone with Charging | 2X XLR Outs & 1/4"" Mix Out | 328ft/100M Range | Karaoke Singing, Wedding, Events | PA System, Amplifier, Mixer, Party Box",SELLABLE,1,0,0,0,0,0,0,0,0,0,0,0,1,0,BOM5
05/17/2026,X00247QYQT,B0DFMLS8JG,FBA79445,"Audio Array AM-W32 UHF Dual Wireless Metal Microphones | Built-in Rechargeable Battery | 6–8 Hours Backup | 60M Range | Karaoke, DJ, Events, PA System | Echo & Volume Controls",DEFECTIVE,1,0,0,0,0,0,0,0,0,0,0,0,1,0,BOM7
05/17/2026,X00247QYQT,B0DFMLS8JG,FBA79445,"Audio Array AM-W32 UHF Dual Wireless Metal Microphones | Built-in Rechargeable Battery | 6–8 Hours Backup | 60M Range | Karaoke, DJ, Events, PA System | Echo & Volume Controls",SELLABLE,2,0,0,0,0,0,0,0,0,0,0,0,2,0,BLR8
05/17/2026,X00247QYQT,B0DFMLS8JG,FBA79445,"Audio Array AM-W32 UHF Dual Wireless Metal Microphones | Built-in Rechargeable Battery | 6–8 Hours Backup | 60M Range | Karaoke, DJ, Events, PA System | Echo & Volume Controls",SELLABLE,8,0,0,0,0,0,0,0,0,0,0,0,8,0,BOM5
05/17/2026,X00247QYQT,B0DFMLS8JG,FBA79445,"Audio Array AM-W32 UHF Dual Wireless Metal Microphones | Built-in Rechargeable Battery | 6–8 Hours Backup | 60M Range | Karaoke, DJ, Events, PA System | Echo & Volume Controls",SELLABLE,10,0,0,0,0,0,0,0,0,0,0,0,10,0,DEL5
05/17/2026,X00247VV53,B0DFMKY4TT,FBA79448,"Audio Array AM-W35 UHF Dual Wireless Premium Karaoke Microphones | 800mah 5-6 Hours Battery Backup | Range up to 50M | Karaoke Singing, Wedding, DJ, Church | PA System, Amplifier, Mixer, Party Box",SELLABLE,4,0,0,0,0,0,0,0,0,0,0,0,4,0,BLR8
05/17/2026,X00247VV53,B0DFMKY4TT,FBA79448,"Audio Array AM-W35 UHF Dual Wireless Premium Karaoke Microphones | 800mah 5-6 Hours Battery Backup | Range up to 50M | Karaoke Singing, Wedding, DJ, Church | PA System, Amplifier, Mixer, Party Box",SELLABLE,1,0,0,0,0,0,0,0,0,0,0,0,1,0,BOM5
05/17/2026,X00247VV53,B0DFMKY4TT,FBA79448,"Audio Array AM-W35 UHF Dual Wireless Premium Karaoke Microphones | 800mah 5-6 Hours Battery Backup | Range up to 50M | Karaoke Singing, Wedding, DJ, Church | PA System, Amplifier, Mixer, Party Box",SELLABLE,1,0,0,0,0,0,0,0,0,0,0,0,1,0,BOM7
05/17/2026,X00247VV53,B0DFMKY4TT,FBA79448,"Audio Array AM-W35 UHF Dual Wireless Premium Karaoke Microphones | 800mah 5-6 Hours Battery Backup | Range up to 50M | Karaoke Singing, Wedding, DJ, Church | PA System, Amplifier, Mixer, Party Box",SELLABLE,19,0,0,0,0,0,0,0,0,0,0,0,19,0,DEL5
05/17/2026,X00247VV53,B0DFMKY4TT,FBA79448,"Audio Array AM-W35 UHF Dual Wireless Premium Karaoke Microphones | 800mah 5-6 Hours Battery Backup | Range up to 50M | Karaoke Singing, Wedding, DJ, Church | PA System, Amplifier, Mixer, Party Box",SELLABLE,1,0,0,0,0,0,0,0,0,0,0,0,1,0,HYD3
05/17/2026,X00247VV53,B0DFMKY4TT,FBA79448,"Audio Array AM-W35 UHF Dual Wireless Premium Karaoke Microphones | 800mah 5-6 Hours Battery Backup | Range up to 50M | Karaoke Singing, Wedding, DJ, Church | PA System, Amplifier, Mixer, Party Box",SELLABLE,1,0,0,0,0,0,0,0,0,0,0,0,1,0,LKO1
05/17/2026,X00247YR3V,B0DFMMTWLY,FBA79446,"Audio Array AM-W33 UHF Metal Solo Wireless Microphone Set | Built-in Rechargeable Battery | 6–8 Hours Backup | 50M Range | Karaoke, Wedding, DJ, Church | PA System, Amplifier, Mixer, Party Box",SELLABLE,3,0,0,0,0,0,0,0,0,0,0,0,3,0,BLR8
05/17/2026,X00247YR3V,B0DFMMTWLY,FBA79446,"Audio Array AM-W33 UHF Metal Solo Wireless Microphone Set | Built-in Rechargeable Battery | 6–8 Hours Backup | 50M Range | Karaoke, Wedding, DJ, Church | PA System, Amplifier, Mixer, Party Box",SELLABLE,10,0,0,0,0,0,0,0,0,0,0,0,10,0,BOM5
05/17/2026,X00247YR3V,B0DFMMTWLY,FBA79446,"Audio Array AM-W33 UHF Metal Solo Wireless Microphone Set | Built-in Rechargeable Battery | 6–8 Hours Backup | 50M Range | Karaoke, Wedding, DJ, Church | PA System, Amplifier, Mixer, Party Box",SELLABLE,1,0,0,0,0,0,0,0,0,0,0,0,1,0,BOM7
05/17/2026,X00247YR3V,B0DFMMTWLY,FBA79446,"Audio Array AM-W33 UHF Metal Solo Wireless Microphone Set | Built-in Rechargeable Battery | 6–8 Hours Backup | 50M Range | Karaoke, Wedding, DJ, Church | PA System, Amplifier, Mixer, Party Box",SELLABLE,1,0,0,0,0,0,0,0,0,0,0,0,1,0,CCX1
05/17/2026,X00247YR3V,B0DFMMTWLY,FBA79446,"Audio Array AM-W33 UHF Metal Solo Wireless Microphone Set | Built-in Rechargeable Battery | 6–8 Hours Backup | 50M Range | Karaoke, Wedding, DJ, Church | PA System, Amplifier, Mixer, Party Box",SELLABLE,1,0,0,0,0,0,0,0,0,0,0,0,1,0,CJB1
05/17/2026,X00247YR3V,B0DFMMTWLY,FBA79446,"Audio Array AM-W33 UHF Metal Solo Wireless Microphone Set | Built-in Rechargeable Battery | 6–8 Hours Backup | 50M Range | Karaoke, Wedding, DJ, Church | PA System, Amplifier, Mixer, Party Box",SELLABLE,1,0,0,0,0,0,0,0,0,0,0,0,1,0,DEL4
05/17/2026,X00247YR3V,B0DFMMTWLY,FBA79446,"Audio Array AM-W33 UHF Metal Solo Wireless Microphone Set | Built-in Rechargeable Battery | 6–8 Hours Backup | 50M Range | Karaoke, Wedding, DJ, Church | PA System, Amplifier, Mixer, Party Box",SELLABLE,11,0,0,0,0,0,0,0,0,0,0,0,11,0,DEL5
05/17/2026,X00247YR3V,B0DFMMTWLY,FBA79446,"Audio Array AM-W33 UHF Metal Solo Wireless Microphone Set | Built-in Rechargeable Battery | 6–8 Hours Backup | 50M Range | Karaoke, Wedding, DJ, Church | PA System, Amplifier, Mixer, Party Box",SELLABLE,1,0,0,0,0,0,0,0,0,0,0,0,1,0,PNQ3
05/17/2026,X00247ZDVV,B0DFMQCGT1,FBA79465,"Audio Array AM-W21 Wireless Microphone Kit | Built in Recording, Noise Reduction & Echo | Smartphones, Cameras, Laptops | Dual-Channel Recording, 200 feet Transmission Range, 48-Hour Battery Life",SELLABLE,1,0,0,0,0,0,0,0,0,0,0,0,1,0,BLR8
05/17/2026,X00247ZDVV,B0DFMQCGT1,FBA79465,"Audio Array AM-W21 Wireless Microphone Kit | Built in Recording, Noise Reduction & Echo | Smartphones, Cameras, Laptops | Dual-Channel Recording, 200 feet Transmission Range, 48-Hour Battery Life",SELLABLE,1,0,0,0,0,0,0,0,0,0,0,0,1,0,BOM5
05/17/2026,X00247ZDVV,B0DFMQCGT1,FBA79465,"Audio Array AM-W21 Wireless Microphone Kit | Built in Recording, Noise Reduction & Echo | Smartphones, Cameras, Laptops | Dual-Channel Recording, 200 feet Transmission Range, 48-Hour Battery Life",SELLABLE,1,0,0,0,0,0,0,0,0,0,0,0,1,0,CCX1
05/17/2026,X00247ZDVV,B0DFMQCGT1,FBA79465,"Audio Array AM-W21 Wireless Microphone Kit | Built in Recording, Noise Reduction & Echo | Smartphones, Cameras, Laptops | Dual-Channel Recording, 200 feet Transmission Range, 48-Hour Battery Life",SELLABLE,1,0,0,0,0,0,0,0,0,0,0,0,1,0,CJB1
05/17/2026,X00247ZDVV,B0DFMQCGT1,FBA79465,"Audio Array AM-W21 Wireless Microphone Kit | Built in Recording, Noise Reduction & Echo | Smartphones, Cameras, Laptops | Dual-Channel Recording, 200 feet Transmission Range, 48-Hour Battery Life",SELLABLE,1,0,0,0,0,0,0,0,0,0,0,0,1,0,DEL4
05/17/2026,X00247ZDVV,B0DFMQCGT1,FBA79465,"Audio Array AM-W21 Wireless Microphone Kit | Built in Recording, Noise Reduction & Echo | Smartphones, Cameras, Laptops | Dual-Channel Recording, 200 feet Transmission Range, 48-Hour Battery Life",SELLABLE,1,0,0,0,0,0,0,0,0,0,0,0,1,0,DEL5
05/17/2026,X00247ZDVV,B0DFMQCGT1,FBA79465,"Audio Array AM-W21 Wireless Microphone Kit | Built in Recording, Noise Reduction & Echo | Smartphones, Cameras, Laptops | Dual-Channel Recording, 200 feet Transmission Range, 48-Hour Battery Life",SELLABLE,1,0,0,0,0,0,0,0,0,0,0,0,1,0,HYD3
05/17/2026,X00247ZDVV,B0DFMQCGT1,FBA79465,"Audio Array AM-W21 Wireless Microphone Kit | Built in Recording, Noise Reduction & Echo | Smartphones, Cameras, Laptops | Dual-Channel Recording, 200 feet Transmission Range, 48-Hour Battery Life",SELLABLE,1,0,0,0,0,0,0,0,0,0,0,0,1,0,MAA4
05/17/2026,X00247ZDVV,B0DFMQCGT1,FBA79465,"Audio Array AM-W21 Wireless Microphone Kit | Built in Recording, Noise Reduction & Echo | Smartphones, Cameras, Laptops | Dual-Channel Recording, 200 feet Transmission Range, 48-Hour Battery Life",SELLABLE,1,0,0,0,0,0,0,0,0,0,0,0,1,0,PNQ3
05/17/2026,X00248123X,B0DFMLXD9S,FBA79447,"Audio Array AM-W34 UHF Dual Wireless Premium Metal Microphones | 800mAh 6-8 Hours Receiver Battery Backup | Range up to 50M | Karaoke Singing, Wedding, Church | PA System, Amplifier, Mixer, Party Box",SELLABLE,4,0,0,0,0,0,0,0,0,0,0,0,4,0,AMD2
05/17/2026,X00248123X,B0DFMLXD9S,FBA79447,"Audio Array AM-W34 UHF Dual Wireless Premium Metal Microphones | 800mAh 6-8 Hours Receiver Battery Backup | Range up to 50M | Karaoke Singing, Wedding, Church | PA System, Amplifier, Mixer, Party Box",SELLABLE,1,0,0,0,0,0,0,0,0,0,0,0,1,0,BLR8
05/17/2026,X00248123X,B0DFMLXD9S,FBA79447,"Audio Array AM-W34 UHF Dual Wireless Premium Metal Microphones | 800mAh 6-8 Hours Receiver Battery Backup | Range up to 50M | Karaoke Singing, Wedding, Church | PA System, Amplifier, Mixer, Party Box",SELLABLE,1,0,0,0,0,0,0,0,0,0,0,0,1,0,CJB1
05/17/2026,X00248123X,B0DFMLXD9S,FBA79447,"Audio Array AM-W34 UHF Dual Wireless Premium Metal Microphones | 800mAh 6-8 Hours Receiver Battery Backup | Range up to 50M | Karaoke Singing, Wedding, Church | PA System, Amplifier, Mixer, Party Box",SELLABLE,6,0,0,0,0,0,0,0,0,0,0,0,6,0,DEL4
05/17/2026,X00248123X,B0DFMLXD9S,FBA79447,"Audio Array AM-W34 UHF Dual Wireless Premium Metal Microphones | 800mAh 6-8 Hours Receiver Battery Backup | Range up to 50M | Karaoke Singing, Wedding, Church | PA System, Amplifier, Mixer, Party Box",SELLABLE,1,0,0,0,0,0,0,0,0,0,0,0,1,0,DEL5
05/17/2026,X00248123X,B0DFMLXD9S,FBA79447,"Audio Array AM-W34 UHF Dual Wireless Premium Metal Microphones | 800mAh 6-8 Hours Receiver Battery Backup | Range up to 50M | Karaoke Singing, Wedding, Church | PA System, Amplifier, Mixer, Party Box",SELLABLE,2,0,0,0,0,0,0,0,0,0,0,0,2,0,HYD3
05/17/2026,X00248123X,B0DFMLXD9S,FBA79447,"Audio Array AM-W34 UHF Dual Wireless Premium Metal Microphones | 800mAh 6-8 Hours Receiver Battery Backup | Range up to 50M | Karaoke Singing, Wedding, Church | PA System, Amplifier, Mixer, Party Box",SELLABLE,5,0,0,0,0,0,0,0,0,0,0,0,5,0,MAA4
05/17/2026,X0026HG99T,B0DN6LJZBR,FBA79653,"Audio Array AM-C45 XLR/USB Pro RGB Dynamic Microphone Kit | 192kHz/24bit Studio Quality Output | Volume Control, Mute and Noise Cancellation | Realtime Monitoring for Streaming, Gaming & podcasting",SELLABLE,3,0,0,0,0,0,0,0,0,0,0,0,3,0,BOM5
05/17/2026,X0026HG99T,B0DN6LJZBR,FBA79653,"Audio Array AM-C45 XLR/USB Pro RGB Dynamic Microphone Kit | 192kHz/24bit Studio Quality Output | Volume Control, Mute and Noise Cancellation | Realtime Monitoring for Streaming, Gaming & podcasting",SELLABLE,4,0,0,0,0,0,0,0,0,0,0,0,4,0,DEL5
05/17/2026,X0026HG99T,B0DN6LJZBR,FBA79653,"Audio Array AM-C45 XLR/USB Pro RGB Dynamic Microphone Kit | 192kHz/24bit Studio Quality Output | Volume Control, Mute and Noise Cancellation | Realtime Monitoring for Streaming, Gaming & podcasting",SELLABLE,4,0,0,0,0,0,0,0,0,0,0,0,4,0,HYD3
05/17/2026,X0026HG99T,B0DN6LJZBR,FBA79653,"Audio Array AM-C45 XLR/USB Pro RGB Dynamic Microphone Kit | 192kHz/24bit Studio Quality Output | Volume Control, Mute and Noise Cancellation | Realtime Monitoring for Streaming, Gaming & podcasting",SELLABLE,1,0,0,0,0,0,0,0,0,0,0,0,1,0,MAA4
05/17/2026,X0026HIQ4P,B0DN6MNS1X,FBA79654,"Audio Array AM-C11 Pro XLR/USB Professional Dynamic Mic Kit | Premium Metal 96kHz/24bit Studio Quality | 2M XLR & USB Cables,Volume Control,Mute & Realtime Monitoring | Streaming,Gaming & podcasting",SELLABLE,5,0,0,0,0,0,0,0,0,0,0,0,5,0,BLR7
05/17/2026,X0026HIQ4P,B0DN6MNS1X,FBA79654,"Audio Array AM-C11 Pro XLR/USB Professional Dynamic Mic Kit | Premium Metal 96kHz/24bit Studio Quality | 2M XLR & USB Cables,Volume Control,Mute & Realtime Monitoring | Streaming,Gaming & podcasting",SELLABLE,9,0,0,0,0,0,0,0,0,0,0,0,9,0,BOM7
05/17/2026,X0026HIQ4P,B0DN6MNS1X,FBA79654,"Audio Array AM-C11 Pro XLR/USB Professional Dynamic Mic Kit | Premium Metal 96kHz/24bit Studio Quality | 2M XLR & USB Cables,Volume Control,Mute & Realtime Monitoring | Streaming,Gaming & podcasting",SELLABLE,1,0,0,0,0,0,0,0,0,0,0,0,1,0,CCX1
05/17/2026,X0026HIQ4P,B0DN6MNS1X,FBA79654,"Audio Array AM-C11 Pro XLR/USB Professional Dynamic Mic Kit | Premium Metal 96kHz/24bit Studio Quality | 2M XLR & USB Cables,Volume Control,Mute & Realtime Monitoring | Streaming,Gaming & podcasting",SELLABLE,2,0,0,0,0,0,0,0,0,0,0,0,2,0,DEL5
05/17/2026,X0026HL9JJ,B0DN6PFWNK,FBA79655,Audio Array AM-C44 Pro XLR/USB Professional Dynamic Microphone Kit | Built-in Monitoring | One Touch Mute & Volume Control | 192kHz/24bit Full Metal Build | 2M XLR & USB Cable | Streaming & Podcasting,SELLABLE,3,0,0,0,0,0,0,0,0,0,0,0,3,0,BLR7
05/17/2026,X0026HL9JJ,B0DN6PFWNK,FBA79655,Audio Array AM-C44 Pro XLR/USB Professional Dynamic Microphone Kit | Built-in Monitoring | One Touch Mute & Volume Control | 192kHz/24bit Full Metal Build | 2M XLR & USB Cable | Streaming & Podcasting,SELLABLE,4,0,0,0,0,0,0,0,0,0,0,0,4,0,BLR8
05/17/2026,X0026HL9JJ,B0DN6PFWNK,FBA79655,Audio Array AM-C44 Pro XLR/USB Professional Dynamic Microphone Kit | Built-in Monitoring | One Touch Mute & Volume Control | 192kHz/24bit Full Metal Build | 2M XLR & USB Cable | Streaming & Podcasting,SELLABLE,3,0,0,0,0,0,0,0,0,0,0,0,3,0,BOM5
05/17/2026,X0026HL9JJ,B0DN6PFWNK,FBA79655,Audio Array AM-C44 Pro XLR/USB Professional Dynamic Microphone Kit | Built-in Monitoring | One Touch Mute & Volume Control | 192kHz/24bit Full Metal Build | 2M XLR & USB Cable | Streaming & Podcasting,SELLABLE,2,0,0,0,0,0,0,0,0,0,0,0,2,0,CJB1
05/17/2026,X0026HL9JJ,B0DN6PFWNK,FBA79655,Audio Array AM-C44 Pro XLR/USB Professional Dynamic Microphone Kit | Built-in Monitoring | One Touch Mute & Volume Control | 192kHz/24bit Full Metal Build | 2M XLR & USB Cable | Streaming & Podcasting,SELLABLE,3,0,0,0,0,0,0,0,0,0,0,0,3,0,HYD3
05/17/2026,X0026HL9JJ,B0DN6PFWNK,FBA79655,Audio Array AM-C44 Pro XLR/USB Professional Dynamic Microphone Kit | Built-in Monitoring | One Touch Mute & Volume Control | 192kHz/24bit Full Metal Build | 2M XLR & USB Cable | Streaming & Podcasting,SELLABLE,4,0,0,0,0,0,0,0,0,0,0,0,4,0,MAA4
05/17/2026,X0027WY8QJ,B0DT6T6N6B,FBA79694,"Audio Array AA-26 Tabletop Metal Microphone Stand | Extendable height up to 22cm | Studio Sound Recording, Streaming, Podcasting, Singing | Stylish Sturdy Metal Design to last long, flat base",SELLABLE,3,0,0,0,0,0,0,0,0,0,0,0,3,0,BLR8
05/17/2026,X0027WY8QJ,B0DT6T6N6B,FBA79694,"Audio Array AA-26 Tabletop Metal Microphone Stand | Extendable height up to 22cm | Studio Sound Recording, Streaming, Podcasting, Singing | Stylish Sturdy Metal Design to last long, flat base",SELLABLE,19,0,0,0,0,0,0,0,0,0,0,0,19,0,BOM7
05/17/2026,X0027WY8QJ,B0DT6T6N6B,FBA79694,"Audio Array AA-26 Tabletop Metal Microphone Stand | Extendable height up to 22cm | Studio Sound Recording, Streaming, Podcasting, Singing | Stylish Sturdy Metal Design to last long, flat base",SELLABLE,1,0,0,0,0,0,0,0,0,0,0,0,1,0,CCX1
05/17/2026,X0027WY8QJ,B0DT6T6N6B,FBA79694,"Audio Array AA-26 Tabletop Metal Microphone Stand | Extendable height up to 22cm | Studio Sound Recording, Streaming, Podcasting, Singing | Stylish Sturdy Metal Design to last long, flat base",SELLABLE,1,0,0,0,0,0,0,0,0,0,0,0,1,0,DEL4
05/17/2026,X0027WY8QJ,B0DT6T6N6B,FBA79694,"Audio Array AA-26 Tabletop Metal Microphone Stand | Extendable height up to 22cm | Studio Sound Recording, Streaming, Podcasting, Singing | Stylish Sturdy Metal Design to last long, flat base",SELLABLE,2,0,0,0,0,0,0,0,0,0,0,0,2,0,DEL5
05/17/2026,X0027WY8QJ,B0DT6T6N6B,FBA79694,"Audio Array AA-26 Tabletop Metal Microphone Stand | Extendable height up to 22cm | Studio Sound Recording, Streaming, Podcasting, Singing | Stylish Sturdy Metal Design to last long, flat base",SELLABLE,1,0,0,0,0,0,0,0,0,0,0,0,1,0,HYD3
05/17/2026,X0027WY8QJ,B0DT6T6N6B,FBA79694,"Audio Array AA-26 Tabletop Metal Microphone Stand | Extendable height up to 22cm | Studio Sound Recording, Streaming, Podcasting, Singing | Stylish Sturdy Metal Design to last long, flat base",SELLABLE,1,0,0,0,0,0,0,0,0,0,0,0,1,0,MAA4
05/17/2026,X00298C9U3,B0DXFPM4N2,FBA79482,"Audio Array AM-S1 BT v5.3 |Professional 4"" Studio Monitor Speaker Pair| 60W Class D Amplification,Woven Composite Woofer,1"" Silk-Dome Tweeter,EQ Controls|Music/Monitor Mode, Aux, HDMI, USB C, TRS, RCA",DEFECTIVE,1,0,0,0,0,0,0,0,0,0,0,-1,0,0,MAA4
05/17/2026,X00298C9U3,B0DXFPM4N2,FBA79482,"Audio Array AM-S1 BT v5.3 |Professional 4"" Studio Monitor Speaker Pair| 60W Class D Amplification,Woven Composite Woofer,1"" Silk-Dome Tweeter,EQ Controls|Music/Monitor Mode, Aux, HDMI, USB C, TRS, RCA",SELLABLE,3,0,0,0,0,0,0,0,0,0,0,0,3,0,BLR7
05/17/2026,X00298C9U3,B0DXFPM4N2,FBA79482,"Audio Array AM-S1 BT v5.3 |Professional 4"" Studio Monitor Speaker Pair| 60W Class D Amplification,Woven Composite Woofer,1"" Silk-Dome Tweeter,EQ Controls|Music/Monitor Mode, Aux, HDMI, USB C, TRS, RCA",SELLABLE,1,0,0,0,0,0,0,0,0,0,0,0,1,0,BLR8
05/17/2026,X00298C9U3,B0DXFPM4N2,FBA79482,"Audio Array AM-S1 BT v5.3 |Professional 4"" Studio Monitor Speaker Pair| 60W Class D Amplification,Woven Composite Woofer,1"" Silk-Dome Tweeter,EQ Controls|Music/Monitor Mode, Aux, HDMI, USB C, TRS, RCA",SELLABLE,8,0,0,0,0,0,0,0,0,0,0,0,8,0,DEL4
05/17/2026,X00298C9U3,B0DXFPM4N2,FBA79482,"Audio Array AM-S1 BT v5.3 |Professional 4"" Studio Monitor Speaker Pair| 60W Class D Amplification,Woven Composite Woofer,1"" Silk-Dome Tweeter,EQ Controls|Music/Monitor Mode, Aux, HDMI, USB C, TRS, RCA",SELLABLE,7,0,0,0,0,0,0,0,0,0,0,0,7,0,HYD3
05/17/2026,X00298C9U3,B0DXFPM4N2,FBA79482,"Audio Array AM-S1 BT v5.3 |Professional 4"" Studio Monitor Speaker Pair| 60W Class D Amplification,Woven Composite Woofer,1"" Silk-Dome Tweeter,EQ Controls|Music/Monitor Mode, Aux, HDMI, USB C, TRS, RCA",SELLABLE,6,0,0,0,0,0,0,0,0,0,0,0,6,0,LKO1
05/17/2026,X00298C9U3,B0DXFPM4N2,FBA79482,"Audio Array AM-S1 BT v5.3 |Professional 4"" Studio Monitor Speaker Pair| 60W Class D Amplification,Woven Composite Woofer,1"" Silk-Dome Tweeter,EQ Controls|Music/Monitor Mode, Aux, HDMI, USB C, TRS, RCA",SELLABLE,18,0,0,0,0,0,0,0,0,0,0,1,19,0,MAA4
05/17/2026,X00298C9U3,B0DXFPM4N2,FBA79482,"Audio Array AM-S1 BT v5.3 |Professional 4"" Studio Monitor Speaker Pair| 60W Class D Amplification,Woven Composite Woofer,1"" Silk-Dome Tweeter,EQ Controls|Music/Monitor Mode, Aux, HDMI, USB C, TRS, RCA",SELLABLE,3,0,0,0,0,0,0,0,0,0,0,0,3,0,PNQ3
05/17/2026,X0029OH43T,B0F2HYY7JF,FBA79722,"Audio Array AM-W21 Dual Wireless Lapel Mic | TFT Card Recording, Noise Cancellation & Echo | Android, iOS, DSLR Camera, Laptops | 360° Pickup, Plug n Play, 60M Working Range, 48-Hour Battery Life",SELLABLE,1,0,0,0,0,0,0,0,0,0,0,0,1,0,BLR7
05/17/2026,X0029OH43T,B0F2HYY7JF,FBA79722,"Audio Array AM-W21 Dual Wireless Lapel Mic | TFT Card Recording, Noise Cancellation & Echo | Android, iOS, DSLR Camera, Laptops | 360° Pickup, Plug n Play, 60M Working Range, 48-Hour Battery Life",SELLABLE,6,0,0,0,0,0,0,0,0,0,0,0,6,0,DEL5
05/17/2026,X0029OH43T,B0F2HYY7JF,FBA79722,"Audio Array AM-W21 Dual Wireless Lapel Mic | TFT Card Recording, Noise Cancellation & Echo | Android, iOS, DSLR Camera, Laptops | 360° Pickup, Plug n Play, 60M Working Range, 48-Hour Battery Life",SELLABLE,1,0,0,0,0,0,0,0,0,0,0,0,1,0,HYD3
05/17/2026,X002C95MQ7,B0FF9R3GKK,FBA79783,"Audio Array AM-C47 RGB USB Condenser Mic Kit | AI Noise Cancellation, 192kHz/24Bit Studio Quality, Touch Control, Headphone Monitoring | Podcasting, YouTube, Gaming & Streaming | Mac/PC & Mobile",SELLABLE,7,0,0,0,0,0,0,0,0,0,0,0,7,0,BLR7
05/17/2026,X002C95MQ7,B0FF9R3GKK,FBA79783,"Audio Array AM-C47 RGB USB Condenser Mic Kit | AI Noise Cancellation, 192kHz/24Bit Studio Quality, Touch Control, Headphone Monitoring | Podcasting, YouTube, Gaming & Streaming | Mac/PC & Mobile",SELLABLE,1,0,0,0,0,0,0,0,0,0,0,0,1,0,BLR8
05/17/2026,X002C95MQ7,B0FF9R3GKK,FBA79783,"Audio Array AM-C47 RGB USB Condenser Mic Kit | AI Noise Cancellation, 192kHz/24Bit Studio Quality, Touch Control, Headphone Monitoring | Podcasting, YouTube, Gaming & Streaming | Mac/PC & Mobile",SELLABLE,8,0,0,0,0,0,0,0,0,0,0,0,8,0,BOM7
05/17/2026,X002C95MQ7,B0FF9R3GKK,FBA79783,"Audio Array AM-C47 RGB USB Condenser Mic Kit | AI Noise Cancellation, 192kHz/24Bit Studio Quality, Touch Control, Headphone Monitoring | Podcasting, YouTube, Gaming & Streaming | Mac/PC & Mobile",SELLABLE,1,0,0,0,0,0,0,0,0,0,0,0,1,0,CCX1
05/17/2026,X002C95MQ7,B0FF9R3GKK,FBA79783,"Audio Array AM-C47 RGB USB Condenser Mic Kit | AI Noise Cancellation, 192kHz/24Bit Studio Quality, Touch Control, Headphone Monitoring | Podcasting, YouTube, Gaming & Streaming | Mac/PC & Mobile",SELLABLE,4,0,0,0,0,0,0,0,0,0,0,0,4,0,DEL5
05/17/2026,X002C95MQ7,B0FF9R3GKK,FBA79783,"Audio Array AM-C47 RGB USB Condenser Mic Kit | AI Noise Cancellation, 192kHz/24Bit Studio Quality, Touch Control, Headphone Monitoring | Podcasting, YouTube, Gaming & Streaming | Mac/PC & Mobile",SELLABLE,1,0,0,0,0,0,0,0,0,0,0,0,1,0,HYD3
05/17/2026,X002C95MQ7,B0FF9R3GKK,FBA79783,"Audio Array AM-C47 RGB USB Condenser Mic Kit | AI Noise Cancellation, 192kHz/24Bit Studio Quality, Touch Control, Headphone Monitoring | Podcasting, YouTube, Gaming & Streaming | Mac/PC & Mobile",SELLABLE,1,0,0,0,0,0,0,0,0,0,0,0,1,0,MAA4
05/17/2026,X002C95MQ7,B0FF9R3GKK,FBA79783,"Audio Array AM-C47 RGB USB Condenser Mic Kit | AI Noise Cancellation, 192kHz/24Bit Studio Quality, Touch Control, Headphone Monitoring | Podcasting, YouTube, Gaming & Streaming | Mac/PC & Mobile",SELLABLE,1,0,0,0,0,0,0,0,0,0,0,0,1,0,PNQ3
05/17/2026,X002C9GTWD,B0FFB6YJM1,FBA79708,"Audio Array SB-01 | Bluetooth Soundbar 25W, Gaming RGB Lights, AUX, Bluetooth, USB, FM & TWS I Fast Charge Battery, Multiport Connectivity, BT Speaker for TV, Mobile, PC, Laptops, Tablets Black",SELLABLE,6,0,0,0,0,0,0,0,0,0,0,0,6,0,AMD2
05/17/2026,X002C9GTWD,B0FFB6YJM1,FBA79708,"Audio Array SB-01 | Bluetooth Soundbar 25W, Gaming RGB Lights, AUX, Bluetooth, USB, FM & TWS I Fast Charge Battery, Multiport Connectivity, BT Speaker for TV, Mobile, PC, Laptops, Tablets Black",SELLABLE,1,0,0,0,0,0,0,0,0,0,0,0,1,0,BLR8
05/17/2026,X002C9GTWD,B0FFB6YJM1,FBA79708,"Audio Array SB-01 | Bluetooth Soundbar 25W, Gaming RGB Lights, AUX, Bluetooth, USB, FM & TWS I Fast Charge Battery, Multiport Connectivity, BT Speaker for TV, Mobile, PC, Laptops, Tablets Black",SELLABLE,1,0,0,0,0,0,0,0,0,0,0,0,1,0,BOM5
05/17/2026,X002C9GTWD,B0FFB6YJM1,FBA79708,"Audio Array SB-01 | Bluetooth Soundbar 25W, Gaming RGB Lights, AUX, Bluetooth, USB, FM & TWS I Fast Charge Battery, Multiport Connectivity, BT Speaker for TV, Mobile, PC, Laptops, Tablets Black",SELLABLE,4,0,0,0,0,0,0,0,0,0,0,0,4,0,BOM7
05/17/2026,X002C9GTWD,B0FFB6YJM1,FBA79708,"Audio Array SB-01 | Bluetooth Soundbar 25W, Gaming RGB Lights, AUX, Bluetooth, USB, FM & TWS I Fast Charge Battery, Multiport Connectivity, BT Speaker for TV, Mobile, PC, Laptops, Tablets Black",SELLABLE,2,0,0,0,0,0,0,0,0,0,0,0,2,0,CCX1
05/17/2026,X002C9GTWD,B0FFB6YJM1,FBA79708,"Audio Array SB-01 | Bluetooth Soundbar 25W, Gaming RGB Lights, AUX, Bluetooth, USB, FM & TWS I Fast Charge Battery, Multiport Connectivity, BT Speaker for TV, Mobile, PC, Laptops, Tablets Black",SELLABLE,12,0,0,-1,0,0,0,0,0,0,0,0,11,0,DEL5
05/17/2026,X002C9GTWD,B0FFB6YJM1,FBA79708,"Audio Array SB-01 | Bluetooth Soundbar 25W, Gaming RGB Lights, AUX, Bluetooth, USB, FM & TWS I Fast Charge Battery, Multiport Connectivity, BT Speaker for TV, Mobile, PC, Laptops, Tablets Black",SELLABLE,7,0,0,0,0,0,0,0,0,0,0,0,7,0,HYD3
05/17/2026,X002C9GTWD,B0FFB6YJM1,FBA79708,"Audio Array SB-01 | Bluetooth Soundbar 25W, Gaming RGB Lights, AUX, Bluetooth, USB, FM & TWS I Fast Charge Battery, Multiport Connectivity, BT Speaker for TV, Mobile, PC, Laptops, Tablets Black",SELLABLE,5,0,0,0,0,0,0,0,0,0,0,0,5,0,MAA4
05/17/2026,X002C9GTWD,B0FFB6YJM1,FBA79708,"Audio Array SB-01 | Bluetooth Soundbar 25W, Gaming RGB Lights, AUX, Bluetooth, USB, FM & TWS I Fast Charge Battery, Multiport Connectivity, BT Speaker for TV, Mobile, PC, Laptops, Tablets Black",SELLABLE,1,0,0,0,0,0,0,0,0,0,0,0,1,0,PNQ3
05/17/2026,X002CXW6CV,B0FJ2J6MTF,FBA79822,"Audio Array Portable Karaoke Bundle | Dual Wireless UHF Microphones with Rechargeable Battery Receiver & USB Plug n Play BT Soundcard Mixer | Ideal for Parties, Home Karaoke & Live Singing - KB-01",SELLABLE,2,0,0,0,0,0,0,0,0,0,0,0,2,0,BLR8
05/17/2026,X002CXW6CV,B0FJ2J6MTF,FBA79822,"Audio Array Portable Karaoke Bundle | Dual Wireless UHF Microphones with Rechargeable Battery Receiver & USB Plug n Play BT Soundcard Mixer | Ideal for Parties, Home Karaoke & Live Singing - KB-01",SELLABLE,4,0,0,0,0,0,0,0,0,0,0,0,4,0,BOM5
05/17/2026,X002CXW6CV,B0FJ2J6MTF,FBA79822,"Audio Array Portable Karaoke Bundle | Dual Wireless UHF Microphones with Rechargeable Battery Receiver & USB Plug n Play BT Soundcard Mixer | Ideal for Parties, Home Karaoke & Live Singing - KB-01",SELLABLE,3,0,0,0,0,0,0,0,0,0,0,0,3,0,DEL4
05/17/2026,X002CXW6CV,B0FJ2J6MTF,FBA79822,"Audio Array Portable Karaoke Bundle | Dual Wireless UHF Microphones with Rechargeable Battery Receiver & USB Plug n Play BT Soundcard Mixer | Ideal for Parties, Home Karaoke & Live Singing - KB-01",SELLABLE,1,0,0,0,0,0,0,0,0,0,0,0,1,0,HYD3
05/17/2026,X002CXW6CV,B0FJ2J6MTF,FBA79822,"Audio Array Portable Karaoke Bundle | Dual Wireless UHF Microphones with Rechargeable Battery Receiver & USB Plug n Play BT Soundcard Mixer | Ideal for Parties, Home Karaoke & Live Singing - KB-01",SELLABLE,4,0,0,0,0,0,0,0,0,0,0,0,4,0,MAA4
05/17/2026,X002CXW6CV,B0FJ2J6MTF,FBA79822,"Audio Array Portable Karaoke Bundle | Dual Wireless UHF Microphones with Rechargeable Battery Receiver & USB Plug n Play BT Soundcard Mixer | Ideal for Parties, Home Karaoke & Live Singing - KB-01",SELLABLE,1,0,0,0,0,0,0,0,0,0,0,0,1,0,PNQ3
05/17/2026,X002CXXS8R,B0FJ2JJZL3,FBA79821,"Audio Array Professional Studio Bundle with 24-Bit/192kHz Audio Interface, 4"" Studio Monitors, Condenser Mic & Stands | for Music Production, Podcasting, Dubbing, Recording & Audio Mixing - UB-01",SELLABLE,1,0,0,0,0,0,0,0,0,0,0,0,1,0,BOM5
05/17/2026,X002CXXS8R,B0FJ2JJZL3,FBA79821,"Audio Array Professional Studio Bundle with 24-Bit/192kHz Audio Interface, 4"" Studio Monitors, Condenser Mic & Stands | for Music Production, Podcasting, Dubbing, Recording & Audio Mixing - UB-01",SELLABLE,3,0,0,0,0,0,0,0,0,0,0,0,3,0,HYD3
05/17/2026,X002CXXW5V,B0FJ2LQT7K,FBA79826,"Audio Array Complete Podcast Bundle | USB/XLR Dynamic Mic with Audio Interface 24bit/192kHz & Boom Arm Stand | Professional Streaming & Recording Kit for PC, Mac & Mobile Devices - PB-02",SELLABLE,4,0,0,0,0,0,0,0,0,0,0,0,4,0,BLR7
05/17/2026,X002CXXW5V,B0FJ2LQT7K,FBA79826,"Audio Array Complete Podcast Bundle | USB/XLR Dynamic Mic with Audio Interface 24bit/192kHz & Boom Arm Stand | Professional Streaming & Recording Kit for PC, Mac & Mobile Devices - PB-02",SELLABLE,3,0,0,0,0,0,0,0,0,0,0,0,3,0,BOM7
05/17/2026,X002CXXW5V,B0FJ2LQT7K,FBA79826,"Audio Array Complete Podcast Bundle | USB/XLR Dynamic Mic with Audio Interface 24bit/192kHz & Boom Arm Stand | Professional Streaming & Recording Kit for PC, Mac & Mobile Devices - PB-02",SELLABLE,4,0,0,0,0,-3,0,0,0,0,0,0,1,0,DEL4
05/17/2026,X002CXXW5V,B0FJ2LQT7K,FBA79826,"Audio Array Complete Podcast Bundle | USB/XLR Dynamic Mic with Audio Interface 24bit/192kHz & Boom Arm Stand | Professional Streaming & Recording Kit for PC, Mac & Mobile Devices - PB-02",SELLABLE,1,0,0,0,0,0,0,0,0,0,0,0,1,0,MAA4
05/17/2026,X002CXZBZ5,B0FJ2DT13L,FBA79825,"Audio Array All in 1 Pro Bundle | Condenser Mic with USB Bluetooth Soundcard Mixer | Complete Setup for Streaming, Podcasting, Gaming, Singing & Home Studio Recording - GB-02",CUSTOMER_DAMAGED,1,0,0,0,0,0,0,0,0,0,0,0,1,0,MAA4
05/17/2026,X002CXZBZ5,B0FJ2DT13L,FBA79825,"Audio Array All in 1 Pro Bundle | Condenser Mic with USB Bluetooth Soundcard Mixer | Complete Setup for Streaming, Podcasting, Gaming, Singing & Home Studio Recording - GB-02",SELLABLE,1,0,0,0,0,0,0,0,0,0,0,0,1,0,BOM5
05/17/2026,X002CXZBZ5,B0FJ2DT13L,FBA79825,"Audio Array All in 1 Pro Bundle | Condenser Mic with USB Bluetooth Soundcard Mixer | Complete Setup for Streaming, Podcasting, Gaming, Singing & Home Studio Recording - GB-02",SELLABLE,4,0,0,0,0,0,0,0,0,0,0,0,4,0,HYD8
05/17/2026,X002CXZK5L,B0FJ2K95XT,FBA79824,"Audio Array Ultimate Gaming Bundle | Condenser Mic with Boom Arm & Sound Card | Streaming Kit for PC/Mobile with 14 FX, Voice Modes, Loopback, Real Time Monitoring |for YouTube & Live Stream - GB-01",SELLABLE,1,0,0,0,0,0,0,0,0,0,0,0,1,0,BLR8
05/17/2026,X002CXZK5L,B0FJ2K95XT,FBA79824,"Audio Array Ultimate Gaming Bundle | Condenser Mic with Boom Arm & Sound Card | Streaming Kit for PC/Mobile with 14 FX, Voice Modes, Loopback, Real Time Monitoring |for YouTube & Live Stream - GB-01",SELLABLE,1,0,0,0,0,0,0,0,0,0,0,0,1,0,CCX1
05/17/2026,X002CXZK5L,B0FJ2K95XT,FBA79824,"Audio Array Ultimate Gaming Bundle | Condenser Mic with Boom Arm & Sound Card | Streaming Kit for PC/Mobile with 14 FX, Voice Modes, Loopback, Real Time Monitoring |for YouTube & Live Stream - GB-01",SELLABLE,1,0,0,0,0,0,0,0,0,0,0,0,1,0,HYD8
05/17/2026,X002CXZK5L,B0FJ2K95XT,FBA79824,"Audio Array Ultimate Gaming Bundle | Condenser Mic with Boom Arm & Sound Card | Streaming Kit for PC/Mobile with 14 FX, Voice Modes, Loopback, Real Time Monitoring |for YouTube & Live Stream - GB-01",SELLABLE,2,0,0,0,0,0,0,0,0,0,0,0,2,0,MAA4
05/17/2026,X002CXZK5L,B0FJ2K95XT,FBA79824,"Audio Array Ultimate Gaming Bundle | Condenser Mic with Boom Arm & Sound Card | Streaming Kit for PC/Mobile with 14 FX, Voice Modes, Loopback, Real Time Monitoring |for YouTube & Live Stream - GB-01",SELLABLE,3,0,0,0,0,0,0,0,0,0,0,0,3,0,PNQ3
05/17/2026,X002CZVYE5,B0FJ8TSQK1,FBA79830,"Audio Array Singing Bundle | Condenser Mic with Boom Arm & Sound Card V8 | Voice Effects, Reverb, Bluetooth | Ideal for Podcasting, Karaoke, Live Streaming, YouTube & Singing - GB-03",CUSTOMER_DAMAGED,1,0,0,0,0,0,0,0,0,0,0,0,1,0,AMD2
05/17/2026,X002CZVYE5,B0FJ8TSQK1,FBA79830,"Audio Array Singing Bundle | Condenser Mic with Boom Arm & Sound Card V8 | Voice Effects, Reverb, Bluetooth | Ideal for Podcasting, Karaoke, Live Streaming, YouTube & Singing - GB-03",SELLABLE,1,0,0,0,0,0,0,0,0,0,0,0,1,0,DEL4
05/17/2026,X002CZVYE5,B0FJ8TSQK1,FBA79830,"Audio Array Singing Bundle | Condenser Mic with Boom Arm & Sound Card V8 | Voice Effects, Reverb, Bluetooth | Ideal for Podcasting, Karaoke, Live Streaming, YouTube & Singing - GB-03",SELLABLE,1,0,0,0,0,0,0,0,0,0,0,0,1,0,MAA4
05/17/2026,X002CZVYE5,B0FJ8TSQK1,FBA79830,"Audio Array Singing Bundle | Condenser Mic with Boom Arm & Sound Card V8 | Voice Effects, Reverb, Bluetooth | Ideal for Podcasting, Karaoke, Live Streaming, YouTube & Singing - GB-03",SELLABLE,2,0,0,0,0,0,0,0,0,0,0,0,2,0,PNQ3
05/17/2026,X002CZXPSN,B0FJ8S5XJ8,FBA79827,"Audio Array Complete Podcast Bundle | Dual USB/XLR Dynamic Microphones with Audio Interface 24bit / 192kHz|Metal Body|Pro Streaming & Recording Kit for PC, Mac & Mobile - PB-03",SELLABLE,1,0,0,0,0,0,0,0,0,0,0,0,1,0,BLR8
05/17/2026,X002CZXPSN,B0FJ8S5XJ8,FBA79827,"Audio Array Complete Podcast Bundle | Dual USB/XLR Dynamic Microphones with Audio Interface 24bit / 192kHz|Metal Body|Pro Streaming & Recording Kit for PC, Mac & Mobile - PB-03",SELLABLE,1,0,0,0,0,0,0,0,0,0,0,0,1,0,CCX1
05/17/2026,X002CZXPSN,B0FJ8S5XJ8,FBA79827,"Audio Array Complete Podcast Bundle | Dual USB/XLR Dynamic Microphones with Audio Interface 24bit / 192kHz|Metal Body|Pro Streaming & Recording Kit for PC, Mac & Mobile - PB-03",SELLABLE,4,0,0,0,0,0,0,0,0,0,0,0,4,0,DEL5
05/17/2026,X002CZXPSN,B0FJ8S5XJ8,FBA79827,"Audio Array Complete Podcast Bundle | Dual USB/XLR Dynamic Microphones with Audio Interface 24bit / 192kHz|Metal Body|Pro Streaming & Recording Kit for PC, Mac & Mobile - PB-03",SELLABLE,4,0,0,0,0,0,0,0,0,0,0,0,4,0,HYD8
05/17/2026,X002CZXPSN,B0FJ8S5XJ8,FBA79827,"Audio Array Complete Podcast Bundle | Dual USB/XLR Dynamic Microphones with Audio Interface 24bit / 192kHz|Metal Body|Pro Streaming & Recording Kit for PC, Mac & Mobile - PB-03",SELLABLE,2,0,0,0,0,0,0,0,0,0,0,0,2,0,PNQ3
05/17/2026,X002CZY055,B0FJ8TWCQZ,FBA79835,"Audio Array Pro Podcast Bundle | USB/XLR Dynamic Microphone with 24-Bit/192kHz Audio Interface & Boom Arm | Real-Time Monitoring, Plug & Play for Streaming, Recording & Content Creation - PB-06",SELLABLE,1,0,0,0,0,0,0,0,0,0,0,0,1,0,BLR8
05/17/2026,X002CZY055,B0FJ8TWCQZ,FBA79835,"Audio Array Pro Podcast Bundle | USB/XLR Dynamic Microphone with 24-Bit/192kHz Audio Interface & Boom Arm | Real-Time Monitoring, Plug & Play for Streaming, Recording & Content Creation - PB-06",SELLABLE,2,0,0,0,0,0,0,0,0,0,0,0,2,0,BOM5
05/17/2026,X002CZY055,B0FJ8TWCQZ,FBA79835,"Audio Array Pro Podcast Bundle | USB/XLR Dynamic Microphone with 24-Bit/192kHz Audio Interface & Boom Arm | Real-Time Monitoring, Plug & Play for Streaming, Recording & Content Creation - PB-06",SELLABLE,1,0,0,0,0,0,0,0,0,0,0,0,1,0,CCX1
05/17/2026,X002CZY055,B0FJ8TWCQZ,FBA79835,"Audio Array Pro Podcast Bundle | USB/XLR Dynamic Microphone with 24-Bit/192kHz Audio Interface & Boom Arm | Real-Time Monitoring, Plug & Play for Streaming, Recording & Content Creation - PB-06",SELLABLE,1,0,0,0,0,0,0,0,0,0,0,0,1,0,DEL5
05/17/2026,X002CZY055,B0FJ8TWCQZ,FBA79835,"Audio Array Pro Podcast Bundle | USB/XLR Dynamic Microphone with 24-Bit/192kHz Audio Interface & Boom Arm | Real-Time Monitoring, Plug & Play for Streaming, Recording & Content Creation - PB-06",SELLABLE,3,0,0,0,0,0,0,0,0,0,0,0,3,0,HYD3
05/17/2026,X002CZY055,B0FJ8TWCQZ,FBA79835,"Audio Array Pro Podcast Bundle | USB/XLR Dynamic Microphone with 24-Bit/192kHz Audio Interface & Boom Arm | Real-Time Monitoring, Plug & Play for Streaming, Recording & Content Creation - PB-06",SELLABLE,2,0,0,0,0,0,0,0,0,0,0,0,2,0,MAA4
05/17/2026,X002CZYSNT,B0FJ8PZ9H7,FBA79833,"Audio Array Pro Podcasting Bundle | Audio Interface with 48V Phantom Power & Dual USB/XLR Touch-Control Mics | 192kHz/24bit, Mute, Monitor, Volume Control | Recording, Streaming & Podcasting - PB-04",SELLABLE,2,0,0,0,0,0,0,0,0,0,0,0,2,0,AMD2
05/17/2026,X002CZYSNT,B0FJ8PZ9H7,FBA79833,"Audio Array Pro Podcasting Bundle | Audio Interface with 48V Phantom Power & Dual USB/XLR Touch-Control Mics | 192kHz/24bit, Mute, Monitor, Volume Control | Recording, Streaming & Podcasting - PB-04",SELLABLE,3,0,0,0,0,0,0,0,0,0,0,0,3,0,BLR8
05/17/2026,X002CZYSNT,B0FJ8PZ9H7,FBA79833,"Audio Array Pro Podcasting Bundle | Audio Interface with 48V Phantom Power & Dual USB/XLR Touch-Control Mics | 192kHz/24bit, Mute, Monitor, Volume Control | Recording, Streaming & Podcasting - PB-04",SELLABLE,3,0,0,0,0,0,0,0,0,0,0,0,3,0,BOM5
05/17/2026,X002CZYSNT,B0FJ8PZ9H7,FBA79833,"Audio Array Pro Podcasting Bundle | Audio Interface with 48V Phantom Power & Dual USB/XLR Touch-Control Mics | 192kHz/24bit, Mute, Monitor, Volume Control | Recording, Streaming & Podcasting - PB-04",SELLABLE,1,0,0,0,0,0,0,0,0,0,0,0,1,0,CCX1
05/17/2026,X002CZYSNT,B0FJ8PZ9H7,FBA79833,"Audio Array Pro Podcasting Bundle | Audio Interface with 48V Phantom Power & Dual USB/XLR Touch-Control Mics | 192kHz/24bit, Mute, Monitor, Volume Control | Recording, Streaming & Podcasting - PB-04",SELLABLE,3,0,0,0,0,0,0,0,0,0,0,0,3,0,CJB1
05/17/2026,X002CZYSNT,B0FJ8PZ9H7,FBA79833,"Audio Array Pro Podcasting Bundle | Audio Interface with 48V Phantom Power & Dual USB/XLR Touch-Control Mics | 192kHz/24bit, Mute, Monitor, Volume Control | Recording, Streaming & Podcasting - PB-04",SELLABLE,2,0,0,0,0,0,0,0,0,0,0,0,2,0,DEL4
05/17/2026,X002CZYSNT,B0FJ8PZ9H7,FBA79833,"Audio Array Pro Podcasting Bundle | Audio Interface with 48V Phantom Power & Dual USB/XLR Touch-Control Mics | 192kHz/24bit, Mute, Monitor, Volume Control | Recording, Streaming & Podcasting - PB-04",SELLABLE,3,0,0,0,0,0,0,0,0,0,0,0,3,0,HYD3
05/17/2026,X002CZYSNT,B0FJ8PZ9H7,FBA79833,"Audio Array Pro Podcasting Bundle | Audio Interface with 48V Phantom Power & Dual USB/XLR Touch-Control Mics | 192kHz/24bit, Mute, Monitor, Volume Control | Recording, Streaming & Podcasting - PB-04",SELLABLE,2,0,0,0,0,0,0,0,0,0,0,0,2,0,LKO1
05/17/2026,X002CZYSNT,B0FJ8PZ9H7,FBA79833,"Audio Array Pro Podcasting Bundle | Audio Interface with 48V Phantom Power & Dual USB/XLR Touch-Control Mics | 192kHz/24bit, Mute, Monitor, Volume Control | Recording, Streaming & Podcasting - PB-04",SELLABLE,2,0,0,0,0,0,0,0,0,0,0,0,2,0,MAA4
05/17/2026,X002CZYVOF,B0FJ8W5Y9Q,FBA79831,"Audio Array RGB Gaming Bundle|RGB USB Dynamic Microphone with Sound Card – Mute, Volume Control, Monitoring, Noise Cancellation, Voice Effects|for Streaming, Podcasting, Gaming, Singing - GB-04",SELLABLE,1,0,0,0,0,0,0,0,0,0,0,0,1,0,BOM5
05/17/2026,X002CZYVOF,B0FJ8W5Y9Q,FBA79831,"Audio Array RGB Gaming Bundle|RGB USB Dynamic Microphone with Sound Card – Mute, Volume Control, Monitoring, Noise Cancellation, Voice Effects|for Streaming, Podcasting, Gaming, Singing - GB-04",SELLABLE,2,0,0,0,0,0,0,0,0,0,0,0,2,0,CCX1
05/17/2026,X002CZYVOF,B0FJ8W5Y9Q,FBA79831,"Audio Array RGB Gaming Bundle|RGB USB Dynamic Microphone with Sound Card – Mute, Volume Control, Monitoring, Noise Cancellation, Voice Effects|for Streaming, Podcasting, Gaming, Singing - GB-04",SELLABLE,2,0,0,0,0,0,0,0,0,0,0,0,2,0,DEL4
05/17/2026,X002CZYVOF,B0FJ8W5Y9Q,FBA79831,"Audio Array RGB Gaming Bundle|RGB USB Dynamic Microphone with Sound Card – Mute, Volume Control, Monitoring, Noise Cancellation, Voice Effects|for Streaming, Podcasting, Gaming, Singing - GB-04",SELLABLE,1,0,0,0,0,0,0,0,0,0,0,0,1,0,DEL5
05/17/2026,X002CZYVOF,B0FJ8W5Y9Q,FBA79831,"Audio Array RGB Gaming Bundle|RGB USB Dynamic Microphone with Sound Card – Mute, Volume Control, Monitoring, Noise Cancellation, Voice Effects|for Streaming, Podcasting, Gaming, Singing - GB-04",SELLABLE,3,0,0,0,0,0,0,0,0,0,0,0,3,0,HYD3
05/17/2026,X002CZYVOF,B0FJ8W5Y9Q,FBA79831,"Audio Array RGB Gaming Bundle|RGB USB Dynamic Microphone with Sound Card – Mute, Volume Control, Monitoring, Noise Cancellation, Voice Effects|for Streaming, Podcasting, Gaming, Singing - GB-04",SELLABLE,3,0,0,0,0,0,0,0,0,0,0,0,3,0,MAA4
05/17/2026,X002D00DGJ,B0FJ8S53GW,FBA79832,"Audio Array Streaming Bundle Kit | USB Condenser Mic & RGB Sound Card with Phantom Power, Voice Effects, Real-Time Monitoring | for Podcasting, Gaming, YouTube & Live Streaming - GB-05",SELLABLE,4,0,0,0,0,0,0,0,0,0,0,0,4,0,BOM7
05/17/2026,X002D00DGJ,B0FJ8S53GW,FBA79832,"Audio Array Streaming Bundle Kit | USB Condenser Mic & RGB Sound Card with Phantom Power, Voice Effects, Real-Time Monitoring | for Podcasting, Gaming, YouTube & Live Streaming - GB-05",SELLABLE,2,0,0,0,0,0,0,0,0,0,0,0,2,0,HYD3
05/17/2026,X002D00LX9,B0FJ8T4WXM,FBA79834,"Audio Array Podcast Kit | USB/XLR Dynamic Mic with Boom Arm & Audio Interface 24-Bit/192kHz | Metal Build | Plug & Play | No-Latency Monitoring for Streaming, Recording & Content Creation - PB-05",SELLABLE,1,0,0,0,0,0,0,0,0,0,0,0,1,0,BOM7
05/17/2026,X002D00LX9,B0FJ8T4WXM,FBA79834,"Audio Array Podcast Kit | USB/XLR Dynamic Mic with Boom Arm & Audio Interface 24-Bit/192kHz | Metal Build | Plug & Play | No-Latency Monitoring for Streaming, Recording & Content Creation - PB-05",SELLABLE,2,0,0,0,0,0,0,0,0,0,0,0,2,0,DEL4
05/17/2026,X002D00LX9,B0FJ8T4WXM,FBA79834,"Audio Array Podcast Kit | USB/XLR Dynamic Mic with Boom Arm & Audio Interface 24-Bit/192kHz | Metal Build | Plug & Play | No-Latency Monitoring for Streaming, Recording & Content Creation - PB-05",SELLABLE,1,0,0,0,0,0,0,0,0,0,0,0,1,0,HYD8
05/17/2026,X002D00LX9,B0FJ8T4WXM,FBA79834,"Audio Array Podcast Kit | USB/XLR Dynamic Mic with Boom Arm & Audio Interface 24-Bit/192kHz | Metal Build | Plug & Play | No-Latency Monitoring for Streaming, Recording & Content Creation - PB-05",SELLABLE,2,0,0,0,0,0,0,0,0,0,0,0,2,0,MAA4
05/17/2026,X002D00S7N,B0FJ8Z1W81,FBA79836,"Audio Array RGB Podcast Bundle | Dynamic RGB USB/XLR Mic with 24-Bit/192kHz Audio Interface & Boom Arm | AI Noise Cancelling, Plug & Play Kit for Streaming, Podcasting, Gaming & Recording - PB-07",SELLABLE,1,0,0,0,0,0,0,0,0,0,0,0,1,0,BLR8
05/17/2026,X002D00S7N,B0FJ8Z1W81,FBA79836,"Audio Array RGB Podcast Bundle | Dynamic RGB USB/XLR Mic with 24-Bit/192kHz Audio Interface & Boom Arm | AI Noise Cancelling, Plug & Play Kit for Streaming, Podcasting, Gaming & Recording - PB-07",SELLABLE,3,0,0,0,0,0,0,0,0,0,0,0,3,0,BOM5
05/17/2026,X002D00S7N,B0FJ8Z1W81,FBA79836,"Audio Array RGB Podcast Bundle | Dynamic RGB USB/XLR Mic with 24-Bit/192kHz Audio Interface & Boom Arm | AI Noise Cancelling, Plug & Play Kit for Streaming, Podcasting, Gaming & Recording - PB-07",SELLABLE,5,0,0,0,0,-3,0,0,0,0,0,0,2,0,DEL4
05/17/2026,X002D00S7N,B0FJ8Z1W81,FBA79836,"Audio Array RGB Podcast Bundle | Dynamic RGB USB/XLR Mic with 24-Bit/192kHz Audio Interface & Boom Arm | AI Noise Cancelling, Plug & Play Kit for Streaming, Podcasting, Gaming & Recording - PB-07",SELLABLE,3,0,0,0,0,0,0,0,0,0,0,0,3,0,HYD3
05/17/2026,X002D00S7N,B0FJ8Z1W81,FBA79836,"Audio Array RGB Podcast Bundle | Dynamic RGB USB/XLR Mic with 24-Bit/192kHz Audio Interface & Boom Arm | AI Noise Cancelling, Plug & Play Kit for Streaming, Podcasting, Gaming & Recording - PB-07",SELLABLE,3,0,0,0,0,0,0,0,0,0,0,0,3,0,MAA4
05/17/2026,X002DKE6ZX,B0FLYHJ6DK,FBK79009,"Audio Array AM-C41 Plug & Play AI Noise Cancellation USB Condenser Microphone | Mute Button/Echo/Volume Knob | Kit with Tripod, Mic Cover | Gaming, Streaming, Podcast | Mac/PC/Laptop/Mobile",SELLABLE,0,0,0,-1,0,0,0,1,0,0,0,0,0,0,BLR8
05/17/2026,X002DKE6ZX,B0FLYHJ6DK,FBK79009,"Audio Array AM-C41 Plug & Play AI Noise Cancellation USB Condenser Microphone | Mute Button/Echo/Volume Knob | Kit with Tripod, Mic Cover | Gaming, Streaming, Podcast | Mac/PC/Laptop/Mobile",SELLABLE,13,0,0,0,0,0,0,0,0,0,0,0,13,0,CCX1
05/17/2026,X002DKE6ZX,B0FLYHJ6DK,FBK79009,"Audio Array AM-C41 Plug & Play AI Noise Cancellation USB Condenser Microphone | Mute Button/Echo/Volume Knob | Kit with Tripod, Mic Cover | Gaming, Streaming, Podcast | Mac/PC/Laptop/Mobile",SELLABLE,2,0,0,0,0,0,0,0,0,0,0,0,2,0,MAA4
05/17/2026,X002DKK1PR,B0FLYJFC22,FBK79010,"Audio Array AM-C42 Plug & Play AI Noise Cancelling USB Condenser Microphone | Mute Button/Echo/Volume Knob | Kit with Boom Arm & Pop Filter | Karaoke, Gaming, Streaming, Podcast | Mac/PC/Mobile",CUSTOMER_DAMAGED,2,0,0,0,0,-2,0,0,0,0,0,0,0,0,CCX1
05/17/2026,X002DKK1PR,B0FLYJFC22,FBK79010,"Audio Array AM-C42 Plug & Play AI Noise Cancelling USB Condenser Microphone | Mute Button/Echo/Volume Knob | Kit with Boom Arm & Pop Filter | Karaoke, Gaming, Streaming, Podcast | Mac/PC/Mobile",SELLABLE,12,0,0,0,0,0,0,0,0,0,0,0,12,0,DEL4
05/17/2026,X002DKK1PR,B0FLYJFC22,FBK79010,"Audio Array AM-C42 Plug & Play AI Noise Cancelling USB Condenser Microphone | Mute Button/Echo/Volume Knob | Kit with Boom Arm & Pop Filter | Karaoke, Gaming, Streaming, Podcast | Mac/PC/Mobile",SELLABLE,3,0,0,0,0,0,0,0,0,0,0,0,3,0,MAA4
05/17/2026,X002DWZE0H,B0FJS57732,FBM79783,"Audio Array AM-C47 RGB USB Condenser Mic Kit | AI Noise Cancellation, 192kHz/24Bit Studio Quality, Touch Control, Headphone Monitoring | Podcasting, YouTube, Gaming & Streaming | Mac/PC & Mobile",SELLABLE,1,0,0,0,0,0,0,0,0,0,0,0,1,0,AMD2
05/17/2026,X002DWZE0H,B0FJS57732,FBM79783,"Audio Array AM-C47 RGB USB Condenser Mic Kit | AI Noise Cancellation, 192kHz/24Bit Studio Quality, Touch Control, Headphone Monitoring | Podcasting, YouTube, Gaming & Streaming | Mac/PC & Mobile",SELLABLE,9,0,0,0,0,0,0,0,0,0,0,0,9,0,BOM5
05/17/2026,X002DWZE0H,B0FJS57732,FBM79783,"Audio Array AM-C47 RGB USB Condenser Mic Kit | AI Noise Cancellation, 192kHz/24Bit Studio Quality, Touch Control, Headphone Monitoring | Podcasting, YouTube, Gaming & Streaming | Mac/PC & Mobile",SELLABLE,8,0,0,0,0,0,0,0,0,0,0,0,8,0,DEL4
05/17/2026,X002DWZE0H,B0FJS57732,FBM79783,"Audio Array AM-C47 RGB USB Condenser Mic Kit | AI Noise Cancellation, 192kHz/24Bit Studio Quality, Touch Control, Headphone Monitoring | Podcasting, YouTube, Gaming & Streaming | Mac/PC & Mobile",SELLABLE,8,0,0,0,0,0,0,0,0,0,0,0,8,0,HYD3
05/17/2026,X002DWZE0H,B0FJS57732,FBM79783,"Audio Array AM-C47 RGB USB Condenser Mic Kit | AI Noise Cancellation, 192kHz/24Bit Studio Quality, Touch Control, Headphone Monitoring | Podcasting, YouTube, Gaming & Streaming | Mac/PC & Mobile",SELLABLE,1,0,0,0,0,0,0,0,0,0,0,0,1,0,ISK3
05/17/2026,X002DWZE0H,B0FJS57732,FBM79783,"Audio Array AM-C47 RGB USB Condenser Mic Kit | AI Noise Cancellation, 192kHz/24Bit Studio Quality, Touch Control, Headphone Monitoring | Podcasting, YouTube, Gaming & Streaming | Mac/PC & Mobile",SELLABLE,2,0,0,0,0,0,0,0,0,0,0,0,2,0,MAA4
05/17/2026,X002E4UUS5,B0FN7B3KWS,FBA79845,"Audio Array Studio Monitor Bundle with 60W Powered Speakers & Adjustable Metal Stands | Bluetooth, HDMI ARC, USB-C, RCA Inputs | Professional Studio Monitors for Home Studio, Streaming & Gaming-UB-02",CARRIER_DAMAGED,1,0,0,0,0,0,0,0,0,0,0,0,1,0,BOM5
05/17/2026,X002E4UUS5,B0FN7B3KWS,FBA79845,"Audio Array Studio Monitor Bundle with 60W Powered Speakers & Adjustable Metal Stands | Bluetooth, HDMI ARC, USB-C, RCA Inputs | Professional Studio Monitors for Home Studio, Streaming & Gaming-UB-02",DISTRIBUTOR_DAMAGED,1,0,0,0,0,0,0,0,0,0,0,0,1,0,PNQ3
05/17/2026,X002E4UUS5,B0FN7B3KWS,FBA79845,"Audio Array Studio Monitor Bundle with 60W Powered Speakers & Adjustable Metal Stands | Bluetooth, HDMI ARC, USB-C, RCA Inputs | Professional Studio Monitors for Home Studio, Streaming & Gaming-UB-02",SELLABLE,1,0,0,0,0,0,0,0,0,0,0,0,1,0,AMD2
05/17/2026,X002E4UUS5,B0FN7B3KWS,FBA79845,"Audio Array Studio Monitor Bundle with 60W Powered Speakers & Adjustable Metal Stands | Bluetooth, HDMI ARC, USB-C, RCA Inputs | Professional Studio Monitors for Home Studio, Streaming & Gaming-UB-02",SELLABLE,3,0,0,0,0,0,0,0,0,0,0,0,3,0,CJB1
05/17/2026,X002E4W6G9,B0FN7C25VS,FBA79846,"Audio Array AM-C11X Pro XLR Podcast Mic Kit with Dynamic Microphone, 2m XLR Cable & Adjustable Boom Arm | Studio-Quality Sound, 20Hz–20kHz, All-Metal Build for Podcasting, Streaming & Recording",SELLABLE,5,0,0,0,0,0,0,0,0,0,0,0,5,0,BOM5
05/17/2026,X002E4W6G9,B0FN7C25VS,FBA79846,"Audio Array AM-C11X Pro XLR Podcast Mic Kit with Dynamic Microphone, 2m XLR Cable & Adjustable Boom Arm | Studio-Quality Sound, 20Hz–20kHz, All-Metal Build for Podcasting, Streaming & Recording",SELLABLE,5,0,0,0,0,0,0,0,0,0,0,0,5,0,DEL5
05/17/2026,X002E4W6G9,B0FN7C25VS,FBA79846,"Audio Array AM-C11X Pro XLR Podcast Mic Kit with Dynamic Microphone, 2m XLR Cable & Adjustable Boom Arm | Studio-Quality Sound, 20Hz–20kHz, All-Metal Build for Podcasting, Streaming & Recording",SELLABLE,4,0,0,0,0,0,0,0,0,0,0,0,4,0,HYD3
05/17/2026,X002E4W6G9,B0FN7C25VS,FBA79846,"Audio Array AM-C11X Pro XLR Podcast Mic Kit with Dynamic Microphone, 2m XLR Cable & Adjustable Boom Arm | Studio-Quality Sound, 20Hz–20kHz, All-Metal Build for Podcasting, Streaming & Recording",SELLABLE,4,0,0,0,0,0,0,0,0,0,0,0,4,0,MAA4
05/17/2026,X002E4Y6TT,B0FN7FYZM3,FBA79847,"Audio Array RGB Gaming Mic Bundle with USB/XLR Microphone, Boom Arm & Sound Card Mixer | Streaming Mic Kit with Voice Effects, AI Noise Cancel, RGB Lights for Podcasting, Gaming & Recording - PB-09",SELLABLE,3,0,0,0,0,0,0,0,0,0,0,0,3,0,BLR8
05/17/2026,X002E4Y6TT,B0FN7FYZM3,FBA79847,"Audio Array RGB Gaming Mic Bundle with USB/XLR Microphone, Boom Arm & Sound Card Mixer | Streaming Mic Kit with Voice Effects, AI Noise Cancel, RGB Lights for Podcasting, Gaming & Recording - PB-09",SELLABLE,3,0,0,0,0,0,0,0,0,0,0,0,3,0,BOM5
05/17/2026,X002E4Y6TT,B0FN7FYZM3,FBA79847,"Audio Array RGB Gaming Mic Bundle with USB/XLR Microphone, Boom Arm & Sound Card Mixer | Streaming Mic Kit with Voice Effects, AI Noise Cancel, RGB Lights for Podcasting, Gaming & Recording - PB-09",SELLABLE,2,0,0,0,0,0,0,0,0,0,0,0,2,0,HYD3
05/17/2026,X002E4Y6TT,B0FN7FYZM3,FBA79847,"Audio Array RGB Gaming Mic Bundle with USB/XLR Microphone, Boom Arm & Sound Card Mixer | Streaming Mic Kit with Voice Effects, AI Noise Cancel, RGB Lights for Podcasting, Gaming & Recording - PB-09",SELLABLE,2,0,0,0,0,0,0,0,0,0,0,0,2,0,MAA4
05/17/2026,X002E96TAX,B0FPR962YS,FBA79816,"Audio Array AM-W22 | Latest 2026 Edition Wireless Microphone for Camera/iPhone/Android/iPad/Laptop, Lav Mic with Charging Case, AI Noise Reduction, 50H Battery, 230ft Range, for Recording, YouTube",SELLABLE,2,0,0,0,0,0,0,0,0,0,0,0,2,0,AMD2
05/17/2026,X002E96TAX,B0FPR962YS,FBA79816,"Audio Array AM-W22 | Latest 2026 Edition Wireless Microphone for Camera/iPhone/Android/iPad/Laptop, Lav Mic with Charging Case, AI Noise Reduction, 50H Battery, 230ft Range, for Recording, YouTube",SELLABLE,1,0,0,0,0,0,0,0,0,0,0,0,1,0,BOM5
05/17/2026,X002E96TAX,B0FPR962YS,FBA79816,"Audio Array AM-W22 | Latest 2026 Edition Wireless Microphone for Camera/iPhone/Android/iPad/Laptop, Lav Mic with Charging Case, AI Noise Reduction, 50H Battery, 230ft Range, for Recording, YouTube",SELLABLE,2,0,0,0,0,0,0,0,0,0,0,0,2,0,BOM7
05/17/2026,X002E96TAX,B0FPR962YS,FBA79816,"Audio Array AM-W22 | Latest 2026 Edition Wireless Microphone for Camera/iPhone/Android/iPad/Laptop, Lav Mic with Charging Case, AI Noise Reduction, 50H Battery, 230ft Range, for Recording, YouTube",SELLABLE,3,0,0,0,0,0,0,0,0,0,0,0,3,0,CCX1
05/17/2026,X002E96TAX,B0FPR962YS,FBA79816,"Audio Array AM-W22 | Latest 2026 Edition Wireless Microphone for Camera/iPhone/Android/iPad/Laptop, Lav Mic with Charging Case, AI Noise Reduction, 50H Battery, 230ft Range, for Recording, YouTube",SELLABLE,1,0,0,0,0,0,0,0,0,0,0,0,1,0,DEL4
05/17/2026,X002E96TAX,B0FPR962YS,FBA79816,"Audio Array AM-W22 | Latest 2026 Edition Wireless Microphone for Camera/iPhone/Android/iPad/Laptop, Lav Mic with Charging Case, AI Noise Reduction, 50H Battery, 230ft Range, for Recording, YouTube",SELLABLE,21,0,0,0,0,0,0,0,0,0,0,0,21,0,DEL5
05/17/2026,X002E96TAX,B0FPR962YS,FBA79816,"Audio Array AM-W22 | Latest 2026 Edition Wireless Microphone for Camera/iPhone/Android/iPad/Laptop, Lav Mic with Charging Case, AI Noise Reduction, 50H Battery, 230ft Range, for Recording, YouTube",SELLABLE,19,0,0,0,0,0,0,0,0,0,0,0,19,0,HYD3
05/17/2026,X002E96TAX,B0FPR962YS,FBA79816,"Audio Array AM-W22 | Latest 2026 Edition Wireless Microphone for Camera/iPhone/Android/iPad/Laptop, Lav Mic with Charging Case, AI Noise Reduction, 50H Battery, 230ft Range, for Recording, YouTube",SELLABLE,2,0,0,0,0,0,0,0,0,0,0,0,2,0,MAA4
05/17/2026,X002E96TAX,B0FPR962YS,FBA79816,"Audio Array AM-W22 | Latest 2026 Edition Wireless Microphone for Camera/iPhone/Android/iPad/Laptop, Lav Mic with Charging Case, AI Noise Reduction, 50H Battery, 230ft Range, for Recording, YouTube",SELLABLE,1,0,0,0,0,0,0,0,0,0,0,0,1,0,PNQ3
05/17/2026,X002E998EH,B0FPR7VFCH,FBA79815,"Audio Array AM-W19 Wireless Lavalier Microphone|192kHz/24bit |AI Noise Cancellation for iPhone/Android, 32h Charging Case, Plug & Play for Vlogging, Streaming, Meetings, Video Recording",SELLABLE,10,0,0,0,0,0,0,0,0,0,0,0,10,0,BLR8
05/17/2026,X002E998EH,B0FPR7VFCH,FBA79815,"Audio Array AM-W19 Wireless Lavalier Microphone|192kHz/24bit |AI Noise Cancellation for iPhone/Android, 32h Charging Case, Plug & Play for Vlogging, Streaming, Meetings, Video Recording",SELLABLE,4,0,0,0,0,0,0,0,0,0,0,0,4,0,BOM5
05/17/2026,X002E998EH,B0FPR7VFCH,FBA79815,"Audio Array AM-W19 Wireless Lavalier Microphone|192kHz/24bit |AI Noise Cancellation for iPhone/Android, 32h Charging Case, Plug & Play for Vlogging, Streaming, Meetings, Video Recording",SELLABLE,1,0,0,0,0,0,0,0,0,0,0,0,1,0,BOM7
05/17/2026,X002E998EH,B0FPR7VFCH,FBA79815,"Audio Array AM-W19 Wireless Lavalier Microphone|192kHz/24bit |AI Noise Cancellation for iPhone/Android, 32h Charging Case, Plug & Play for Vlogging, Streaming, Meetings, Video Recording",SELLABLE,1,0,0,0,0,0,0,0,0,0,0,0,1,0,CCX1
05/17/2026,X002E998EH,B0FPR7VFCH,FBA79815,"Audio Array AM-W19 Wireless Lavalier Microphone|192kHz/24bit |AI Noise Cancellation for iPhone/Android, 32h Charging Case, Plug & Play for Vlogging, Streaming, Meetings, Video Recording",SELLABLE,1,0,0,0,0,0,0,0,0,0,0,0,1,0,CJB1
05/17/2026,X002E998EH,B0FPR7VFCH,FBA79815,"Audio Array AM-W19 Wireless Lavalier Microphone|192kHz/24bit |AI Noise Cancellation for iPhone/Android, 32h Charging Case, Plug & Play for Vlogging, Streaming, Meetings, Video Recording",SELLABLE,1,0,0,0,0,0,0,0,0,0,0,0,1,0,DEL5
05/17/2026,X002E998EH,B0FPR7VFCH,FBA79815,"Audio Array AM-W19 Wireless Lavalier Microphone|192kHz/24bit |AI Noise Cancellation for iPhone/Android, 32h Charging Case, Plug & Play for Vlogging, Streaming, Meetings, Video Recording",SELLABLE,1,0,0,0,0,0,0,0,0,0,0,0,1,0,MAA4
05/17/2026,X002EDSM95,B0FQBTRM28,FBA79841,"Audio Array AH-60-BL, 60Ω, Professional Monitoring Headphones | 53mm Drivers | 10Hz–30KHz | 105dB SPL | Closed-Back, DJ & Studio | 3m Cable with 3.5mm & 6.3mm Plugs (Blue)",SELLABLE,3,0,0,0,0,0,0,0,0,0,0,0,3,0,BLR8
05/17/2026,X002EDSM95,B0FQBTRM28,FBA79841,"Audio Array AH-60-BL, 60Ω, Professional Monitoring Headphones | 53mm Drivers | 10Hz–30KHz | 105dB SPL | Closed-Back, DJ & Studio | 3m Cable with 3.5mm & 6.3mm Plugs (Blue)",SELLABLE,12,0,0,0,0,0,0,0,0,0,0,0,12,0,BOM5
05/17/2026,X002EDSM95,B0FQBTRM28,FBA79841,"Audio Array AH-60-BL, 60Ω, Professional Monitoring Headphones | 53mm Drivers | 10Hz–30KHz | 105dB SPL | Closed-Back, DJ & Studio | 3m Cable with 3.5mm & 6.3mm Plugs (Blue)",SELLABLE,15,0,0,0,0,0,0,0,0,0,0,0,15,0,HYD3
05/17/2026,X002EDSM95,B0FQBTRM28,FBA79841,"Audio Array AH-60-BL, 60Ω, Professional Monitoring Headphones | 53mm Drivers | 10Hz–30KHz | 105dB SPL | Closed-Back, DJ & Studio | 3m Cable with 3.5mm & 6.3mm Plugs (Blue)",SELLABLE,1,0,0,0,0,0,0,0,0,0,0,0,1,0,HYD8
05/17/2026,X002EDSRBN,B0FQBWV1ST,FBA79840,"Audio Array AH-60-RD Semi-Open Back DJ Headphones | 50mm Drivers Delivers Dynamic Balanced Output | 15Hz–25kHz, 32Ω, 100dB SPL, 1200mW | 3m OFC Single-Sided Cable with Screw-On 3.5mm + 6.3mm Plug",CARRIER_DAMAGED,1,0,0,0,0,0,0,0,0,0,0,0,1,0,BOM5
05/17/2026,X002EDSRBN,B0FQBWV1ST,FBA79840,"Audio Array AH-60-RD Semi-Open Back DJ Headphones | 50mm Drivers Delivers Dynamic Balanced Output | 15Hz–25kHz, 32Ω, 100dB SPL, 1200mW | 3m OFC Single-Sided Cable with Screw-On 3.5mm + 6.3mm Plug",SELLABLE,12,0,0,0,0,-11,0,0,0,0,0,0,1,0,BLR8
05/17/2026,X002EDSRBN,B0FQBWV1ST,FBA79840,"Audio Array AH-60-RD Semi-Open Back DJ Headphones | 50mm Drivers Delivers Dynamic Balanced Output | 15Hz–25kHz, 32Ω, 100dB SPL, 1200mW | 3m OFC Single-Sided Cable with Screw-On 3.5mm + 6.3mm Plug",SELLABLE,13,0,0,0,0,0,0,0,0,0,0,0,13,0,BOM5
05/17/2026,X002EDSRBN,B0FQBWV1ST,FBA79840,"Audio Array AH-60-RD Semi-Open Back DJ Headphones | 50mm Drivers Delivers Dynamic Balanced Output | 15Hz–25kHz, 32Ω, 100dB SPL, 1200mW | 3m OFC Single-Sided Cable with Screw-On 3.5mm + 6.3mm Plug",SELLABLE,6,0,0,0,0,0,0,0,0,0,0,0,6,0,DEL5
05/17/2026,X002EDSRBN,B0FQBWV1ST,FBA79840,"Audio Array AH-60-RD Semi-Open Back DJ Headphones | 50mm Drivers Delivers Dynamic Balanced Output | 15Hz–25kHz, 32Ω, 100dB SPL, 1200mW | 3m OFC Single-Sided Cable with Screw-On 3.5mm + 6.3mm Plug",SELLABLE,17,0,0,0,0,0,0,0,0,0,0,0,17,0,HYD3
05/17/2026,X002EDSRBN,B0FQBWV1ST,FBA79840,"Audio Array AH-60-RD Semi-Open Back DJ Headphones | 50mm Drivers Delivers Dynamic Balanced Output | 15Hz–25kHz, 32Ω, 100dB SPL, 1200mW | 3m OFC Single-Sided Cable with Screw-On 3.5mm + 6.3mm Plug",SELLABLE,1,0,0,0,0,0,0,0,0,0,0,0,1,0,HYD8
05/17/2026,X002EDSRBN,B0FQBWV1ST,FBA79840,"Audio Array AH-60-RD Semi-Open Back DJ Headphones | 50mm Drivers Delivers Dynamic Balanced Output | 15Hz–25kHz, 32Ω, 100dB SPL, 1200mW | 3m OFC Single-Sided Cable with Screw-On 3.5mm + 6.3mm Plug",SELLABLE,18,0,0,0,0,0,0,0,0,0,0,0,18,0,LKO1
05/17/2026,X002EDT4SX,B0FQBX8J17,FBA79838,"Audio Array AH-40-SL Wired Over-Ear Headphones | 40mm Drivers, 15-22KHz, 32Ω, 105dB SPL Sound, Studio Monitoring, Gaming, Live Music Headset with 3.5mm + 6.3mm Plug Compatibility",SELLABLE,13,0,0,0,0,0,0,0,0,0,0,0,13,0,BOM5
05/17/2026,X002EDV1Q1,B0FQBXS6Y2,FBA79839,"Audio Array AH-45-BK Studio Monitoring & Live Recording Headphones | 20-20KHz, 32 Ω, 100dB SPL | 40mm Depp Bass Closed-Back Driver | 3m OFC Cable | 3.5mm + 6.3mm Adapter (Black)",SELLABLE,13,0,0,0,0,0,0,0,0,0,0,0,13,0,BLR8
05/17/2026,X002EDV1Q1,B0FQBXS6Y2,FBA79839,"Audio Array AH-45-BK Studio Monitoring & Live Recording Headphones | 20-20KHz, 32 Ω, 100dB SPL | 40mm Depp Bass Closed-Back Driver | 3m OFC Cable | 3.5mm + 6.3mm Adapter (Black)",SELLABLE,2,0,0,0,0,0,0,0,0,0,0,0,2,0,BOM5
05/17/2026,X002EDV1Q1,B0FQBXS6Y2,FBA79839,"Audio Array AH-45-BK Studio Monitoring & Live Recording Headphones | 20-20KHz, 32 Ω, 100dB SPL | 40mm Depp Bass Closed-Back Driver | 3m OFC Cable | 3.5mm + 6.3mm Adapter (Black)",SELLABLE,7,0,0,0,0,0,0,0,0,0,0,0,7,0,BOM7
05/17/2026,X002EDV1Q1,B0FQBXS6Y2,FBA79839,"Audio Array AH-45-BK Studio Monitoring & Live Recording Headphones | 20-20KHz, 32 Ω, 100dB SPL | 40mm Depp Bass Closed-Back Driver | 3m OFC Cable | 3.5mm + 6.3mm Adapter (Black)",SELLABLE,1,0,0,0,0,0,0,0,0,0,0,0,1,0,CCX1
05/17/2026,X002EDV1Q1,B0FQBXS6Y2,FBA79839,"Audio Array AH-45-BK Studio Monitoring & Live Recording Headphones | 20-20KHz, 32 Ω, 100dB SPL | 40mm Depp Bass Closed-Back Driver | 3m OFC Cable | 3.5mm + 6.3mm Adapter (Black)",SELLABLE,2,0,0,-1,0,0,0,0,0,0,0,0,1,0,CJB1
05/17/2026,X002EDV1Q1,B0FQBXS6Y2,FBA79839,"Audio Array AH-45-BK Studio Monitoring & Live Recording Headphones | 20-20KHz, 32 Ω, 100dB SPL | 40mm Depp Bass Closed-Back Driver | 3m OFC Cable | 3.5mm + 6.3mm Adapter (Black)",SELLABLE,2,0,0,0,0,0,0,0,0,0,0,0,2,0,DEL4
05/17/2026,X002EDV1Q1,B0FQBXS6Y2,FBA79839,"Audio Array AH-45-BK Studio Monitoring & Live Recording Headphones | 20-20KHz, 32 Ω, 100dB SPL | 40mm Depp Bass Closed-Back Driver | 3m OFC Cable | 3.5mm + 6.3mm Adapter (Black)",SELLABLE,5,0,-1,0,0,0,0,0,0,0,0,0,4,0,DEL5
05/17/2026,X002EDV1Q1,B0FQBXS6Y2,FBA79839,"Audio Array AH-45-BK Studio Monitoring & Live Recording Headphones | 20-20KHz, 32 Ω, 100dB SPL | 40mm Depp Bass Closed-Back Driver | 3m OFC Cable | 3.5mm + 6.3mm Adapter (Black)",SELLABLE,2,0,0,0,0,0,0,0,0,0,0,0,2,0,HYD3
05/17/2026,X002EDV1Q1,B0FQBXS6Y2,FBA79839,"Audio Array AH-45-BK Studio Monitoring & Live Recording Headphones | 20-20KHz, 32 Ω, 100dB SPL | 40mm Depp Bass Closed-Back Driver | 3m OFC Cable | 3.5mm + 6.3mm Adapter (Black)",SELLABLE,11,0,0,0,0,0,0,0,0,0,0,0,11,0,LKO1
05/17/2026,X002EDV1Q1,B0FQBXS6Y2,FBA79839,"Audio Array AH-45-BK Studio Monitoring & Live Recording Headphones | 20-20KHz, 32 Ω, 100dB SPL | 40mm Depp Bass Closed-Back Driver | 3m OFC Cable | 3.5mm + 6.3mm Adapter (Black)",SELLABLE,6,0,0,0,0,0,0,0,0,0,0,0,6,0,MAA4
05/17/2026,X002EDV1Q1,B0FQBXS6Y2,FBA79839,"Audio Array AH-45-BK Studio Monitoring & Live Recording Headphones | 20-20KHz, 32 Ω, 100dB SPL | 40mm Depp Bass Closed-Back Driver | 3m OFC Cable | 3.5mm + 6.3mm Adapter (Black)",SELLABLE,6,0,0,0,0,0,0,0,0,0,0,0,6,0,PNQ3
05/17/2026,X002EFKH05,B0FQJWWDVK,FBA79820,"Audio Array AC-3XL Mic Cable 6.35mm Jack Male to XLR 3PIN Female Cord Wire | Microphone/Guitar Cable | Black, 1pc Pack (3 Meter/10 Feet)",SELLABLE,4,0,0,0,0,0,0,0,0,0,0,0,4,0,AMD2
05/17/2026,X002EL3DW3,B0FR5DLXH9,FBA79903,"Audio Array AA-25 Metal Handheld Microphone Interview Adapter with Wind Shield for Wireless Lapel Microphones | Supports, Rode Go, DJI, Hollyland mics etc | Foam Cover with Built-in Cold Shoe Mount",SELLABLE,4,0,0,0,0,0,0,0,0,0,0,0,4,0,AMD2
05/17/2026,X002EL3DW3,B0FR5DLXH9,FBA79903,"Audio Array AA-25 Metal Handheld Microphone Interview Adapter with Wind Shield for Wireless Lapel Microphones | Supports, Rode Go, DJI, Hollyland mics etc | Foam Cover with Built-in Cold Shoe Mount",SELLABLE,2,0,0,0,0,0,0,0,0,0,0,0,2,0,BOM5
05/17/2026,X002EL3DW3,B0FR5DLXH9,FBA79903,"Audio Array AA-25 Metal Handheld Microphone Interview Adapter with Wind Shield for Wireless Lapel Microphones | Supports, Rode Go, DJI, Hollyland mics etc | Foam Cover with Built-in Cold Shoe Mount",SELLABLE,6,0,0,0,0,0,0,0,0,0,0,0,6,0,HYD3
05/17/2026,X002EL3DW3,B0FR5DLXH9,FBA79903,"Audio Array AA-25 Metal Handheld Microphone Interview Adapter with Wind Shield for Wireless Lapel Microphones | Supports, Rode Go, DJI, Hollyland mics etc | Foam Cover with Built-in Cold Shoe Mount",SELLABLE,2,6,0,0,0,0,0,0,0,0,0,0,2,0,MAA4
05/17/2026,X002ELRHOX,B0FJS7JZ4V,FBK79708,"Audio Array SB-01 25W | 2.0 Sound Bar Speaker | BT v5.3 AUX, USB, TF Card, TWS Connectivity | Inbuilt FM Radio | Build in Mics | Dynamic LED Lights",SELLABLE,10,0,0,0,0,0,0,0,0,0,0,0,10,0,BLR7
05/17/2026,X002ELRHOX,B0FJS7JZ4V,FBK79708,"Audio Array SB-01 25W | 2.0 Sound Bar Speaker | BT v5.3 AUX, USB, TF Card, TWS Connectivity | Inbuilt FM Radio | Build in Mics | Dynamic LED Lights",SELLABLE,6,0,0,0,0,0,0,0,0,0,0,0,6,0,BLR8
05/17/2026,X002ELRHOX,B0FJS7JZ4V,FBK79708,"Audio Array SB-01 25W | 2.0 Sound Bar Speaker | BT v5.3 AUX, USB, TF Card, TWS Connectivity | Inbuilt FM Radio | Build in Mics | Dynamic LED Lights",SELLABLE,12,0,0,0,0,0,0,0,0,0,0,0,12,0,BOM5
05/17/2026,X002ELRHOX,B0FJS7JZ4V,FBK79708,"Audio Array SB-01 25W | 2.0 Sound Bar Speaker | BT v5.3 AUX, USB, TF Card, TWS Connectivity | Inbuilt FM Radio | Build in Mics | Dynamic LED Lights",SELLABLE,12,0,0,0,0,0,0,0,0,0,0,0,12,0,DEL4
05/17/2026,X002ELRHOX,B0FJS7JZ4V,FBK79708,"Audio Array SB-01 25W | 2.0 Sound Bar Speaker | BT v5.3 AUX, USB, TF Card, TWS Connectivity | Inbuilt FM Radio | Build in Mics | Dynamic LED Lights",SELLABLE,2,0,0,0,0,0,0,0,0,0,0,0,2,0,DEL5
05/17/2026,X002ELRHOX,B0FJS7JZ4V,FBK79708,"Audio Array SB-01 25W | 2.0 Sound Bar Speaker | BT v5.3 AUX, USB, TF Card, TWS Connectivity | Inbuilt FM Radio | Build in Mics | Dynamic LED Lights",SELLABLE,12,0,0,0,0,0,0,0,0,0,0,0,12,0,HYD8
05/17/2026,X002ELRHOX,B0FJS7JZ4V,FBK79708,"Audio Array SB-01 25W | 2.0 Sound Bar Speaker | BT v5.3 AUX, USB, TF Card, TWS Connectivity | Inbuilt FM Radio | Build in Mics | Dynamic LED Lights",SELLABLE,5,0,0,0,0,0,0,0,0,0,0,0,5,0,MAA4
05/17/2026,X002ELRHOX,B0FJS7JZ4V,FBK79708,"Audio Array SB-01 25W | 2.0 Sound Bar Speaker | BT v5.3 AUX, USB, TF Card, TWS Connectivity | Inbuilt FM Radio | Build in Mics | Dynamic LED Lights",WAREHOUSE_DAMAGED,1,0,0,0,0,0,0,0,0,0,0,0,1,0,MAA4
05/17/2026,X002F4WTVP,B0FTVVLNS9,FBA79906,"Audio Array Professional Dynamic Bundle with Headphones & Audio Interface - USB/XLR Dynamic Microphone, 24-bit/192kHz Interface, Boom Arm & Semi-Open Headphones | Plug & Play Podcast Kit - PB-12",SELLABLE,2,0,0,0,0,0,0,0,0,0,0,0,2,0,BOM5
05/17/2026,X002F4WTVP,B0FTVVLNS9,FBA79906,"Audio Array Professional Dynamic Bundle with Headphones & Audio Interface - USB/XLR Dynamic Microphone, 24-bit/192kHz Interface, Boom Arm & Semi-Open Headphones | Plug & Play Podcast Kit - PB-12",SELLABLE,2,0,0,0,0,0,0,0,0,0,0,0,2,0,DEL4
05/17/2026,X002F51TU1,B0FTVQQVDC,FBA79904,"Audio Array Professional Studio Recording Bundle – XLR Condenser Mic Kit, 2x2 USB Audio Interface, Closed-Back Headphone, Boom Arm, Pop Filter & 48V Phantom Power| 24-bit/192kHz Podcast Kit - PB-10",SELLABLE,3,0,0,0,0,0,0,0,0,0,0,0,3,0,AMD2
05/17/2026,X002F51TU1,B0FTVQQVDC,FBA79904,"Audio Array Professional Studio Recording Bundle – XLR Condenser Mic Kit, 2x2 USB Audio Interface, Closed-Back Headphone, Boom Arm, Pop Filter & 48V Phantom Power| 24-bit/192kHz Podcast Kit - PB-10",SELLABLE,3,0,0,0,0,0,0,0,0,0,0,0,3,0,BOM5
05/17/2026,X002F51TU1,B0FTVQQVDC,FBA79904,"Audio Array Professional Studio Recording Bundle – XLR Condenser Mic Kit, 2x2 USB Audio Interface, Closed-Back Headphone, Boom Arm, Pop Filter & 48V Phantom Power| 24-bit/192kHz Podcast Kit - PB-10",SELLABLE,1,0,0,0,0,0,0,0,0,0,0,0,1,0,CJB1
05/17/2026,X002F51TU1,B0FTVQQVDC,FBA79904,"Audio Array Professional Studio Recording Bundle – XLR Condenser Mic Kit, 2x2 USB Audio Interface, Closed-Back Headphone, Boom Arm, Pop Filter & 48V Phantom Power| 24-bit/192kHz Podcast Kit - PB-10",SELLABLE,3,0,0,0,0,0,0,0,0,0,0,0,3,0,HYD3
05/17/2026,X002F51TU1,B0FTVQQVDC,FBA79904,"Audio Array Professional Studio Recording Bundle – XLR Condenser Mic Kit, 2x2 USB Audio Interface, Closed-Back Headphone, Boom Arm, Pop Filter & 48V Phantom Power| 24-bit/192kHz Podcast Kit - PB-10",SELLABLE,9,0,0,0,0,0,0,0,0,0,0,0,9,0,PNQ3
05/17/2026,X002F55RRH,B0FTVSH458,FBA79905,"Audio Array Professional Dynamic Studio Bundle with Headphones – USB/XLR Dynamic Microphone, Boom Arm, Monitoring Headphones | 24-bit/192kHz, Plug & Play, No-Latency Recording, Monitoring - PB-11",SELLABLE,3,0,0,0,0,0,0,0,0,0,0,0,3,0,DEL4
05/17/2026,X002F9I0KT,B0FVM17Q4W,FBA79909,"Audio Array AM-W20 Magnetic Wireless Lapel Microphone Set | One Touch Smart Noise Reduction | 48KHz/24Bit Hi-fi Recording | 50M Range | 800mAh 48Hrs Long Battery Backup | Vlogging, Podcast, Streaming",CUSTOMER_DAMAGED,1,0,0,0,0,-1,0,0,0,0,0,0,0,0,CCX1
05/17/2026,X002F9I0KT,B0FVM17Q4W,FBA79909,"Audio Array AM-W20 Magnetic Wireless Lapel Microphone Set | One Touch Smart Noise Reduction | 48KHz/24Bit Hi-fi Recording | 50M Range | 800mAh 48Hrs Long Battery Backup | Vlogging, Podcast, Streaming",SELLABLE,16,0,0,0,0,0,0,0,0,0,0,0,16,0,MAA4
05/17/2026,X002FSN1LN,B0FG88HVQ8,FBA79813,"Audio Array AH-50 Professional DJ Headphone | 50mm Drivers | 32Ω | 20Hz-20kHz | Dual Detachable Cables With Mic & Controls | Buddy Share Technology | 105 dB SPL | One Ear Listening | Monitoring,Mixing",DEFECTIVE,1,0,0,0,0,0,0,0,0,0,0,0,1,0,BOM7
05/17/2026,X002FSN1LN,B0FG88HVQ8,FBA79813,"Audio Array AH-50 Professional DJ Headphone | 50mm Drivers | 32Ω | 20Hz-20kHz | Dual Detachable Cables With Mic & Controls | Buddy Share Technology | 105 dB SPL | One Ear Listening | Monitoring,Mixing",SELLABLE,28,0,0,0,0,0,0,0,0,0,0,0,28,0,BLR7
05/17/2026,X002FSN1LN,B0FG88HVQ8,FBA79813,"Audio Array AH-50 Professional DJ Headphone | 50mm Drivers | 32Ω | 20Hz-20kHz | Dual Detachable Cables With Mic & Controls | Buddy Share Technology | 105 dB SPL | One Ear Listening | Monitoring,Mixing",SELLABLE,9,0,0,0,0,0,0,0,0,0,0,0,9,0,BLR8
05/17/2026,X002FSN1LN,B0FG88HVQ8,FBA79813,"Audio Array AH-50 Professional DJ Headphone | 50mm Drivers | 32Ω | 20Hz-20kHz | Dual Detachable Cables With Mic & Controls | Buddy Share Technology | 105 dB SPL | One Ear Listening | Monitoring,Mixing",SELLABLE,101,0,0,0,0,0,0,0,0,0,0,0,101,0,BOM5
05/17/2026,X002FSN1LN,B0FG88HVQ8,FBA79813,"Audio Array AH-50 Professional DJ Headphone | 50mm Drivers | 32Ω | 20Hz-20kHz | Dual Detachable Cables With Mic & Controls | Buddy Share Technology | 105 dB SPL | One Ear Listening | Monitoring,Mixing",SELLABLE,12,0,0,0,0,0,0,0,0,0,0,0,12,0,BOM7
05/17/2026,X002FSN1LN,B0FG88HVQ8,FBA79813,"Audio Array AH-50 Professional DJ Headphone | 50mm Drivers | 32Ω | 20Hz-20kHz | Dual Detachable Cables With Mic & Controls | Buddy Share Technology | 105 dB SPL | One Ear Listening | Monitoring,Mixing",SELLABLE,5,0,0,0,0,0,0,0,0,0,0,0,5,0,CCX1
05/17/2026,X002FSN1LN,B0FG88HVQ8,FBA79813,"Audio Array AH-50 Professional DJ Headphone | 50mm Drivers | 32Ω | 20Hz-20kHz | Dual Detachable Cables With Mic & Controls | Buddy Share Technology | 105 dB SPL | One Ear Listening | Monitoring,Mixing",SELLABLE,11,0,0,0,0,0,0,0,0,0,0,0,11,0,CJB1
05/17/2026,X002FSN1LN,B0FG88HVQ8,FBA79813,"Audio Array AH-50 Professional DJ Headphone | 50mm Drivers | 32Ω | 20Hz-20kHz | Dual Detachable Cables With Mic & Controls | Buddy Share Technology | 105 dB SPL | One Ear Listening | Monitoring,Mixing",SELLABLE,6,0,0,0,0,0,0,0,0,0,0,0,6,0,DEL4
05/17/2026,X002FSN1LN,B0FG88HVQ8,FBA79813,"Audio Array AH-50 Professional DJ Headphone | 50mm Drivers | 32Ω | 20Hz-20kHz | Dual Detachable Cables With Mic & Controls | Buddy Share Technology | 105 dB SPL | One Ear Listening | Monitoring,Mixing",SELLABLE,4,0,0,0,0,0,0,0,0,0,0,0,4,0,DEL5
05/17/2026,X002FSN1LN,B0FG88HVQ8,FBA79813,"Audio Array AH-50 Professional DJ Headphone | 50mm Drivers | 32Ω | 20Hz-20kHz | Dual Detachable Cables With Mic & Controls | Buddy Share Technology | 105 dB SPL | One Ear Listening | Monitoring,Mixing",SELLABLE,4,0,0,0,0,0,0,0,0,0,0,0,4,0,HYD3
05/17/2026,X002FSN1LN,B0FG88HVQ8,FBA79813,"Audio Array AH-50 Professional DJ Headphone | 50mm Drivers | 32Ω | 20Hz-20kHz | Dual Detachable Cables With Mic & Controls | Buddy Share Technology | 105 dB SPL | One Ear Listening | Monitoring,Mixing",SELLABLE,24,0,0,0,0,0,0,0,0,0,0,0,24,0,LKO1
05/17/2026,X002FSN1LN,B0FG88HVQ8,FBA79813,"Audio Array AH-50 Professional DJ Headphone | 50mm Drivers | 32Ω | 20Hz-20kHz | Dual Detachable Cables With Mic & Controls | Buddy Share Technology | 105 dB SPL | One Ear Listening | Monitoring,Mixing",SELLABLE,37,0,0,0,0,0,0,0,0,0,0,0,37,0,MAA4
05/17/2026,X002FSN1LN,B0FG88HVQ8,FBA79813,"Audio Array AH-50 Professional DJ Headphone | 50mm Drivers | 32Ω | 20Hz-20kHz | Dual Detachable Cables With Mic & Controls | Buddy Share Technology | 105 dB SPL | One Ear Listening | Monitoring,Mixing",SELLABLE,4,0,0,0,0,0,0,0,0,0,0,0,4,0,PNQ3
05/17/2026,X002G97ZZ9,B0G2C2RCXN,FBA79967,"Audio Array Wireless Lavalier Mic with AI Noise Cancellation for iPhone/Android, 32h Charging case and Plug-and-Play Setup for vlogging, Streaming, Meetings, and Video Recording",CUSTOMER_DAMAGED,1,0,0,0,0,0,0,0,0,0,0,0,1,0,BLR8
05/17/2026,X002G97ZZ9,B0G2C2RCXN,FBA79967,"Audio Array Wireless Lavalier Mic with AI Noise Cancellation for iPhone/Android, 32h Charging case and Plug-and-Play Setup for vlogging, Streaming, Meetings, and Video Recording",SELLABLE,9,0,0,-1,0,0,0,0,0,0,0,0,8,0,BLR8
05/17/2026,X002G97ZZ9,B0G2C2RCXN,FBA79967,"Audio Array Wireless Lavalier Mic with AI Noise Cancellation for iPhone/Android, 32h Charging case and Plug-and-Play Setup for vlogging, Streaming, Meetings, and Video Recording",SELLABLE,10,0,0,0,0,0,0,0,0,0,0,0,10,0,DEL5
05/17/2026,X002G97ZZ9,B0G2C2RCXN,FBA79967,"Audio Array Wireless Lavalier Mic with AI Noise Cancellation for iPhone/Android, 32h Charging case and Plug-and-Play Setup for vlogging, Streaming, Meetings, and Video Recording",SELLABLE,7,0,0,0,0,0,0,0,0,0,0,0,7,0,HYD3
05/17/2026,X002G97ZZ9,B0G2C2RCXN,FBA79967,"Audio Array Wireless Lavalier Mic with AI Noise Cancellation for iPhone/Android, 32h Charging case and Plug-and-Play Setup for vlogging, Streaming, Meetings, and Video Recording",SELLABLE,1,0,0,0,0,0,0,0,0,0,0,0,1,0,HYD8
05/17/2026,X002GFV5XL,B0G3B152FR,FBA79960,"Audio Array Wireless Voice Amplifier 2026 Edition | Bluetooth 5.3 |10W Speaker With Wireless Mic | For Teachers, Tour Guides |10 Hrs Battery Life |1 Click Monitoring | TWS Connectivity AM-W47 Wireless",SELLABLE,27,0,0,0,0,0,0,0,0,0,0,0,27,0,BLR7
05/17/2026,X002GFVGS5,B0G39ZHDYP,FBA79959,"Audio Array Wired Voice Amplifier 2026 Edition | Bluetooth 5.3 | Wired Headset Mic with 10W Speaker for Teachers, Tour Guides | 10Hrs Battery Life |1 Click Monitoring | TWS Connectivity AM-W47 Wired",SELLABLE,7,0,0,0,0,0,0,0,0,0,0,0,7,0,BLR8
05/17/2026,X002GFVGS5,B0G39ZHDYP,FBA79959,"Audio Array Wired Voice Amplifier 2026 Edition | Bluetooth 5.3 | Wired Headset Mic with 10W Speaker for Teachers, Tour Guides | 10Hrs Battery Life |1 Click Monitoring | TWS Connectivity AM-W47 Wired",SELLABLE,7,0,0,0,0,0,0,0,0,0,0,0,7,0,BOM5
05/17/2026,X002GFVGS5,B0G39ZHDYP,FBA79959,"Audio Array Wired Voice Amplifier 2026 Edition | Bluetooth 5.3 | Wired Headset Mic with 10W Speaker for Teachers, Tour Guides | 10Hrs Battery Life |1 Click Monitoring | TWS Connectivity AM-W47 Wired",SELLABLE,9,0,0,0,0,0,0,0,0,0,0,0,9,0,DEL4
05/17/2026,X002GFVGS5,B0G39ZHDYP,FBA79959,"Audio Array Wired Voice Amplifier 2026 Edition | Bluetooth 5.3 | Wired Headset Mic with 10W Speaker for Teachers, Tour Guides | 10Hrs Battery Life |1 Click Monitoring | TWS Connectivity AM-W47 Wired",SELLABLE,35,0,0,0,0,0,0,0,0,0,0,0,35,0,HYD8
05/17/2026,X002GFVGS5,B0G39ZHDYP,FBA79959,"Audio Array Wired Voice Amplifier 2026 Edition | Bluetooth 5.3 | Wired Headset Mic with 10W Speaker for Teachers, Tour Guides | 10Hrs Battery Life |1 Click Monitoring | TWS Connectivity AM-W47 Wired",SELLABLE,10,0,0,0,0,0,0,0,0,0,0,0,10,0,MAA4
05/17/2026,X002GFVW1V,B0G3B677Z5,FBA79969,"Audio Array Studio Monitor Bundle with 60W Powered Speakers & Adjustable Metal Stands | Bluetooth, HDMI ARC, USB-C, RCA Inputs | Professional Studio Monitors for Home Studio, Streaming & Gaming-UB-03",SELLABLE,1,0,0,0,0,0,0,0,0,0,0,0,1,0,AMD2
05/17/2026,X002GFVW1V,B0G3B677Z5,FBA79969,"Audio Array Studio Monitor Bundle with 60W Powered Speakers & Adjustable Metal Stands | Bluetooth, HDMI ARC, USB-C, RCA Inputs | Professional Studio Monitors for Home Studio, Streaming & Gaming-UB-03",SELLABLE,1,0,0,0,0,0,0,0,0,0,0,0,1,0,BLR8
05/17/2026,X002GFVW1V,B0G3B677Z5,FBA79969,"Audio Array Studio Monitor Bundle with 60W Powered Speakers & Adjustable Metal Stands | Bluetooth, HDMI ARC, USB-C, RCA Inputs | Professional Studio Monitors for Home Studio, Streaming & Gaming-UB-03",SELLABLE,1,0,0,0,0,0,0,0,0,0,0,0,1,0,BOM5
05/17/2026,X002GFVW1V,B0G3B677Z5,FBA79969,"Audio Array Studio Monitor Bundle with 60W Powered Speakers & Adjustable Metal Stands | Bluetooth, HDMI ARC, USB-C, RCA Inputs | Professional Studio Monitors for Home Studio, Streaming & Gaming-UB-03",SELLABLE,1,0,0,0,0,0,0,0,0,0,0,0,1,0,HYD3
05/17/2026,X002GH8HRB,B0G3Q59X8C,FBA79958,"Audio Array AM-W24 2026 Edition Magnetic Wireless 5gm Mic with Slide Charging Case for iPhone/Android/iPad, AI Noise Reduction, 30H Battery, 200ft Range, Plug & Play for Recording, Vlogging, Streaming",SELLABLE,5,0,0,0,0,0,0,0,0,0,0,0,5,0,AMD2
05/17/2026,X002GH8HRB,B0G3Q59X8C,FBA79958,"Audio Array AM-W24 2026 Edition Magnetic Wireless 5gm Mic with Slide Charging Case for iPhone/Android/iPad, AI Noise Reduction, 30H Battery, 200ft Range, Plug & Play for Recording, Vlogging, Streaming",SELLABLE,9,0,0,0,0,0,0,0,0,0,0,0,9,0,BLR8
05/17/2026,X002GH8HRB,B0G3Q59X8C,FBA79958,"Audio Array AM-W24 2026 Edition Magnetic Wireless 5gm Mic with Slide Charging Case for iPhone/Android/iPad, AI Noise Reduction, 30H Battery, 200ft Range, Plug & Play for Recording, Vlogging, Streaming",SELLABLE,5,0,0,0,0,0,0,0,0,0,0,0,5,0,BOM5
05/17/2026,X002GH8HRB,B0G3Q59X8C,FBA79958,"Audio Array AM-W24 2026 Edition Magnetic Wireless 5gm Mic with Slide Charging Case for iPhone/Android/iPad, AI Noise Reduction, 30H Battery, 200ft Range, Plug & Play for Recording, Vlogging, Streaming",SELLABLE,12,0,0,0,0,0,0,0,0,0,0,0,12,0,BOM7
05/17/2026,X002GH8HRB,B0G3Q59X8C,FBA79958,"Audio Array AM-W24 2026 Edition Magnetic Wireless 5gm Mic with Slide Charging Case for iPhone/Android/iPad, AI Noise Reduction, 30H Battery, 200ft Range, Plug & Play for Recording, Vlogging, Streaming",SELLABLE,6,0,0,-1,0,0,0,0,0,0,0,0,5,0,CCX1
05/17/2026,X002GH8HRB,B0G3Q59X8C,FBA79958,"Audio Array AM-W24 2026 Edition Magnetic Wireless 5gm Mic with Slide Charging Case for iPhone/Android/iPad, AI Noise Reduction, 30H Battery, 200ft Range, Plug & Play for Recording, Vlogging, Streaming",SELLABLE,2,0,0,0,0,0,0,0,0,0,0,0,2,0,CJB1
05/17/2026,X002GH8HRB,B0G3Q59X8C,FBA79958,"Audio Array AM-W24 2026 Edition Magnetic Wireless 5gm Mic with Slide Charging Case for iPhone/Android/iPad, AI Noise Reduction, 30H Battery, 200ft Range, Plug & Play for Recording, Vlogging, Streaming",SELLABLE,5,0,0,0,1,0,0,0,0,0,0,0,6,0,DEL4
05/17/2026,X002GH8HRB,B0G3Q59X8C,FBA79958,"Audio Array AM-W24 2026 Edition Magnetic Wireless 5gm Mic with Slide Charging Case for iPhone/Android/iPad, AI Noise Reduction, 30H Battery, 200ft Range, Plug & Play for Recording, Vlogging, Streaming",SELLABLE,7,0,0,0,0,0,0,0,0,0,0,0,7,0,MAA4
05/17/2026,X002GH8HRB,B0G3Q59X8C,FBA79958,"Audio Array AM-W24 2026 Edition Magnetic Wireless 5gm Mic with Slide Charging Case for iPhone/Android/iPad, AI Noise Reduction, 30H Battery, 200ft Range, Plug & Play for Recording, Vlogging, Streaming",SELLABLE,7,0,0,0,0,0,0,0,0,0,0,0,7,0,PNQ3
05/17/2026,X002GHD4D3,B0G3Q517Y2,FBA79957,"Audio Array AM-W23 Magnetic Wieless Mic with Charging Pouch 2026 Edition 24Bit/ 48Khz, iPhone/Android/iPad/Laptop, AI Noise Reduction, 50H Battery, 230ft Range for Recording, Vlogging",SELLABLE,10,0,0,0,0,0,0,0,0,0,0,0,10,0,BLR8
05/17/2026,X002GHD4D3,B0G3Q517Y2,FBA79957,"Audio Array AM-W23 Magnetic Wieless Mic with Charging Pouch 2026 Edition 24Bit/ 48Khz, iPhone/Android/iPad/Laptop, AI Noise Reduction, 50H Battery, 230ft Range for Recording, Vlogging",SELLABLE,9,0,0,0,0,0,0,0,0,0,0,0,9,0,BOM5
05/17/2026,X002GHD4D3,B0G3Q517Y2,FBA79957,"Audio Array AM-W23 Magnetic Wieless Mic with Charging Pouch 2026 Edition 24Bit/ 48Khz, iPhone/Android/iPad/Laptop, AI Noise Reduction, 50H Battery, 230ft Range for Recording, Vlogging",SELLABLE,49,0,0,0,0,0,0,0,0,0,0,0,49,0,CCX1
05/17/2026,X002GHD4D3,B0G3Q517Y2,FBA79957,"Audio Array AM-W23 Magnetic Wieless Mic with Charging Pouch 2026 Edition 24Bit/ 48Khz, iPhone/Android/iPad/Laptop, AI Noise Reduction, 50H Battery, 230ft Range for Recording, Vlogging",SELLABLE,10,0,0,0,0,0,0,0,0,0,0,0,10,0,DEL4
05/17/2026,X002GHD4D3,B0G3Q517Y2,FBA79957,"Audio Array AM-W23 Magnetic Wieless Mic with Charging Pouch 2026 Edition 24Bit/ 48Khz, iPhone/Android/iPad/Laptop, AI Noise Reduction, 50H Battery, 230ft Range for Recording, Vlogging",SELLABLE,10,0,0,0,0,0,0,0,0,0,0,0,10,0,MAA4
05/17/2026,X002GM4N1Z,B0G4DNF8RZ,FBA79842,"Audio Array AM-C48 XLR/USB Professional Full RGB Dynamic Microphone Kit | AI Noise Cancellation | Touch & Knob Controls | Built-in Headphone Monitoring | Podcasting, Recording, Streaming, YouTube",CUSTOMER_DAMAGED,1,0,0,0,0,0,0,0,0,0,0,0,1,0,HYD8
05/17/2026,X002GM4N1Z,B0G4DNF8RZ,FBA79842,"Audio Array AM-C48 XLR/USB Professional Full RGB Dynamic Microphone Kit | AI Noise Cancellation | Touch & Knob Controls | Built-in Headphone Monitoring | Podcasting, Recording, Streaming, YouTube",SELLABLE,3,0,0,0,0,0,0,0,0,0,0,0,3,0,BLR7
05/17/2026,X002GM4N1Z,B0G4DNF8RZ,FBA79842,"Audio Array AM-C48 XLR/USB Professional Full RGB Dynamic Microphone Kit | AI Noise Cancellation | Touch & Knob Controls | Built-in Headphone Monitoring | Podcasting, Recording, Streaming, YouTube",SELLABLE,15,0,0,0,0,0,0,0,0,0,0,0,15,0,BOM5
05/17/2026,X002GM4N1Z,B0G4DNF8RZ,FBA79842,"Audio Array AM-C48 XLR/USB Professional Full RGB Dynamic Microphone Kit | AI Noise Cancellation | Touch & Knob Controls | Built-in Headphone Monitoring | Podcasting, Recording, Streaming, YouTube",SELLABLE,8,0,0,0,0,0,0,0,0,0,0,0,8,0,CCX1
05/17/2026,X002GM4N1Z,B0G4DNF8RZ,FBA79842,"Audio Array AM-C48 XLR/USB Professional Full RGB Dynamic Microphone Kit | AI Noise Cancellation | Touch & Knob Controls | Built-in Headphone Monitoring | Podcasting, Recording, Streaming, YouTube",SELLABLE,9,0,0,0,0,0,0,0,0,0,0,0,9,0,HYD8
05/17/2026,X002GM4N1Z,B0G4DNF8RZ,FBA79842,"Audio Array AM-C48 XLR/USB Professional Full RGB Dynamic Microphone Kit | AI Noise Cancellation | Touch & Knob Controls | Built-in Headphone Monitoring | Podcasting, Recording, Streaming, YouTube",SELLABLE,19,0,0,0,0,0,0,0,0,0,0,0,19,0,MAA4
05/17/2026,X002GRAUDP,B0G53PRM34,FBA79965,"Audio Array AM-Mix6 6-Channel Hybrid USB Audio Mixer with 6 Analog + 2 Digital Inputs, 48kHz/16-Bit, +50dB Mic Gain, PAD Switch, Dual AUX Sends,128 DSP FX, Balanced XLR Main Output, ≥102dB Max SPL",SELLABLE,3,0,0,0,0,0,0,0,0,0,0,0,3,0,AMD2
05/17/2026,X002GRAUDP,B0G53PRM34,FBA79965,"Audio Array AM-Mix6 6-Channel Hybrid USB Audio Mixer with 6 Analog + 2 Digital Inputs, 48kHz/16-Bit, +50dB Mic Gain, PAD Switch, Dual AUX Sends,128 DSP FX, Balanced XLR Main Output, ≥102dB Max SPL",SELLABLE,1,0,0,0,0,0,0,0,0,0,0,0,1,0,BLR8
05/17/2026,X002GRAUDP,B0G53PRM34,FBA79965,"Audio Array AM-Mix6 6-Channel Hybrid USB Audio Mixer with 6 Analog + 2 Digital Inputs, 48kHz/16-Bit, +50dB Mic Gain, PAD Switch, Dual AUX Sends,128 DSP FX, Balanced XLR Main Output, ≥102dB Max SPL",SELLABLE,2,0,0,0,0,0,0,0,0,0,0,0,2,0,BOM5
05/17/2026,X002GRAUDP,B0G53PRM34,FBA79965,"Audio Array AM-Mix6 6-Channel Hybrid USB Audio Mixer with 6 Analog + 2 Digital Inputs, 48kHz/16-Bit, +50dB Mic Gain, PAD Switch, Dual AUX Sends,128 DSP FX, Balanced XLR Main Output, ≥102dB Max SPL",SELLABLE,1,0,0,0,0,0,0,0,0,0,0,0,1,0,CCX1
05/17/2026,X002GRAUDP,B0G53PRM34,FBA79965,"Audio Array AM-Mix6 6-Channel Hybrid USB Audio Mixer with 6 Analog + 2 Digital Inputs, 48kHz/16-Bit, +50dB Mic Gain, PAD Switch, Dual AUX Sends,128 DSP FX, Balanced XLR Main Output, ≥102dB Max SPL",SELLABLE,2,0,0,0,0,0,0,0,0,0,0,0,2,0,CJB1
05/17/2026,X002GRAUDP,B0G53PRM34,FBA79965,"Audio Array AM-Mix6 6-Channel Hybrid USB Audio Mixer with 6 Analog + 2 Digital Inputs, 48kHz/16-Bit, +50dB Mic Gain, PAD Switch, Dual AUX Sends,128 DSP FX, Balanced XLR Main Output, ≥102dB Max SPL",SELLABLE,2,0,0,0,0,0,0,0,0,0,0,0,2,0,DEL5
05/17/2026,X002GRAUDP,B0G53PRM34,FBA79965,"Audio Array AM-Mix6 6-Channel Hybrid USB Audio Mixer with 6 Analog + 2 Digital Inputs, 48kHz/16-Bit, +50dB Mic Gain, PAD Switch, Dual AUX Sends,128 DSP FX, Balanced XLR Main Output, ≥102dB Max SPL",SELLABLE,5,0,0,0,0,0,0,0,0,0,0,0,5,0,HYD8
05/17/2026,X002GRAUDP,B0G53PRM34,FBA79965,"Audio Array AM-Mix6 6-Channel Hybrid USB Audio Mixer with 6 Analog + 2 Digital Inputs, 48kHz/16-Bit, +50dB Mic Gain, PAD Switch, Dual AUX Sends,128 DSP FX, Balanced XLR Main Output, ≥102dB Max SPL",SELLABLE,5,0,0,0,0,0,0,0,0,0,0,0,5,0,LKO1
05/17/2026,X002GRAUDP,B0G53PRM34,FBA79965,"Audio Array AM-Mix6 6-Channel Hybrid USB Audio Mixer with 6 Analog + 2 Digital Inputs, 48kHz/16-Bit, +50dB Mic Gain, PAD Switch, Dual AUX Sends,128 DSP FX, Balanced XLR Main Output, ≥102dB Max SPL",SELLABLE,2,0,0,0,0,0,0,0,0,0,0,0,2,0,MAA4
05/17/2026,X002GRB8JZ,B0G53KWRVW,FBA79966,"Audio Array AM-Mix10 10-Channel Hybrid USB Mixer with10 Analog+2 Digital Inputs, 48kHz/16-Bit DSP, Phantom Power, USB-C Powered, AUX Sends, Built-In FX, Balanced XLR Outputs for Live, Studio & Podcast",SELLABLE,1,0,0,0,0,0,0,0,0,0,0,0,1,0,AMD2
05/17/2026,X002GRB8JZ,B0G53KWRVW,FBA79966,"Audio Array AM-Mix10 10-Channel Hybrid USB Mixer with10 Analog+2 Digital Inputs, 48kHz/16-Bit DSP, Phantom Power, USB-C Powered, AUX Sends, Built-In FX, Balanced XLR Outputs for Live, Studio & Podcast",SELLABLE,1,0,0,0,0,0,0,0,0,0,0,0,1,0,BLR7
05/17/2026,X002GRB8JZ,B0G53KWRVW,FBA79966,"Audio Array AM-Mix10 10-Channel Hybrid USB Mixer with10 Analog+2 Digital Inputs, 48kHz/16-Bit DSP, Phantom Power, USB-C Powered, AUX Sends, Built-In FX, Balanced XLR Outputs for Live, Studio & Podcast",SELLABLE,7,0,0,0,0,0,0,0,0,0,0,0,7,0,BOM5
05/17/2026,X002GRB8JZ,B0G53KWRVW,FBA79966,"Audio Array AM-Mix10 10-Channel Hybrid USB Mixer with10 Analog+2 Digital Inputs, 48kHz/16-Bit DSP, Phantom Power, USB-C Powered, AUX Sends, Built-In FX, Balanced XLR Outputs for Live, Studio & Podcast",SELLABLE,4,0,0,0,0,0,0,0,0,0,0,0,4,0,CJB1
05/17/2026,X002GRB8JZ,B0G53KWRVW,FBA79966,"Audio Array AM-Mix10 10-Channel Hybrid USB Mixer with10 Analog+2 Digital Inputs, 48kHz/16-Bit DSP, Phantom Power, USB-C Powered, AUX Sends, Built-In FX, Balanced XLR Outputs for Live, Studio & Podcast",SELLABLE,5,0,0,0,0,0,0,0,0,0,0,0,5,0,DEL5
05/17/2026,X002GRB8JZ,B0G53KWRVW,FBA79966,"Audio Array AM-Mix10 10-Channel Hybrid USB Mixer with10 Analog+2 Digital Inputs, 48kHz/16-Bit DSP, Phantom Power, USB-C Powered, AUX Sends, Built-In FX, Balanced XLR Outputs for Live, Studio & Podcast",SELLABLE,3,0,0,0,0,0,0,0,0,0,0,0,3,0,HYD8
05/17/2026,X002GRB8JZ,B0G53KWRVW,FBA79966,"Audio Array AM-Mix10 10-Channel Hybrid USB Mixer with10 Analog+2 Digital Inputs, 48kHz/16-Bit DSP, Phantom Power, USB-C Powered, AUX Sends, Built-In FX, Balanced XLR Outputs for Live, Studio & Podcast",SELLABLE,0,0,0,0,1,0,0,0,0,0,0,0,1,0,MAA4
05/17/2026,X002GRB8JZ,B0G53KWRVW,FBA79966,"Audio Array AM-Mix10 10-Channel Hybrid USB Mixer with10 Analog+2 Digital Inputs, 48kHz/16-Bit DSP, Phantom Power, USB-C Powered, AUX Sends, Built-In FX, Balanced XLR Outputs for Live, Studio & Podcast",SELLABLE,1,0,0,0,0,0,0,0,0,0,0,0,1,0,PNQ3
05/17/2026,X002GRCY1B,B0G53CB72D,FBA79963,"Audio Array AM-Pro8 8-Channel Hybrid USB Mixer 8 Analog+2 Digital Inputs, 48kHz/16-Bit, Built-In Compressor, 6AUX Sends, Group Buses, Insert Points,+24dBu Balanced Outputs for Live, Studio & Broadcast",SELLABLE,1,0,0,0,0,0,0,0,0,0,0,0,1,0,DEL4
05/17/2026,X002GRCZOH,B0G53M9258,FBA79968,"Audio Array AI-14 8-Channel Hybrid USB Audio Mixer with 8 Analog + 2 Digital Inputs, 48kHz/16-Bit Processing, +50dB Gain, Combo XLR, Phantom Power, Hi-Z, 3-Band EQ, 99 DSP FX, Balanced XLR Output",SELLABLE,2,0,0,0,0,0,0,0,0,0,0,0,2,0,AMD2
05/17/2026,X002GRCZOH,B0G53M9258,FBA79968,"Audio Array AI-14 8-Channel Hybrid USB Audio Mixer with 8 Analog + 2 Digital Inputs, 48kHz/16-Bit Processing, +50dB Gain, Combo XLR, Phantom Power, Hi-Z, 3-Band EQ, 99 DSP FX, Balanced XLR Output",SELLABLE,10,0,0,0,0,0,0,0,0,0,0,0,10,0,BOM5
05/17/2026,X002GRCZOH,B0G53M9258,FBA79968,"Audio Array AI-14 8-Channel Hybrid USB Audio Mixer with 8 Analog + 2 Digital Inputs, 48kHz/16-Bit Processing, +50dB Gain, Combo XLR, Phantom Power, Hi-Z, 3-Band EQ, 99 DSP FX, Balanced XLR Output",SELLABLE,10,0,0,0,0,0,0,0,0,0,0,0,10,0,DEL4
05/17/2026,X002GRCZOH,B0G53M9258,FBA79968,"Audio Array AI-14 8-Channel Hybrid USB Audio Mixer with 8 Analog + 2 Digital Inputs, 48kHz/16-Bit Processing, +50dB Gain, Combo XLR, Phantom Power, Hi-Z, 3-Band EQ, 99 DSP FX, Balanced XLR Output",SELLABLE,8,0,0,0,0,0,0,0,0,0,0,0,8,0,HYD3
05/17/2026,X002GRD0C3,B0G53H49BS,FBA79961,"Audio Array AI-13 2026 Edition 4-Channel Hybrid USB Summing Mixer 4 Analog+2 Digital, 48kHz/16-Bit, 2XLR Mic Inputs,TRS Stereo In, 48V Phantom, Hi-Z,2 Band EQ,Monitoring,Amp Out, USB-C Power",SELLABLE,20,0,0,0,0,0,0,0,0,0,0,0,20,0,AMD2
05/17/2026,X002GRD0C3,B0G53H49BS,FBA79961,"Audio Array AI-13 2026 Edition 4-Channel Hybrid USB Summing Mixer 4 Analog+2 Digital, 48kHz/16-Bit, 2XLR Mic Inputs,TRS Stereo In, 48V Phantom, Hi-Z,2 Band EQ,Monitoring,Amp Out, USB-C Power",SELLABLE,25,0,0,0,0,0,0,0,0,0,0,0,25,0,BOM5
05/17/2026,X002GRD0C3,B0G53H49BS,FBA79961,"Audio Array AI-13 2026 Edition 4-Channel Hybrid USB Summing Mixer 4 Analog+2 Digital, 48kHz/16-Bit, 2XLR Mic Inputs,TRS Stereo In, 48V Phantom, Hi-Z,2 Band EQ,Monitoring,Amp Out, USB-C Power",SELLABLE,5,0,0,0,0,0,0,0,0,0,0,0,5,0,DEL5
05/17/2026,X002H9QFKT,B0GCP1J2HC,FBA79972,"Audio Array M8 Latest 2026 Edition 8-Channel Hybrid USB Summing Mixer (6 Analog + 2 Digital) for Recording & Live, 192kHz/24-Bit OTG, 99 DSP FX, 4 XLR Mic Inputs, Phantom Power, Hi-Z & Monitoring",SELLABLE,2,0,0,-1,0,0,0,0,0,0,0,0,1,0,BOM5
05/17/2026,X002H9QFKT,B0GCP1J2HC,FBA79972,"Audio Array M8 Latest 2026 Edition 8-Channel Hybrid USB Summing Mixer (6 Analog + 2 Digital) for Recording & Live, 192kHz/24-Bit OTG, 99 DSP FX, 4 XLR Mic Inputs, Phantom Power, Hi-Z & Monitoring",SELLABLE,0,0,0,0,0,0,1,0,0,0,0,0,1,0,CCX1
05/17/2026,X002H9QFKT,B0GCP1J2HC,FBA79972,"Audio Array M8 Latest 2026 Edition 8-Channel Hybrid USB Summing Mixer (6 Analog + 2 Digital) for Recording & Live, 192kHz/24-Bit OTG, 99 DSP FX, 4 XLR Mic Inputs, Phantom Power, Hi-Z & Monitoring",SELLABLE,1,0,0,0,0,0,0,0,0,0,0,0,1,0,HYD3
05/17/2026,X002HC9D9L,B0GD8JSPB1,FBA79974,"Audio Array 60W Bluetooth Bookshelf Speaker Pair | 1.5"" Silk Dome Tweeter, 4"" Sub Woofer | Music & Monitor Mode | Aux, HDMI, USB-C, TRS & RCA Connectivity",SELLABLE,6,0,0,0,0,0,0,0,0,0,0,0,6,0,BOM5
05/17/2026,X002HC9D9L,B0GD8JSPB1,FBA79974,"Audio Array 60W Bluetooth Bookshelf Speaker Pair | 1.5"" Silk Dome Tweeter, 4"" Sub Woofer | Music & Monitor Mode | Aux, HDMI, USB-C, TRS & RCA Connectivity",SELLABLE,1,0,0,0,0,0,0,0,0,0,0,0,1,0,CCX1
05/17/2026,X002I7N7GZ,B0GKPXQ8G3,FBA80016,"Audio Array AM-W22_V2 | Latest 2026 Edition Wireless Microphone for Camera/iPhone/Android/iPad/Laptop, Lav Mic with Charging Case, AI Noise Reduction, 50H Battery, 230ft Range, for Recording, YouTube",SELLABLE,24,0,0,-1,0,0,0,0,0,0,0,0,23,0,DEL4
05/17/2026,X002IG9GJN,B0GMPGNXX3,FBA79956,"Audio Array A3-XLR 3-Pin Male to Female XLR Cable |16 Amp High Current | Professional Audio Plug Silver Plated Contacts | Zinc Diecast Metal Body | Latch Lock Compatible with Mic, Mixer & PA Systems.",SELLABLE,15,0,0,0,0,0,0,0,0,0,0,0,15,0,AMD2
05/17/2026,X002IG9GJN,B0GMPGNXX3,FBA79956,"Audio Array A3-XLR 3-Pin Male to Female XLR Cable |16 Amp High Current | Professional Audio Plug Silver Plated Contacts | Zinc Diecast Metal Body | Latch Lock Compatible with Mic, Mixer & PA Systems.",SELLABLE,10,0,0,0,0,0,0,0,0,0,0,0,10,0,BLR8
05/17/2026,X002IG9GJN,B0GMPGNXX3,FBA79956,"Audio Array A3-XLR 3-Pin Male to Female XLR Cable |16 Amp High Current | Professional Audio Plug Silver Plated Contacts | Zinc Diecast Metal Body | Latch Lock Compatible with Mic, Mixer & PA Systems.",SELLABLE,25,0,0,0,0,0,0,0,0,0,0,0,25,0,BOM5
05/17/2026,X002IG9GJN,B0GMPGNXX3,FBA79956,"Audio Array A3-XLR 3-Pin Male to Female XLR Cable |16 Amp High Current | Professional Audio Plug Silver Plated Contacts | Zinc Diecast Metal Body | Latch Lock Compatible with Mic, Mixer & PA Systems.",SELLABLE,31,0,0,0,0,0,0,0,0,0,0,0,31,0,CCX1
05/17/2026,X002IG9GJN,B0GMPGNXX3,FBA79956,"Audio Array A3-XLR 3-Pin Male to Female XLR Cable |16 Amp High Current | Professional Audio Plug Silver Plated Contacts | Zinc Diecast Metal Body | Latch Lock Compatible with Mic, Mixer & PA Systems.",SELLABLE,21,0,0,0,0,0,0,0,0,0,0,0,21,0,CJB1
05/17/2026,X002IG9GJN,B0GMPGNXX3,FBA79956,"Audio Array A3-XLR 3-Pin Male to Female XLR Cable |16 Amp High Current | Professional Audio Plug Silver Plated Contacts | Zinc Diecast Metal Body | Latch Lock Compatible with Mic, Mixer & PA Systems.",SELLABLE,10,0,0,0,0,0,0,0,0,0,0,0,10,0,DEL4
05/17/2026,X002IG9GJN,B0GMPGNXX3,FBA79956,"Audio Array A3-XLR 3-Pin Male to Female XLR Cable |16 Amp High Current | Professional Audio Plug Silver Plated Contacts | Zinc Diecast Metal Body | Latch Lock Compatible with Mic, Mixer & PA Systems.",SELLABLE,6,0,0,0,0,0,0,0,0,0,0,0,6,0,DEL5
05/17/2026,X002IG9GJN,B0GMPGNXX3,FBA79956,"Audio Array A3-XLR 3-Pin Male to Female XLR Cable |16 Amp High Current | Professional Audio Plug Silver Plated Contacts | Zinc Diecast Metal Body | Latch Lock Compatible with Mic, Mixer & PA Systems.",SELLABLE,10,0,0,0,0,0,0,0,0,0,0,0,10,0,HYD3
05/17/2026,X002IG9GJN,B0GMPGNXX3,FBA79956,"Audio Array A3-XLR 3-Pin Male to Female XLR Cable |16 Amp High Current | Professional Audio Plug Silver Plated Contacts | Zinc Diecast Metal Body | Latch Lock Compatible with Mic, Mixer & PA Systems.",SELLABLE,9,0,0,0,0,0,0,0,0,0,0,0,9,0,MAA4
05/17/2026,X002IG9GJN,B0GMPGNXX3,FBA79956,"Audio Array A3-XLR 3-Pin Male to Female XLR Cable |16 Amp High Current | Professional Audio Plug Silver Plated Contacts | Zinc Diecast Metal Body | Latch Lock Compatible with Mic, Mixer & PA Systems.",SELLABLE,6,0,0,0,0,0,0,0,0,0,0,0,6,0,PNQ3
05/17/2026,X002IJA8JR,B0GN2LHJY4,FBA80007,"Audio Array MT-12 12 Analog+2 Digital Channel Hybrid Analog+USB Mixer, 48kHz DSP, 4 XLR & 8 TRS Inputs, 3-Band EQ, +48V Phantom, 24dBu Balanced XLR Out, Graphical EQ, Type-C Power, Studio & Streaming",SELLABLE,2,0,0,0,0,0,0,0,0,0,0,0,2,0,BLR8
05/17/2026,X002IJA8JR,B0GN2LHJY4,FBA80007,"Audio Array MT-12 12 Analog+2 Digital Channel Hybrid Analog+USB Mixer, 48kHz DSP, 4 XLR & 8 TRS Inputs, 3-Band EQ, +48V Phantom, 24dBu Balanced XLR Out, Graphical EQ, Type-C Power, Studio & Streaming",SELLABLE,1,0,0,0,0,0,0,0,0,0,0,0,1,0,BOM7
05/17/2026,X002IJA8JR,B0GN2LHJY4,FBA80007,"Audio Array MT-12 12 Analog+2 Digital Channel Hybrid Analog+USB Mixer, 48kHz DSP, 4 XLR & 8 TRS Inputs, 3-Band EQ, +48V Phantom, 24dBu Balanced XLR Out, Graphical EQ, Type-C Power, Studio & Streaming",SELLABLE,1,0,0,0,0,0,0,0,0,0,0,0,1,0,CCX1
05/17/2026,X002IJA8JR,B0GN2LHJY4,FBA80007,"Audio Array MT-12 12 Analog+2 Digital Channel Hybrid Analog+USB Mixer, 48kHz DSP, 4 XLR & 8 TRS Inputs, 3-Band EQ, +48V Phantom, 24dBu Balanced XLR Out, Graphical EQ, Type-C Power, Studio & Streaming",SELLABLE,1,0,0,0,0,0,0,0,0,0,0,0,1,0,DEL5
05/17/2026,X002IJA8JR,B0GN2LHJY4,FBA80007,"Audio Array MT-12 12 Analog+2 Digital Channel Hybrid Analog+USB Mixer, 48kHz DSP, 4 XLR & 8 TRS Inputs, 3-Band EQ, +48V Phantom, 24dBu Balanced XLR Out, Graphical EQ, Type-C Power, Studio & Streaming",SELLABLE,3,0,0,0,0,0,0,0,0,0,0,0,3,0,HYD3
05/17/2026,X002IJA8JR,B0GN2LHJY4,FBA80007,"Audio Array MT-12 12 Analog+2 Digital Channel Hybrid Analog+USB Mixer, 48kHz DSP, 4 XLR & 8 TRS Inputs, 3-Band EQ, +48V Phantom, 24dBu Balanced XLR Out, Graphical EQ, Type-C Power, Studio & Streaming",SELLABLE,2,0,0,0,0,0,0,0,0,0,0,0,2,0,LKO1
05/17/2026,X002IJA8JR,B0GN2LHJY4,FBA80007,"Audio Array MT-12 12 Analog+2 Digital Channel Hybrid Analog+USB Mixer, 48kHz DSP, 4 XLR & 8 TRS Inputs, 3-Band EQ, +48V Phantom, 24dBu Balanced XLR Out, Graphical EQ, Type-C Power, Studio & Streaming",SELLABLE,2,0,0,0,0,0,0,0,0,0,0,0,2,0,MAA4
05/17/2026,X002IKFC8X,B0GN8MPYPG,FBA79982,"Audio Array AK-61 Pro 61-Key Portable Electronic Keyboard with LCD Display, Built-in Speakers, Mic Input & Included Mics, 255 Timbres, 512 Rhythms, Battery & Adapter Powered",SELLABLE,3,0,0,0,0,0,0,0,0,0,0,0,3,0,BOM7
05/17/2026,X002IKFC8X,B0GN8MPYPG,FBA79982,"Audio Array AK-61 Pro 61-Key Portable Electronic Keyboard with LCD Display, Built-in Speakers, Mic Input & Included Mics, 255 Timbres, 512 Rhythms, Battery & Adapter Powered",SELLABLE,4,0,0,0,0,0,0,0,0,0,0,0,4,0,PNQ3
05/17/2026,X002IKH3L7,B0GN8MFDGZ,FBA79981,"Audio Array AK-61 Neo 61 Key Electronic Keyboard with LED Display, 200 Presets & 512 Timbres, Built-in 2.0 Speakers, with Mic, Vibrato, Sustain, Transpose, Battery & Adapter Powered, Headphone Out",SELLABLE,4,0,0,0,0,0,0,0,0,0,0,0,4,0,AMD2
05/17/2026,X002IKH3L7,B0GN8MFDGZ,FBA79981,"Audio Array AK-61 Neo 61 Key Electronic Keyboard with LED Display, 200 Presets & 512 Timbres, Built-in 2.0 Speakers, with Mic, Vibrato, Sustain, Transpose, Battery & Adapter Powered, Headphone Out",SELLABLE,1,0,0,0,0,0,0,0,0,0,0,0,1,0,BLR8
05/17/2026,X002IKH3L7,B0GN8MFDGZ,FBA79981,"Audio Array AK-61 Neo 61 Key Electronic Keyboard with LED Display, 200 Presets & 512 Timbres, Built-in 2.0 Speakers, with Mic, Vibrato, Sustain, Transpose, Battery & Adapter Powered, Headphone Out",SELLABLE,1,0,0,0,0,0,0,0,0,0,0,0,1,0,BOM5
05/17/2026,X002IKH3L7,B0GN8MFDGZ,FBA79981,"Audio Array AK-61 Neo 61 Key Electronic Keyboard with LED Display, 200 Presets & 512 Timbres, Built-in 2.0 Speakers, with Mic, Vibrato, Sustain, Transpose, Battery & Adapter Powered, Headphone Out",SELLABLE,6,0,0,0,0,0,0,0,0,0,0,0,6,0,BOM7
05/17/2026,X002IKH3L7,B0GN8MFDGZ,FBA79981,"Audio Array AK-61 Neo 61 Key Electronic Keyboard with LED Display, 200 Presets & 512 Timbres, Built-in 2.0 Speakers, with Mic, Vibrato, Sustain, Transpose, Battery & Adapter Powered, Headphone Out",SELLABLE,2,0,0,0,0,0,0,0,0,0,0,0,2,0,CJB1
05/17/2026,X002IKH3L7,B0GN8MFDGZ,FBA79981,"Audio Array AK-61 Neo 61 Key Electronic Keyboard with LED Display, 200 Presets & 512 Timbres, Built-in 2.0 Speakers, with Mic, Vibrato, Sustain, Transpose, Battery & Adapter Powered, Headphone Out",SELLABLE,12,0,0,0,0,0,0,0,0,0,0,0,12,0,PNQ3
05/17/2026,X002IKHNPX,B0GN8MMKY1,FBA79980,"Audio Array AK-37 White MIDI Keyboard 37 Velocity Sensitive Keys, Built-in Speakers, 200 Presets, Sustain & Touch, Tempo, Octave/Transpose/Tune, Master Volume Knob, LED Display BT AA & Type-C Power",SELLABLE,4,0,0,0,0,0,0,0,0,0,0,0,4,0,BLR8
05/17/2026,X002IKHNPX,B0GN8MMKY1,FBA79980,"Audio Array AK-37 White MIDI Keyboard 37 Velocity Sensitive Keys, Built-in Speakers, 200 Presets, Sustain & Touch, Tempo, Octave/Transpose/Tune, Master Volume Knob, LED Display BT AA & Type-C Power",SELLABLE,4,0,0,0,0,0,0,0,0,0,0,0,4,0,BOM5
05/17/2026,X002IKHNPX,B0GN8MMKY1,FBA79980,"Audio Array AK-37 White MIDI Keyboard 37 Velocity Sensitive Keys, Built-in Speakers, 200 Presets, Sustain & Touch, Tempo, Octave/Transpose/Tune, Master Volume Knob, LED Display BT AA & Type-C Power",SELLABLE,16,0,0,0,1,0,0,0,0,0,0,0,17,0,DEL4
05/17/2026,X002IKHYYX,B0GN8RQJRG,FBA79979,"Audio Array AK-37 Black MIDI Keyboard 37 Velocity Sensitive Keys, Built-in Speakers, 200 Presets, Sustain & Touch, Tempo, Octave/Transpose/Tune, Master Volume Knob, LED Display BT AA & Type-C Power",SELLABLE,2,0,0,0,0,0,0,0,0,0,0,0,2,0,BLR8
05/17/2026,X002IKHYYX,B0GN8RQJRG,FBA79979,"Audio Array AK-37 Black MIDI Keyboard 37 Velocity Sensitive Keys, Built-in Speakers, 200 Presets, Sustain & Touch, Tempo, Octave/Transpose/Tune, Master Volume Knob, LED Display BT AA & Type-C Power",SELLABLE,4,0,0,0,0,0,0,0,0,0,0,0,4,0,BOM5
05/17/2026,X002IKHYYX,B0GN8RQJRG,FBA79979,"Audio Array AK-37 Black MIDI Keyboard 37 Velocity Sensitive Keys, Built-in Speakers, 200 Presets, Sustain & Touch, Tempo, Octave/Transpose/Tune, Master Volume Knob, LED Display BT AA & Type-C Power",SELLABLE,18,0,0,0,0,0,0,0,0,0,0,0,18,0,HYD3
05/17/2026,X002ILW5BJ,B0GNM35G8X,FBA79814,AH-50 Headphone Earpads Set,SELLABLE,4,0,0,0,0,0,0,0,0,0,0,0,4,0,AMD2
05/17/2026,X002ILW5BJ,B0GNM35G8X,FBA79814,AH-50 Headphone Earpads Set,SELLABLE,4,0,0,0,0,0,0,0,0,0,0,0,4,0,BLR8
05/17/2026,X002ILW5BJ,B0GNM35G8X,FBA79814,AH-50 Headphone Earpads Set,SELLABLE,6,0,0,0,0,0,0,0,0,0,0,0,6,0,BOM5
05/17/2026,X002ILW5BJ,B0GNM35G8X,FBA79814,AH-50 Headphone Earpads Set,SELLABLE,3,0,0,0,0,0,0,0,0,0,0,0,3,0,BOM7
05/17/2026,X002ILW5BJ,B0GNM35G8X,FBA79814,AH-50 Headphone Earpads Set,SELLABLE,9,0,0,0,0,0,0,0,0,0,0,0,9,0,CCX1
05/17/2026,X002ILW5BJ,B0GNM35G8X,FBA79814,AH-50 Headphone Earpads Set,SELLABLE,4,0,0,0,0,0,0,0,0,0,0,0,4,0,CJB1
05/17/2026,X002ILW5BJ,B0GNM35G8X,FBA79814,AH-50 Headphone Earpads Set,SELLABLE,6,0,0,0,0,0,0,0,0,0,0,0,6,0,DEL4
05/17/2026,X002ILW5BJ,B0GNM35G8X,FBA79814,AH-50 Headphone Earpads Set,SELLABLE,3,0,0,0,0,0,0,0,0,0,0,0,3,0,DEL5
05/17/2026,X002ILW5BJ,B0GNM35G8X,FBA79814,AH-50 Headphone Earpads Set,SELLABLE,3,0,0,0,0,0,0,0,0,0,0,0,3,0,HYD3
05/17/2026,X002ILW5BJ,B0GNM35G8X,FBA79814,AH-50 Headphone Earpads Set,SELLABLE,6,0,0,0,0,0,0,0,0,0,0,0,6,0,MAA4
05/17/2026,X002ILW5BJ,B0GNM35G8X,FBA79814,AH-50 Headphone Earpads Set,SELLABLE,2,0,0,0,0,0,0,0,0,0,0,0,2,0,PNQ3
05/17/2026,X002JTXRM1,B0GN97RFPR,FBA79848,"Audio Array AM-S2 | 3.5"" Studio Monitor Speaker Pair | 50W RMS with Bluetooth 5.0 | Fiberglass Woofer & 1″ Silk Dome Tweeter, Class-D | TI 3116D2 Amp | TRS/RCA/AUX Inputs, Bass & Treble Control",CARRIER_DAMAGED,1,0,0,0,0,0,0,0,0,0,0,0,1,0,BOM5
05/17/2026,X002JTXRM1,B0GN97RFPR,FBA79848,"Audio Array AM-S2 | 3.5"" Studio Monitor Speaker Pair | 50W RMS with Bluetooth 5.0 | Fiberglass Woofer & 1″ Silk Dome Tweeter, Class-D | TI 3116D2 Amp | TRS/RCA/AUX Inputs, Bass & Treble Control",SELLABLE,18,0,0,-5,0,0,0,0,0,0,0,0,13,0,BOM5
05/17/2026,X002JTXRM1,B0GN97RFPR,FBA79848,"Audio Array AM-S2 | 3.5"" Studio Monitor Speaker Pair | 50W RMS with Bluetooth 5.0 | Fiberglass Woofer & 1″ Silk Dome Tweeter, Class-D | TI 3116D2 Amp | TRS/RCA/AUX Inputs, Bass & Treble Control",SELLABLE,2,0,0,-1,0,0,0,0,0,0,0,0,1,0,DEL5
05/17/2026,X002K01G09,B0GW8VBCBL,FBA79995,"Audio Array Dynamic XLR to TRS Microphone | 24Bit/48kHz | Cardioid Pickup | Metal Body & 14mm Diaphragm 3M Cable | for Podcast, Streaming, Vocal Recording & Studio Use | AM-C50",SELLABLE,1,0,0,0,0,0,0,0,0,0,0,0,1,0,AMD2
05/17/2026,X002K01G09,B0GW8VBCBL,FBA79995,"Audio Array Dynamic XLR to TRS Microphone | 24Bit/48kHz | Cardioid Pickup | Metal Body & 14mm Diaphragm 3M Cable | for Podcast, Streaming, Vocal Recording & Studio Use | AM-C50",SELLABLE,11,0,0,0,0,0,0,0,0,0,0,0,11,0,BOM5
05/17/2026,X002K01G09,B0GW8VBCBL,FBA79995,"Audio Array Dynamic XLR to TRS Microphone | 24Bit/48kHz | Cardioid Pickup | Metal Body & 14mm Diaphragm 3M Cable | for Podcast, Streaming, Vocal Recording & Studio Use | AM-C50",SELLABLE,1,0,0,0,0,0,0,0,0,0,0,0,1,0,BOM7
05/17/2026,X002K01G09,B0GW8VBCBL,FBA79995,"Audio Array Dynamic XLR to TRS Microphone | 24Bit/48kHz | Cardioid Pickup | Metal Body & 14mm Diaphragm 3M Cable | for Podcast, Streaming, Vocal Recording & Studio Use | AM-C50",SELLABLE,0,0,0,0,0,0,2,0,0,0,0,0,2,0,CCX1
05/17/2026,X002K01G09,B0GW8VBCBL,FBA79995,"Audio Array Dynamic XLR to TRS Microphone | 24Bit/48kHz | Cardioid Pickup | Metal Body & 14mm Diaphragm 3M Cable | for Podcast, Streaming, Vocal Recording & Studio Use | AM-C50",SELLABLE,1,0,0,0,0,0,0,0,0,0,0,0,1,0,CJB1
05/17/2026,X002K01G09,B0GW8VBCBL,FBA79995,"Audio Array Dynamic XLR to TRS Microphone | 24Bit/48kHz | Cardioid Pickup | Metal Body & 14mm Diaphragm 3M Cable | for Podcast, Streaming, Vocal Recording & Studio Use | AM-C50",SELLABLE,3,0,0,0,0,0,0,0,0,0,0,0,3,0,DEL4
05/17/2026,X002K01G09,B0GW8VBCBL,FBA79995,"Audio Array Dynamic XLR to TRS Microphone | 24Bit/48kHz | Cardioid Pickup | Metal Body & 14mm Diaphragm 3M Cable | for Podcast, Streaming, Vocal Recording & Studio Use | AM-C50",SELLABLE,4,0,0,0,0,0,0,0,0,0,0,0,4,0,DEL5
05/17/2026,X002K01G09,B0GW8VBCBL,FBA79995,"Audio Array Dynamic XLR to TRS Microphone | 24Bit/48kHz | Cardioid Pickup | Metal Body & 14mm Diaphragm 3M Cable | for Podcast, Streaming, Vocal Recording & Studio Use | AM-C50",SELLABLE,3,0,0,0,0,0,0,0,0,0,0,0,3,0,HYD3
05/17/2026,X002K01G09,B0GW8VBCBL,FBA79995,"Audio Array Dynamic XLR to TRS Microphone | 24Bit/48kHz | Cardioid Pickup | Metal Body & 14mm Diaphragm 3M Cable | for Podcast, Streaming, Vocal Recording & Studio Use | AM-C50",SELLABLE,2,0,0,0,0,0,0,0,0,0,0,0,2,0,MAA4
05/17/2026,X002K01G09,B0GW8VBCBL,FBA79995,"Audio Array Dynamic XLR to TRS Microphone | 24Bit/48kHz | Cardioid Pickup | Metal Body & 14mm Diaphragm 3M Cable | for Podcast, Streaming, Vocal Recording & Studio Use | AM-C50",SELLABLE,2,0,0,0,0,0,0,0,0,0,0,0,2,0,PNQ3
05/17/2026,X002K02TZF,B0GW8XGPB2,FBA80000,Audio Array Professional UHF Interview Microphone System | 100M Range | 6-8H Battery | 630-690MHz | Unidirectional Mic | 126dB SPL | for Stage & Karaoke | DP-718H,SELLABLE,1,0,0,0,0,0,0,0,0,0,0,0,1,0,BOM5
05/17/2026,X002K02U1N,B0GW8ZQRFK,FBA80010,"Audio Array Premium Dynamic XLR to TRS Microphone | 24Bit/48kHz | Cardioid Pattern | Metal Body & 14mm Diaphragm 3M Cable | for Podcast, Streaming, Studio Recording & Gaming | AM-C52",SELLABLE,10,0,0,0,0,0,0,0,0,0,0,0,10,0,BOM5
05/17/2026,X002K02U1N,B0GW8ZQRFK,FBA80010,"Audio Array Premium Dynamic XLR to TRS Microphone | 24Bit/48kHz | Cardioid Pattern | Metal Body & 14mm Diaphragm 3M Cable | for Podcast, Streaming, Studio Recording & Gaming | AM-C52",SELLABLE,0,0,0,0,0,0,1,0,0,0,0,0,1,0,CCX1
05/17/2026,X002K02U1N,B0GW8ZQRFK,FBA80010,"Audio Array Premium Dynamic XLR to TRS Microphone | 24Bit/48kHz | Cardioid Pattern | Metal Body & 14mm Diaphragm 3M Cable | for Podcast, Streaming, Studio Recording & Gaming | AM-C52",SELLABLE,1,0,0,0,0,0,0,0,0,0,0,0,1,0,DEL4
05/17/2026,X002K02U1N,B0GW8ZQRFK,FBA80010,"Audio Array Premium Dynamic XLR to TRS Microphone | 24Bit/48kHz | Cardioid Pattern | Metal Body & 14mm Diaphragm 3M Cable | for Podcast, Streaming, Studio Recording & Gaming | AM-C52",SELLABLE,1,0,0,0,0,0,0,0,0,0,0,0,1,0,DEL5
05/17/2026,X002K02U1N,B0GW8ZQRFK,FBA80010,"Audio Array Premium Dynamic XLR to TRS Microphone | 24Bit/48kHz | Cardioid Pattern | Metal Body & 14mm Diaphragm 3M Cable | for Podcast, Streaming, Studio Recording & Gaming | AM-C52",SELLABLE,1,0,0,0,0,0,0,0,0,0,0,0,1,0,MAA4
05/17/2026,X002K02U1N,B0GW8ZQRFK,FBA80010,"Audio Array Premium Dynamic XLR to TRS Microphone | 24Bit/48kHz | Cardioid Pattern | Metal Body & 14mm Diaphragm 3M Cable | for Podcast, Streaming, Studio Recording & Gaming | AM-C52",SELLABLE,1,0,0,0,0,0,0,0,0,0,0,0,1,0,PNQ3
05/17/2026,X002K02U45,B0GW96SHSK,FBA80002,Audio Array Solo UHF Wireless Microphone System | With Brief Case | 24Bit/48kHz Audio | Dual Channel Dynamic Mics | 50m Range | Cardioid Pickup | DSP Frequency Lock | Rechargeable Battery | AM-W33 Pro,SELLABLE,2,0,0,0,0,0,0,0,0,0,0,0,2,0,BOM5
05/17/2026,X002K02U45,B0GW96SHSK,FBA80002,Audio Array Solo UHF Wireless Microphone System | With Brief Case | 24Bit/48kHz Audio | Dual Channel Dynamic Mics | 50m Range | Cardioid Pickup | DSP Frequency Lock | Rechargeable Battery | AM-W33 Pro,SELLABLE,2,0,0,0,0,0,0,0,0,0,0,0,2,0,HYD8
05/17/2026,X002K02U59,B0GW8Z556N,FBA79996,"Audio Array Dynamic XLR to TRS Microphone | 24Bit/48kHz | Cardioid Pickup | Metal Body & 14mm Diaphragm 3M Cable | for Podcast, Streaming, Vocal Recording & Studio Use | AM-C49",SELLABLE,1,0,0,0,0,0,0,0,0,0,0,0,1,0,AMD2
05/17/2026,X002K02U59,B0GW8Z556N,FBA79996,"Audio Array Dynamic XLR to TRS Microphone | 24Bit/48kHz | Cardioid Pickup | Metal Body & 14mm Diaphragm 3M Cable | for Podcast, Streaming, Vocal Recording & Studio Use | AM-C49",SELLABLE,11,0,0,0,0,0,0,0,0,0,0,0,11,0,BOM5
05/17/2026,X002K02U59,B0GW8Z556N,FBA79996,"Audio Array Dynamic XLR to TRS Microphone | 24Bit/48kHz | Cardioid Pickup | Metal Body & 14mm Diaphragm 3M Cable | for Podcast, Streaming, Vocal Recording & Studio Use | AM-C49",SELLABLE,1,0,0,0,0,0,0,0,0,0,0,0,1,0,BOM7
05/17/2026,X002K02U59,B0GW8Z556N,FBA79996,"Audio Array Dynamic XLR to TRS Microphone | 24Bit/48kHz | Cardioid Pickup | Metal Body & 14mm Diaphragm 3M Cable | for Podcast, Streaming, Vocal Recording & Studio Use | AM-C49",SELLABLE,0,0,0,0,0,0,2,0,0,0,0,0,2,0,CCX1
05/17/2026,X002K02U59,B0GW8Z556N,FBA79996,"Audio Array Dynamic XLR to TRS Microphone | 24Bit/48kHz | Cardioid Pickup | Metal Body & 14mm Diaphragm 3M Cable | for Podcast, Streaming, Vocal Recording & Studio Use | AM-C49",SELLABLE,1,0,0,0,0,0,0,0,0,0,0,0,1,0,CJB1
05/17/2026,X002K02U59,B0GW8Z556N,FBA79996,"Audio Array Dynamic XLR to TRS Microphone | 24Bit/48kHz | Cardioid Pickup | Metal Body & 14mm Diaphragm 3M Cable | for Podcast, Streaming, Vocal Recording & Studio Use | AM-C49",SELLABLE,3,0,0,0,0,0,0,0,0,0,0,0,3,0,DEL4
05/17/2026,X002K02U59,B0GW8Z556N,FBA79996,"Audio Array Dynamic XLR to TRS Microphone | 24Bit/48kHz | Cardioid Pickup | Metal Body & 14mm Diaphragm 3M Cable | for Podcast, Streaming, Vocal Recording & Studio Use | AM-C49",SELLABLE,4,0,0,0,0,0,0,0,0,0,0,0,4,0,DEL5
05/17/2026,X002K02U59,B0GW8Z556N,FBA79996,"Audio Array Dynamic XLR to TRS Microphone | 24Bit/48kHz | Cardioid Pickup | Metal Body & 14mm Diaphragm 3M Cable | for Podcast, Streaming, Vocal Recording & Studio Use | AM-C49",SELLABLE,3,0,0,0,0,0,0,0,0,0,0,0,3,0,HYD3
05/17/2026,X002K02U59,B0GW8Z556N,FBA79996,"Audio Array Dynamic XLR to TRS Microphone | 24Bit/48kHz | Cardioid Pickup | Metal Body & 14mm Diaphragm 3M Cable | for Podcast, Streaming, Vocal Recording & Studio Use | AM-C49",SELLABLE,2,0,0,0,0,0,0,0,0,0,0,0,2,0,MAA4
05/17/2026,X002K02U59,B0GW8Z556N,FBA79996,"Audio Array Dynamic XLR to TRS Microphone | 24Bit/48kHz | Cardioid Pickup | Metal Body & 14mm Diaphragm 3M Cable | for Podcast, Streaming, Vocal Recording & Studio Use | AM-C49",SELLABLE,2,0,0,0,0,0,0,0,0,0,0,0,2,0,PNQ3
05/17/2026,X002K02U9P,B0GW92TQGV,FBA80001,Audio Array Professional UHF Interview Microphone System | Type-C Receiver for Mobile Recording & 6.35mm| 100M Range | 6-8H Battery | 630-690MHz | Unidirectional Mic | 126dB SPL | USB718,SELLABLE,1,0,0,0,0,0,0,0,0,0,0,0,1,0,BOM5
05/17/2026,X002K058KD,B0GW8YC59C,FBA79998,Audio Array Single Wireless Mic Transceiver | UHF Wireless Audio System | 24Bit/48kHz Audio | Dual Channel | 16 Frequency Channels | 30-50m Range | DSP Frequency Locking | 6-8H Battery Life |W5,SELLABLE,1,0,0,0,0,0,0,0,0,0,0,0,1,0,BOM5
05/17/2026,X002K05HGX,B0GW8R2RYM,FBA80009,"Audio Array Premium Dynamic XLR to TRS Microphone | 24Bit/48kHz | Cardioid Pattern | Metal Body & 14mm Diaphragm 3M Cable | for Podcast, Streaming, Studio Recording & Gaming | AM-C51",SELLABLE,10,0,0,0,0,0,0,0,0,0,0,0,10,0,BOM5
05/17/2026,X002K05HGX,B0GW8R2RYM,FBA80009,"Audio Array Premium Dynamic XLR to TRS Microphone | 24Bit/48kHz | Cardioid Pattern | Metal Body & 14mm Diaphragm 3M Cable | for Podcast, Streaming, Studio Recording & Gaming | AM-C51",SELLABLE,5,0,0,0,0,0,0,0,0,0,0,0,5,0,DEL5
05/17/2026,X002K06PWX,B0GW9461N5,FBA79997,Audio Array Dual Wireless Mic Transceiver | UHF Wireless Audio System | 24Bit/48kHz Audio | Dual Channel | 16 Frequency Channels | 30-50m Range | DSP Frequency Locking | 6-8H Battery Life |W3,SELLABLE,1,0,0,0,0,0,0,0,0,0,0,0,1,0,BOM5
05/17/2026,X002K06XAR,B0GW92TTMS,FBA80003,Audio Array Dual UHF Wireless Microphone System | With Brief Case | 24Bit/48kHz Audio | Dual Channel Dynamic Mics | 50m Range | Cardioid Pickup | DSP Frequency Lock | Rechargeable Battery | AM-W32 Pro,SELLABLE,2,0,0,0,0,0,0,0,0,0,0,0,2,0,BOM5
05/17/2026,X002K06XAR,B0GW92TTMS,FBA80003,Audio Array Dual UHF Wireless Microphone System | With Brief Case | 24Bit/48kHz Audio | Dual Channel Dynamic Mics | 50m Range | Cardioid Pickup | DSP Frequency Lock | Rechargeable Battery | AM-W32 Pro,SELLABLE,2,0,0,0,0,0,0,0,0,0,0,0,2,0,HYD8
05/17/2026,X002K06XBV,B0GW96CQMG,FBA80005,Audio Array Quad UHF Microphone System | Unidirectional Mic | 50-100M Range | 6-8H Battery Life | 630-690MHz | 50Hz-16kHz Response | 126dB SPL | for Karaoke & Stage Use | T-835,SELLABLE,1,0,0,0,0,0,0,0,0,0,0,0,1,0,BOM5
05/17/2026,X002K06XBV,B0GW96CQMG,FBA80005,Audio Array Quad UHF Microphone System | Unidirectional Mic | 50-100M Range | 6-8H Battery Life | 630-690MHz | 50Hz-16kHz Response | 126dB SPL | for Karaoke & Stage Use | T-835,SELLABLE,1,0,0,0,0,0,0,0,0,0,0,0,1,0,HYD3
05/17/2026,X002K07CMP,B0GW92TVVC,FBA79999,Audio Array Wireless IEM Audio System | 24Bit/48kHz Audio | 108dB Dynamic Range | Stereo/Mono Input | 20-30m Range | OTG Output | 8H Battery | for Recording & Streaming | JTG800,SELLABLE,1,0,0,0,0,0,0,0,0,0,0,0,1,0,BOM5
05/17/2026,X002K07CMP,B0GW92TVVC,FBA79999,Audio Array Wireless IEM Audio System | 24Bit/48kHz Audio | 108dB Dynamic Range | Stereo/Mono Input | 20-30m Range | OTG Output | 8H Battery | for Recording & Streaming | JTG800,SELLABLE,1,0,0,0,0,0,0,0,0,0,0,0,1,0,DEL5
05/17/2026,X002K07EHD,B0GW92316G,FBA80004,Audio Array UHF Microphone System | Anti-Feedback Technology | 100-150M Range | 6-8H Battery Life | 630-690MHz | 126dB SPL | for Stage & Karaoke | AM-W36 Pro,SELLABLE,2,0,0,0,0,0,0,0,0,0,0,0,2,0,BOM5
05/17/2026,X002K07EHD,B0GW92316G,FBA80004,Audio Array UHF Microphone System | Anti-Feedback Technology | 100-150M Range | 6-8H Battery Life | 630-690MHz | 126dB SPL | for Stage & Karaoke | AM-W36 Pro,SELLABLE,2,0,0,0,0,0,0,0,0,0,0,0,2,0,DEL5
05/17/2026,X002KGA23Z,B0GXP7LJ75,FBA79975,Audio Array Guitar Transceiver | 2.4GHz Wireless Audio System | 24Bit/48kHz Audio | 37 Channels | 30-50m Range | Low Latency | 6-8H Battery | for Recording & Streaming | AE831,SELLABLE,1,0,0,0,0,0,0,0,0,0,0,0,1,0,BOM5
05/17/2026,X002KGCK5N,B0GXP97CZG,FBA80084,Audio Array BE-4 4 Channel Mixer With OTG,SELLABLE,5,0,0,0,0,0,0,0,0,0,0,0,5,0,BOM5
05/17/2026,X002KGCK5N,B0GXP97CZG,FBA80084,Audio Array BE-4 4 Channel Mixer With OTG,SELLABLE,10,0,0,0,0,0,0,0,0,0,0,0,10,0,DEL5
05/17/2026,X002KGF7E9,B0GXPBHDRF,FBA80085,Audio Array M6 6 Channel Mixer,SELLABLE,5,0,0,0,0,0,0,0,0,0,0,0,5,0,BOM5
05/17/2026,X002KGF7E9,B0GXPBHDRF,FBA80085,Audio Array M6 6 Channel Mixer,SELLABLE,5,0,0,0,0,0,0,0,0,0,0,0,5,0,DEL5
05/17/2026,X002KGF7E9,B0GXPBHDRF,FBA80085,Audio Array M6 6 Channel Mixer,SELLABLE,5,0,0,0,0,0,0,0,0,0,0,0,5,0,HYD8
